ISO-10303-21;
HEADER;
FILE_DESCRIPTION(('Open CASCADE Model'),'2;1');
FILE_NAME('Open CASCADE Shape Model','2026-09-06T19:37:45',('Author'),(
    'Open CASCADE'),'Open CASCADE STEP processor 7.9','Open CASCADE 7.9'
  ,'Unknown');
FILE_SCHEMA(('AUTOMOTIVE_DESIGN { 1 0 10303 214 1 1 1 1 }'));
ENDSEC;
DATA;
#1 = APPLICATION_PROTOCOL_DEFINITION('international standard',
  'automotive_design',2000,#2);
#2 = APPLICATION_CONTEXT(
  'core data for automotive mechanical design processes');
#3 = SHAPE_DEFINITION_REPRESENTATION(#4,#10);
#4 = PRODUCT_DEFINITION_SHAPE('','',#5);
#5 = PRODUCT_DEFINITION('design','',#6,#9);
#6 = PRODUCT_DEFINITION_FORMATION('','',#7);
#7 = PRODUCT('Open CASCADE STEP translator 7.9 1',
  'Open CASCADE STEP translator 7.9 1','',(#8));
#8 = PRODUCT_CONTEXT('',#2,'mechanical');
#9 = PRODUCT_DEFINITION_CONTEXT('part definition',#2,'design');
#10 = ADVANCED_BREP_SHAPE_REPRESENTATION('',(#11,#15),#5219);
#11 = AXIS2_PLACEMENT_3D('',#12,#13,#14);
#12 = CARTESIAN_POINT('',(0.,0.,0.));
#13 = DIRECTION('',(0.,0.,1.));
#14 = DIRECTION('',(1.,0.,-0.));
#15 = MANIFOLD_SOLID_BREP('',#16);
#16 = CLOSED_SHELL('',(#17,#137,#223,#309,#390,#741,#810,#919,#1000,
    #1086,#1142,#1194,#1251,#1308,#1365,#1422,#1479,#1536,#1593,#1650,
    #1707,#1764,#1816,#1868,#1915,#1984,#2038,#2114,#2190,#2266,#2342,
    #2423,#2504,#2585,#2666,#2747,#2833,#2914,#2995,#3076,#3157,#3238,
    #3309,#3567,#3643,#3719,#3800,#3869,#3938,#3965,#3992,#4041,#4088,
    #4142,#4213,#4220,#4247,#4274,#4281,#4308,#4357,#4406,#4433,#4460,
    #4487,#4514,#4541,#4568,#4595,#4622,#4649,#4676,#4703,#4729,#4756,
    #4803,#4830,#4837,#4864,#4892,#4919,#4944,#4973,#5002,#5029,#5056,
    #5083,#5110,#5117,#5144,#5171,#5198,#5205,#5212));
#17 = ADVANCED_FACE('',(#18),#32,.T.);
#18 = FACE_BOUND('',#19,.T.);
#19 = EDGE_LOOP('',(#20,#55,#83,#111));
#20 = ORIENTED_EDGE('',*,*,#21,.T.);
#21 = EDGE_CURVE('',#22,#24,#26,.T.);
#22 = VERTEX_POINT('',#23);
#23 = CARTESIAN_POINT('',(3.E-02,-0.72,2.802593785241));
#24 = VERTEX_POINT('',#25);
#25 = CARTESIAN_POINT('',(-1.15438107901,-0.72,2.600164726323));
#26 = SURFACE_CURVE('',#27,(#31,#43),.PCURVE_S1.);
#27 = LINE('',#28,#29);
#28 = CARTESIAN_POINT('',(3.E-02,-0.72,2.802593785241));
#29 = VECTOR('',#30,1.);
#30 = DIRECTION('',(-0.985706358659,0.,-0.168472474011));
#31 = PCURVE('',#32,#37);
#32 = PLANE('',#33);
#33 = AXIS2_PLACEMENT_3D('',#34,#35,#36);
#34 = CARTESIAN_POINT('',(-0.639410074639,-0.972558294808,2.494672162422
    ));
#35 = DIRECTION('',(-0.134438827006,-0.602674796178,0.786580759901));
#36 = DIRECTION('',(-4.849456254806E-18,0.793786840263,0.608196063967));
#37 = DEFINITIONAL_REPRESENTATION('',(#38),#42);
#38 = LINE('',#39,#40);
#39 = CARTESIAN_POINT('',(0.387754169827,-0.675542722472));
#40 = VECTOR('',#41,1.);
#41 = DIRECTION('',(-0.10246429558,0.994736682812));
#42 = ( GEOMETRIC_REPRESENTATION_CONTEXT(2) 
PARAMETRIC_REPRESENTATION_CONTEXT() REPRESENTATION_CONTEXT('2D SPACE',''
  ) );
#43 = PCURVE('',#44,#49);
#44 = PLANE('',#45);
#45 = AXIS2_PLACEMENT_3D('',#46,#47,#48);
#46 = CARTESIAN_POINT('',(-0.422562479386,-0.465467167761,2.832878708709
    ));
#47 = DIRECTION('',(-0.155504155159,-0.384742114695,0.909830733108));
#48 = DIRECTION('',(8.340380736058E-18,0.921034903364,0.389480046709));
#49 = DEFINITIONAL_REPRESENTATION('',(#50),#54);
#50 = LINE('',#51,#52);
#51 = CARTESIAN_POINT('',(-0.246228995951,-0.458135589731));
#52 = VECTOR('',#53,1.);
#53 = DIRECTION('',(-6.561666704705E-02,0.997844904284));
#54 = ( GEOMETRIC_REPRESENTATION_CONTEXT(2) 
PARAMETRIC_REPRESENTATION_CONTEXT() REPRESENTATION_CONTEXT('2D SPACE',''
  ) );
#55 = ORIENTED_EDGE('',*,*,#56,.T.);
#56 = EDGE_CURVE('',#24,#57,#59,.T.);
#57 = VERTEX_POINT('',#58);
#58 = CARTESIAN_POINT('',(-0.906972203209,-1.48,2.0601420005));
#59 = SURFACE_CURVE('',#60,(#64,#71),.PCURVE_S1.);
#60 = LINE('',#61,#62);
#61 = CARTESIAN_POINT('',(-1.15438107901,-0.72,2.600164726323));
#62 = VECTOR('',#63,1.);
#63 = DIRECTION('',(0.256490978286,-0.787898748039,-0.559846354722));
#64 = PCURVE('',#32,#65);
#65 = DEFINITIONAL_REPRESENTATION('',(#66),#70);
#66 = LINE('',#67,#68);
#67 = CARTESIAN_POINT('',(0.26463761296,0.519688793861));
#68 = VECTOR('',#69,1.);
#69 = DIRECTION('',(-0.965920007022,-0.258840761927));
#70 = ( GEOMETRIC_REPRESENTATION_CONTEXT(2) 
PARAMETRIC_REPRESENTATION_CONTEXT() REPRESENTATION_CONTEXT('2D SPACE',''
  ) );
#71 = PCURVE('',#72,#77);
#72 = PLANE('',#73);
#73 = AXIS2_PLACEMENT_3D('',#74,#75,#76);
#74 = CARTESIAN_POINT('',(-1.290418749735,-1.209426645028,2.096337572109
    ));
#75 = DIRECTION('',(-0.36830411916,-0.615194705629,0.697056346342));
#76 = DIRECTION('',(1.57690978406E-18,0.749760481665,0.661709316946));
#77 = DEFINITIONAL_REPRESENTATION('',(#78),#82);
#78 = LINE('',#79,#80);
#79 = CARTESIAN_POINT('',(0.70033987919,-0.146323421432));
#80 = VECTOR('',#81,1.);
#81 = DIRECTION('',(-0.961190893811,-0.275884152597));
#82 = ( GEOMETRIC_REPRESENTATION_CONTEXT(2) 
PARAMETRIC_REPRESENTATION_CONTEXT() REPRESENTATION_CONTEXT('2D SPACE',''
  ) );
#83 = ORIENTED_EDGE('',*,*,#84,.T.);
#84 = EDGE_CURVE('',#57,#85,#87,.T.);
#85 = VERTEX_POINT('',#86);
#86 = CARTESIAN_POINT('',(3.E-02,-1.48,2.22028505301));
#87 = SURFACE_CURVE('',#88,(#92,#99),.PCURVE_S1.);
#88 = LINE('',#89,#90);
#89 = CARTESIAN_POINT('',(-0.906972203209,-1.48,2.0601420005));
#90 = VECTOR('',#91,1.);
#91 = DIRECTION('',(0.985706358659,0.,0.168472474011));
#92 = PCURVE('',#32,#93);
#93 = DEFINITIONAL_REPRESENTATION('',(#94),#98);
#94 = LINE('',#95,#96);
#95 = CARTESIAN_POINT('',(-0.667080081938,0.270013338031));
#96 = VECTOR('',#97,1.);
#97 = DIRECTION('',(0.10246429558,-0.994736682812));
#98 = ( GEOMETRIC_REPRESENTATION_CONTEXT(2) 
PARAMETRIC_REPRESENTATION_CONTEXT() REPRESENTATION_CONTEXT('2D SPACE',''
  ) );
#99 = PCURVE('',#100,#105);
#100 = PLANE('',#101);
#101 = AXIS2_PLACEMENT_3D('',#102,#103,#104);
#102 = CARTESIAN_POINT('',(-0.462603947773,-1.692408866209,
    1.838006057065));
#103 = DIRECTION('',(-9.870077699535E-02,-0.810414451979,0.577482963077)
  );
#104 = DIRECTION('',(-6.928222524787E-19,-0.580316557583,-0.814390995159
    ));
#105 = DEFINITIONAL_REPRESENTATION('',(#106),#110);
#106 = LINE('',#107,#108);
#107 = CARTESIAN_POINT('',(-0.304169894072,-0.446548682439));
#108 = VECTOR('',#109,1.);
#109 = DIRECTION('',(-0.137202465767,0.990543024501));
#110 = ( GEOMETRIC_REPRESENTATION_CONTEXT(2) 
PARAMETRIC_REPRESENTATION_CONTEXT() REPRESENTATION_CONTEXT('2D SPACE',''
  ) );
#111 = ORIENTED_EDGE('',*,*,#112,.T.);
#112 = EDGE_CURVE('',#85,#22,#113,.T.);
#113 = SURFACE_CURVE('',#114,(#118,#125),.PCURVE_S1.);
#114 = LINE('',#115,#116);
#115 = CARTESIAN_POINT('',(3.E-02,-1.48,2.22028505301));
#116 = VECTOR('',#117,1.);
#117 = DIRECTION('',(3.986054561574E-17,0.793786840263,0.608196063967));
#118 = PCURVE('',#32,#119);
#119 = DEFINITIONAL_REPRESENTATION('',(#120),#124);
#120 = LINE('',#121,#122);
#121 = CARTESIAN_POINT('',(-0.56968170773,-0.675542722472));
#122 = VECTOR('',#123,1.);
#123 = DIRECTION('',(1.,-5.40166929122E-17));
#124 = ( GEOMETRIC_REPRESENTATION_CONTEXT(2) 
PARAMETRIC_REPRESENTATION_CONTEXT() REPRESENTATION_CONTEXT('2D SPACE',''
  ) );
#125 = PCURVE('',#126,#131);
#126 = PLANE('',#127);
#127 = AXIS2_PLACEMENT_3D('',#128,#129,#130);
#128 = CARTESIAN_POINT('',(0.468760096228,-0.97378139073,2.539512377162)
  );
#129 = DIRECTION('',(0.12322564081,-0.6035608062,0.787737135513));
#130 = DIRECTION('',(4.655111584087E-19,0.793786840263,0.608196063967));
#131 = DEFINITIONAL_REPRESENTATION('',(#132),#136);
#132 = LINE('',#133,#134);
#133 = CARTESIAN_POINT('',(-0.595982472395,0.442129708905));
#134 = VECTOR('',#135,1.);
#135 = DIRECTION('',(1.,-5.090694697465E-17));
#136 = ( GEOMETRIC_REPRESENTATION_CONTEXT(2) 
PARAMETRIC_REPRESENTATION_CONTEXT() REPRESENTATION_CONTEXT('2D SPACE',''
  ) );
#137 = ADVANCED_FACE('',(#138),#126,.T.);
#138 = FACE_BOUND('',#139,.T.);
#139 = EDGE_LOOP('',(#140,#168,#169,#197));
#140 = ORIENTED_EDGE('',*,*,#141,.T.);
#141 = EDGE_CURVE('',#142,#22,#144,.T.);
#142 = VERTEX_POINT('',#143);
#143 = CARTESIAN_POINT('',(1.221715578038,-0.72,2.616173837333));
#144 = SURFACE_CURVE('',#145,(#149,#156),.PCURVE_S1.);
#145 = LINE('',#146,#147);
#146 = CARTESIAN_POINT('',(1.221715578038,-0.72,2.616173837333));
#147 = VECTOR('',#148,1.);
#148 = DIRECTION('',(-0.987984908839,0.,0.154550379833));
#149 = PCURVE('',#126,#150);
#150 = DEFINITIONAL_REPRESENTATION('',(#151),#155);
#151 = LINE('',#152,#153);
#152 = CARTESIAN_POINT('',(0.2480735266,-0.758738068601));
#153 = VECTOR('',#154,1.);
#154 = DIRECTION('',(9.399693269934E-02,0.995572486885));
#155 = ( GEOMETRIC_REPRESENTATION_CONTEXT(2) 
PARAMETRIC_REPRESENTATION_CONTEXT() REPRESENTATION_CONTEXT('2D SPACE',''
  ) );
#156 = PCURVE('',#157,#162);
#157 = PLANE('',#158);
#158 = AXIS2_PLACEMENT_3D('',#159,#160,#161);
#159 = CARTESIAN_POINT('',(0.485559342526,-0.465791234716,2.838828500458
    ));
#160 = DIRECTION('',(0.142604882481,-0.385499442403,0.911621647066));
#161 = DIRECTION('',(4.52833331181E-18,0.921034903364,0.389480046709));
#162 = DEFINITIONAL_REPRESENTATION('',(#163),#167);
#163 = LINE('',#164,#165);
#164 = CARTESIAN_POINT('',(-0.320854694162,-0.743757664616));
#165 = VECTOR('',#166,1.);
#166 = DIRECTION('',(6.019428915642E-02,0.998186679711));
#167 = ( GEOMETRIC_REPRESENTATION_CONTEXT(2) 
PARAMETRIC_REPRESENTATION_CONTEXT() REPRESENTATION_CONTEXT('2D SPACE',''
  ) );
#168 = ORIENTED_EDGE('',*,*,#112,.F.);
#169 = ORIENTED_EDGE('',*,*,#170,.T.);
#170 = EDGE_CURVE('',#85,#171,#173,.T.);
#171 = VERTEX_POINT('',#172);
#172 = CARTESIAN_POINT('',(0.972774576985,-1.48,2.072806920837));
#173 = SURFACE_CURVE('',#174,(#178,#185),.PCURVE_S1.);
#174 = LINE('',#175,#176);
#175 = CARTESIAN_POINT('',(3.E-02,-1.48,2.22028505301));
#176 = VECTOR('',#177,1.);
#177 = DIRECTION('',(0.987984908839,0.,-0.154550379833));
#178 = PCURVE('',#126,#179);
#179 = DEFINITIONAL_REPRESENTATION('',(#180),#184);
#180 = LINE('',#181,#182);
#181 = CARTESIAN_POINT('',(-0.595982472395,0.442129708905));
#182 = VECTOR('',#183,1.);
#183 = DIRECTION('',(-9.399693269933E-02,-0.995572486885));
#184 = ( GEOMETRIC_REPRESENTATION_CONTEXT(2) 
PARAMETRIC_REPRESENTATION_CONTEXT() REPRESENTATION_CONTEXT('2D SPACE',''
  ) );
#185 = PCURVE('',#186,#191);
#186 = PLANE('',#187);
#187 = AXIS2_PLACEMENT_3D('',#188,#189,#190);
#188 = CARTESIAN_POINT('',(0.52624702194,-1.692173859593,1.844901622907)
  );
#189 = DIRECTION('',(9.040711145915E-02,-0.811055976197,0.577940098689)
  );
#190 = DIRECTION('',(5.115237201757E-18,-0.580316557583,-0.814390995159)
  );
#191 = DEFINITIONAL_REPRESENTATION('',(#192),#196);
#192 = LINE('',#193,#194);
#193 = CARTESIAN_POINT('',(-0.428836889016,-0.498287563255));
#194 = VECTOR('',#195,1.);
#195 = DIRECTION('',(0.125864437635,0.992047450145));
#196 = ( GEOMETRIC_REPRESENTATION_CONTEXT(2) 
PARAMETRIC_REPRESENTATION_CONTEXT() REPRESENTATION_CONTEXT('2D SPACE',''
  ) );
#197 = ORIENTED_EDGE('',*,*,#198,.T.);
#198 = EDGE_CURVE('',#171,#142,#199,.T.);
#199 = SURFACE_CURVE('',#200,(#204,#211),.PCURVE_S1.);
#200 = LINE('',#201,#202);
#201 = CARTESIAN_POINT('',(0.972774576985,-1.48,2.072806920837));
#202 = VECTOR('',#203,1.);
#203 = DIRECTION('',(0.257473545413,0.786049279493,0.561991017384));
#204 = PCURVE('',#126,#205);
#205 = DEFINITIONAL_REPRESENTATION('',(#206),#210);
#206 = LINE('',#207,#208);
#207 = CARTESIAN_POINT('',(-0.685678091903,-0.507885237461));
#208 = VECTOR('',#209,1.);
#209 = DIRECTION('',(0.965756298618,-0.25945090418));
#210 = ( GEOMETRIC_REPRESENTATION_CONTEXT(2) 
PARAMETRIC_REPRESENTATION_CONTEXT() REPRESENTATION_CONTEXT('2D SPACE',''
  ) );
#211 = PCURVE('',#212,#217);
#212 = PLANE('',#213);
#213 = AXIS2_PLACEMENT_3D('',#214,#215,#216);
#214 = CARTESIAN_POINT('',(1.344159026582,-1.207814887925,2.096920430657
    ));
#215 = DIRECTION('',(0.407437269464,-0.615684046446,0.674483525673));
#216 = DIRECTION('',(1.468423286947E-17,0.738566587539,0.674180536481));
#217 = DEFINITIONAL_REPRESENTATION('',(#218),#222);
#218 = LINE('',#219,#220);
#219 = CARTESIAN_POINT('',(-0.21728368839,0.406669896542));
#220 = VECTOR('',#221,1.);
#221 = DIRECTION('',(0.959433139591,-0.281936252821));
#222 = ( GEOMETRIC_REPRESENTATION_CONTEXT(2) 
PARAMETRIC_REPRESENTATION_CONTEXT() REPRESENTATION_CONTEXT('2D SPACE',''
  ) );
#223 = ADVANCED_FACE('',(#224),#212,.T.);
#224 = FACE_BOUND('',#225,.T.);
#225 = EDGE_LOOP('',(#226,#227,#255,#283));
#226 = ORIENTED_EDGE('',*,*,#198,.F.);
#227 = ORIENTED_EDGE('',*,*,#228,.T.);
#228 = EDGE_CURVE('',#171,#229,#231,.T.);
#229 = VERTEX_POINT('',#230);
#230 = CARTESIAN_POINT('',(1.772038150764,-1.48,1.589993396581));
#231 = SURFACE_CURVE('',#232,(#236,#243),.PCURVE_S1.);
#232 = LINE('',#233,#234);
#233 = CARTESIAN_POINT('',(0.972774576985,-1.48,2.072806920837));
#234 = VECTOR('',#235,1.);
#235 = DIRECTION('',(0.855951035303,0.,-0.517056887744));
#236 = PCURVE('',#212,#237);
#237 = DEFINITIONAL_REPRESENTATION('',(#238),#242);
#238 = LINE('',#239,#240);
#239 = CARTESIAN_POINT('',(-0.21728368839,0.406669896542));
#240 = VECTOR('',#241,1.);
#241 = DIRECTION('',(-0.34858968997,-0.937275428061));
#242 = ( GEOMETRIC_REPRESENTATION_CONTEXT(2) 
PARAMETRIC_REPRESENTATION_CONTEXT() REPRESENTATION_CONTEXT('2D SPACE',''
  ) );
#243 = PCURVE('',#244,#249);
#244 = PLANE('',#245);
#245 = AXIS2_PLACEMENT_3D('',#246,#247,#248);
#246 = CARTESIAN_POINT('',(0.913325221802,-1.840219352231,1.506461629773
    ));
#247 = DIRECTION('',(0.29616358578,-0.819704081877,0.490277827984));
#248 = DIRECTION('',(-1.715581020458E-17,-0.513306163722,-0.858205559458
    ));
#249 = DEFINITIONAL_REPRESENTATION('',(#250),#254);
#250 = LINE('',#251,#252);
#251 = CARTESIAN_POINT('',(-0.670943491156,6.224168971667E-02));
#252 = VECTOR('',#253,1.);
#253 = DIRECTION('',(0.443741095618,0.896155031264));
#254 = ( GEOMETRIC_REPRESENTATION_CONTEXT(2) 
PARAMETRIC_REPRESENTATION_CONTEXT() REPRESENTATION_CONTEXT('2D SPACE',''
  ) );
#255 = ORIENTED_EDGE('',*,*,#256,.T.);
#256 = EDGE_CURVE('',#229,#257,#259,.T.);
#257 = VERTEX_POINT('',#258);
#258 = CARTESIAN_POINT('',(2.232025863321,-0.72,2.005872698345));
#259 = SURFACE_CURVE('',#260,(#264,#271),.PCURVE_S1.);
#260 = LINE('',#261,#262);
#261 = CARTESIAN_POINT('',(1.772038150764,-1.48,1.589993396581));
#262 = VECTOR('',#263,1.);
#263 = DIRECTION('',(0.468949554339,0.774806916725,0.423981788854));
#264 = PCURVE('',#212,#265);
#265 = DEFINITIONAL_REPRESENTATION('',(#266),#270);
#266 = LINE('',#267,#268);
#267 = CARTESIAN_POINT('',(-0.542787169194,-0.468532162163));
#268 = VECTOR('',#269,1.);
#269 = DIRECTION('',(0.858086770356,-0.513504717155));
#270 = ( GEOMETRIC_REPRESENTATION_CONTEXT(2) 
PARAMETRIC_REPRESENTATION_CONTEXT() REPRESENTATION_CONTEXT('2D SPACE',''
  ) );
#271 = PCURVE('',#272,#277);
#272 = PLANE('',#273);
#273 = AXIS2_PLACEMENT_3D('',#274,#275,#276);
#274 = CARTESIAN_POINT('',(2.331283705147,-0.979120900236,1.535815571875
    ));
#275 = DIRECTION('',(0.61153986379,-0.631197420293,0.477083652635));
#276 = DIRECTION('',(-0.718201916904,-0.695834755208,-1.098918879762E-17
    ));
#277 = DEFINITIONAL_REPRESENTATION('',(#278),#282);
#278 = LINE('',#279,#280);
#279 = CARTESIAN_POINT('',(0.750180314951,-6.164571702471E-02));
#280 = VECTOR('',#281,1.);
#281 = DIRECTION('',(-0.87593805009,-0.48242360266));
#282 = ( GEOMETRIC_REPRESENTATION_CONTEXT(2) 
PARAMETRIC_REPRESENTATION_CONTEXT() REPRESENTATION_CONTEXT('2D SPACE',''
  ) );
#283 = ORIENTED_EDGE('',*,*,#284,.F.);
#284 = EDGE_CURVE('',#142,#257,#285,.T.);
#285 = SURFACE_CURVE('',#286,(#290,#297),.PCURVE_S1.);
#286 = LINE('',#287,#288);
#287 = CARTESIAN_POINT('',(1.221715578038,-0.72,2.616173837333));
#288 = VECTOR('',#289,1.);
#289 = DIRECTION('',(0.855951035303,0.,-0.517056887744));
#290 = PCURVE('',#212,#291);
#291 = DEFINITIONAL_REPRESENTATION('',(#292),#296);
#292 = LINE('',#293,#294);
#293 = CARTESIAN_POINT('',(0.710354317409,0.134076869954));
#294 = VECTOR('',#295,1.);
#295 = DIRECTION('',(-0.34858968997,-0.937275428061));
#296 = ( GEOMETRIC_REPRESENTATION_CONTEXT(2) 
PARAMETRIC_REPRESENTATION_CONTEXT() REPRESENTATION_CONTEXT('2D SPACE',''
  ) );
#297 = PCURVE('',#298,#303);
#298 = PLANE('',#299);
#299 = AXIS2_PLACEMENT_3D('',#300,#301,#302);
#300 = CARTESIAN_POINT('',(1.751950853991,-0.197390162422,2.559162542684
    ));
#301 = DIRECTION('',(0.474792742702,-0.395977613793,0.785985738327));
#302 = DIRECTION('',(0.855951035303,8.283989882836E-18,-0.517056887744)
  );
#303 = DEFINITIONAL_REPRESENTATION('',(#304),#308);
#304 = LINE('',#305,#306);
#305 = CARTESIAN_POINT('',(-0.483333515984,-0.569130468559));
#306 = VECTOR('',#307,1.);
#307 = DIRECTION('',(1.,-9.833138981618E-17));
#308 = ( GEOMETRIC_REPRESENTATION_CONTEXT(2) 
PARAMETRIC_REPRESENTATION_CONTEXT() REPRESENTATION_CONTEXT('2D SPACE',''
  ) );
#309 = ADVANCED_FACE('',(#310),#298,.T.);
#310 = FACE_BOUND('',#311,.T.);
#311 = EDGE_LOOP('',(#312,#335,#336,#364));
#312 = ORIENTED_EDGE('',*,*,#313,.T.);
#313 = EDGE_CURVE('',#314,#142,#316,.T.);
#314 = VERTEX_POINT('',#315);
#315 = CARTESIAN_POINT('',(1.351877739017,-2.449497106913E-19,
    2.900280560439));
#316 = SURFACE_CURVE('',#317,(#321,#328),.PCURVE_S1.);
#317 = LINE('',#318,#319);
#318 = CARTESIAN_POINT('',(1.360916777974,5.E-02,2.920010193988));
#319 = VECTOR('',#320,1.);
#320 = DIRECTION('',(-0.165834032361,-0.917321150797,-0.361968203039));
#321 = PCURVE('',#298,#322);
#322 = DEFINITIONAL_REPRESENTATION('',(#323),#327);
#323 = LINE('',#324,#325);
#324 = CARTESIAN_POINT('',(-0.521284785738,0.269411842128));
#325 = VECTOR('',#326,1.);
#326 = DIRECTION('',(4.521234083794E-02,-0.998977399262));
#327 = ( GEOMETRIC_REPRESENTATION_CONTEXT(2) 
PARAMETRIC_REPRESENTATION_CONTEXT() REPRESENTATION_CONTEXT('2D SPACE',''
  ) );
#328 = PCURVE('',#157,#329);
#329 = DEFINITIONAL_REPRESENTATION('',(#330),#334);
#330 = LINE('',#331,#332);
#331 = CARTESIAN_POINT('',(0.506680379811,-0.884396233417));
#332 = VECTOR('',#333,1.);
#333 = DIRECTION('',(-0.985864190105,0.167546407505));
#334 = ( GEOMETRIC_REPRESENTATION_CONTEXT(2) 
PARAMETRIC_REPRESENTATION_CONTEXT() REPRESENTATION_CONTEXT('2D SPACE',''
  ) );
#335 = ORIENTED_EDGE('',*,*,#284,.T.);
#336 = ORIENTED_EDGE('',*,*,#337,.F.);
#337 = EDGE_CURVE('',#338,#257,#340,.T.);
#338 = VERTEX_POINT('',#339);
#339 = CARTESIAN_POINT('',(2.472536644739,-3.039858533037E-18,
    2.223320802093));
#340 = SURFACE_CURVE('',#341,(#345,#352),.PCURVE_S1.);
#341 = LINE('',#342,#343);
#342 = CARTESIAN_POINT('',(2.489238782338,5.E-02,2.238421364853));
#343 = VECTOR('',#344,1.);
#344 = DIRECTION('',(-0.304583365536,-0.911809532584,-0.275376741444));
#345 = PCURVE('',#298,#346);
#346 = DEFINITIONAL_REPRESENTATION('',(#347),#351);
#347 = LINE('',#348,#349);
#348 = CARTESIAN_POINT('',(0.796923800766,0.269411842128));
#349 = VECTOR('',#350,1.);
#350 = DIRECTION('',(-0.118323006179,-0.992975158908));
#351 = ( GEOMETRIC_REPRESENTATION_CONTEXT(2) 
PARAMETRIC_REPRESENTATION_CONTEXT() REPRESENTATION_CONTEXT('2D SPACE',''
  ) );
#352 = PCURVE('',#353,#358);
#353 = PLANE('',#354);
#354 = AXIS2_PLACEMENT_3D('',#355,#356,#357);
#355 = CARTESIAN_POINT('',(2.707682346353,-0.199556653226,1.776188436564
    ));
#356 = DIRECTION('',(0.719235683116,-0.409714263317,0.56110093082));
#357 = DIRECTION('',(-0.615097975418,-1.992268373036E-17,0.788450683706)
  );
#358 = DEFINITIONAL_REPRESENTATION('',(#359),#363);
#359 = LINE('',#360,#361);
#360 = CARTESIAN_POINT('',(0.49881206231,-0.27357251382));
#361 = VECTOR('',#362,1.);
#362 = DIRECTION('',(-2.977236858076E-02,0.999556704779));
#363 = ( GEOMETRIC_REPRESENTATION_CONTEXT(2) 
PARAMETRIC_REPRESENTATION_CONTEXT() REPRESENTATION_CONTEXT('2D SPACE',''
  ) );
#364 = ORIENTED_EDGE('',*,*,#365,.F.);
#365 = EDGE_CURVE('',#314,#338,#366,.T.);
#366 = SURFACE_CURVE('',#367,(#371,#378),.PCURVE_S1.);
#367 = LINE('',#368,#369);
#368 = CARTESIAN_POINT('',(1.351877739017,-2.449497106913E-19,
    2.900280560439));
#369 = VECTOR('',#370,1.);
#370 = DIRECTION('',(0.855951035303,-2.134730815817E-18,-0.517056887744)
  );
#371 = PCURVE('',#298,#372);
#372 = DEFINITIONAL_REPRESENTATION('',(#373),#377);
#373 = LINE('',#374,#375);
#374 = CARTESIAN_POINT('',(-0.518820417573,0.214961042733));
#375 = VECTOR('',#376,1.);
#376 = DIRECTION('',(1.,1.269091264634E-17));
#377 = ( GEOMETRIC_REPRESENTATION_CONTEXT(2) 
PARAMETRIC_REPRESENTATION_CONTEXT() REPRESENTATION_CONTEXT('2D SPACE',''
  ) );
#378 = PCURVE('',#379,#384);
#379 = PLANE('',#380);
#380 = AXIS2_PLACEMENT_3D('',#381,#382,#383);
#381 = CARTESIAN_POINT('',(-2.205,0.,-1.855));
#382 = DIRECTION('',(0.,1.,0.));
#383 = DIRECTION('',(0.,0.,1.));
#384 = DEFINITIONAL_REPRESENTATION('',(#385),#389);
#385 = LINE('',#386,#387);
#386 = CARTESIAN_POINT('',(4.755280560439,3.556877739017));
#387 = VECTOR('',#388,1.);
#388 = DIRECTION('',(-0.517056887744,0.855951035303));
#389 = ( GEOMETRIC_REPRESENTATION_CONTEXT(2) 
PARAMETRIC_REPRESENTATION_CONTEXT() REPRESENTATION_CONTEXT('2D SPACE',''
  ) );
#390 = ADVANCED_FACE('',(#391),#379,.T.);
#391 = FACE_BOUND('',#392,.T.);
#392 = EDGE_LOOP('',(#393,#394,#417,#445,#473,#501,#529,#557,#585,#613,
    #641,#669,#697,#720));
#393 = ORIENTED_EDGE('',*,*,#365,.T.);
#394 = ORIENTED_EDGE('',*,*,#395,.T.);
#395 = EDGE_CURVE('',#338,#396,#398,.T.);
#396 = VERTEX_POINT('',#397);
#397 = CARTESIAN_POINT('',(3.253545958817,2.826955964501E-17,
    1.222200082671));
#398 = SURFACE_CURVE('',#399,(#403,#410),.PCURVE_S1.);
#399 = LINE('',#400,#401);
#400 = CARTESIAN_POINT('',(2.472536644739,-3.039858533037E-18,
    2.223320802093));
#401 = VECTOR('',#402,1.);
#402 = DIRECTION('',(0.615097975418,2.46582971364E-17,-0.788450683706));
#403 = PCURVE('',#379,#404);
#404 = DEFINITIONAL_REPRESENTATION('',(#405),#409);
#405 = LINE('',#406,#407);
#406 = CARTESIAN_POINT('',(4.078320802093,4.677536644739));
#407 = VECTOR('',#408,1.);
#408 = DIRECTION('',(-0.788450683706,0.615097975418));
#409 = ( GEOMETRIC_REPRESENTATION_CONTEXT(2) 
PARAMETRIC_REPRESENTATION_CONTEXT() REPRESENTATION_CONTEXT('2D SPACE',''
  ) );
#410 = PCURVE('',#353,#411);
#411 = DEFINITIONAL_REPRESENTATION('',(#412),#416);
#412 = LINE('',#413,#414);
#413 = CARTESIAN_POINT('',(0.497179464299,-0.218760808686));
#414 = VECTOR('',#415,1.);
#415 = DIRECTION('',(-1.,5.634311271396E-17));
#416 = ( GEOMETRIC_REPRESENTATION_CONTEXT(2) 
PARAMETRIC_REPRESENTATION_CONTEXT() REPRESENTATION_CONTEXT('2D SPACE',''
  ) );
#417 = ORIENTED_EDGE('',*,*,#418,.T.);
#418 = EDGE_CURVE('',#396,#419,#421,.T.);
#419 = VERTEX_POINT('',#420);
#420 = CARTESIAN_POINT('',(3.532056828303,3.476388500082E-19,1.5E-02));
#421 = SURFACE_CURVE('',#422,(#426,#433),.PCURVE_S1.);
#422 = LINE('',#423,#424);
#423 = CARTESIAN_POINT('',(3.253545958817,2.826955964501E-17,
    1.222200082671));
#424 = VECTOR('',#425,1.);
#425 = DIRECTION('',(0.224802976602,-2.253747194412E-17,-0.974404239374)
  );
#426 = PCURVE('',#379,#427);
#427 = DEFINITIONAL_REPRESENTATION('',(#428),#432);
#428 = LINE('',#429,#430);
#429 = CARTESIAN_POINT('',(3.077200082671,5.458545958817));
#430 = VECTOR('',#431,1.);
#431 = DIRECTION('',(-0.974404239374,0.224802976602));
#432 = ( GEOMETRIC_REPRESENTATION_CONTEXT(2) 
PARAMETRIC_REPRESENTATION_CONTEXT() REPRESENTATION_CONTEXT('2D SPACE',''
  ) );
#433 = PCURVE('',#434,#439);
#434 = PLANE('',#435);
#435 = AXIS2_PLACEMENT_3D('',#436,#437,#438);
#436 = CARTESIAN_POINT('',(3.330117146621,-0.199441028174,0.476269950386
    ));
#437 = DIRECTION('',(0.882982680035,-0.42289868904,0.203711279917));
#438 = DIRECTION('',(0.431956378937,0.90189449865,-2.240202176671E-18));
#439 = DEFINITIONAL_REPRESENTATION('',(#440),#444);
#440 = LINE('',#441,#442);
#441 = CARTESIAN_POINT('',(0.146799353101,0.761906544598));
#442 = VECTOR('',#443,1.);
#443 = DIRECTION('',(9.710507974725E-02,-0.995274134843));
#444 = ( GEOMETRIC_REPRESENTATION_CONTEXT(2) 
PARAMETRIC_REPRESENTATION_CONTEXT() REPRESENTATION_CONTEXT('2D SPACE',''
  ) );
#445 = ORIENTED_EDGE('',*,*,#446,.T.);
#446 = EDGE_CURVE('',#419,#447,#449,.T.);
#447 = VERTEX_POINT('',#448);
#448 = CARTESIAN_POINT('',(3.188295394212,1.516081968944E-18,
    -1.167764108128));
#449 = SURFACE_CURVE('',#450,(#454,#461),.PCURVE_S1.);
#450 = LINE('',#451,#452);
#451 = CARTESIAN_POINT('',(3.532056828303,3.476388500082E-19,1.5E-02));
#452 = VECTOR('',#453,1.);
#453 = DIRECTION('',(-0.279093446679,9.48637005124E-19,-0.960263947059)
  );
#454 = PCURVE('',#379,#455);
#455 = DEFINITIONAL_REPRESENTATION('',(#456),#460);
#456 = LINE('',#457,#458);
#457 = CARTESIAN_POINT('',(1.87,5.737056828303));
#458 = VECTOR('',#459,1.);
#459 = DIRECTION('',(-0.960263947059,-0.279093446679));
#460 = ( GEOMETRIC_REPRESENTATION_CONTEXT(2) 
PARAMETRIC_REPRESENTATION_CONTEXT() REPRESENTATION_CONTEXT('2D SPACE',''
  ) );
#461 = PCURVE('',#462,#467);
#462 = PLANE('',#463);
#463 = AXIS2_PLACEMENT_3D('',#464,#465,#466);
#464 = CARTESIAN_POINT('',(3.233324993541,-0.201190327018,
    -0.681295666003));
#465 = DIRECTION('',(0.872419760763,-0.417839649024,-0.253562198944));
#466 = DIRECTION('',(0.431956378937,0.90189449865,5.067268231664E-18));
#467 = DEFINITIONAL_REPRESENTATION('',(#468),#472);
#468 = LINE('',#469,#470);
#469 = CARTESIAN_POINT('',(0.310491570736,0.719820044026));
#470 = VECTOR('',#471,1.);
#471 = DIRECTION('',(-0.120556194613,-0.992706504431));
#472 = ( GEOMETRIC_REPRESENTATION_CONTEXT(2) 
PARAMETRIC_REPRESENTATION_CONTEXT() REPRESENTATION_CONTEXT('2D SPACE',''
  ) );
#473 = ORIENTED_EDGE('',*,*,#474,.T.);
#474 = EDGE_CURVE('',#447,#475,#477,.T.);
#475 = VERTEX_POINT('',#476);
#476 = CARTESIAN_POINT('',(2.434313748946,-1.662885058479E-19,
    -2.158763115486));
#477 = SURFACE_CURVE('',#478,(#482,#489),.PCURVE_S1.);
#478 = LINE('',#479,#480);
#479 = CARTESIAN_POINT('',(3.188295394212,1.516081968944E-18,
    -1.167764108128));
#480 = VECTOR('',#481,1.);
#481 = DIRECTION('',(-0.605501823877,-1.351065237886E-18,-0.795843917663
    ));
#482 = PCURVE('',#379,#483);
#483 = DEFINITIONAL_REPRESENTATION('',(#484),#488);
#484 = LINE('',#485,#486);
#485 = CARTESIAN_POINT('',(0.687235891872,5.393295394212));
#486 = VECTOR('',#487,1.);
#487 = DIRECTION('',(-0.795843917663,-0.605501823877));
#488 = ( GEOMETRIC_REPRESENTATION_CONTEXT(2) 
PARAMETRIC_REPRESENTATION_CONTEXT() REPRESENTATION_CONTEXT('2D SPACE',''
  ) );
#489 = PCURVE('',#490,#495);
#490 = PLANE('',#491);
#491 = AXIS2_PLACEMENT_3D('',#492,#493,#494);
#492 = CARTESIAN_POINT('',(2.814352913636,-0.198185241403,
    -1.514687810935));
#493 = DIRECTION('',(0.727992995418,-0.404035216637,-0.553878815572));
#494 = DIRECTION('',(0.605501823877,1.216853354408E-17,0.795843917663));
#495 = DEFINITIONAL_REPRESENTATION('',(#496),#500);
#496 = LINE('',#497,#498);
#497 = CARTESIAN_POINT('',(0.502519972786,-0.216656643586));
#498 = VECTOR('',#499,1.);
#499 = DIRECTION('',(-1.,-1.744274949853E-16));
#500 = ( GEOMETRIC_REPRESENTATION_CONTEXT(2) 
PARAMETRIC_REPRESENTATION_CONTEXT() REPRESENTATION_CONTEXT('2D SPACE',''
  ) );
#501 = ORIENTED_EDGE('',*,*,#502,.T.);
#502 = EDGE_CURVE('',#475,#503,#505,.T.);
#503 = VERTEX_POINT('',#504);
#504 = CARTESIAN_POINT('',(2.29,0.,-2.257908143109));
#505 = SURFACE_CURVE('',#506,(#510,#517),.PCURVE_S1.);
#506 = LINE('',#507,#508);
#507 = CARTESIAN_POINT('',(2.434313748946,-1.662885058479E-19,
    -2.158763115486));
#508 = VECTOR('',#509,1.);
#509 = DIRECTION('',(-0.824230320152,9.497364555592E-19,-0.566254694764)
  );
#510 = PCURVE('',#379,#511);
#511 = DEFINITIONAL_REPRESENTATION('',(#512),#516);
#512 = LINE('',#513,#514);
#513 = CARTESIAN_POINT('',(-0.303763115486,4.639313748946));
#514 = VECTOR('',#515,1.);
#515 = DIRECTION('',(-0.566254694764,-0.824230320152));
#516 = ( GEOMETRIC_REPRESENTATION_CONTEXT(2) 
PARAMETRIC_REPRESENTATION_CONTEXT() REPRESENTATION_CONTEXT('2D SPACE',''
  ) );
#517 = PCURVE('',#518,#523);
#518 = PLANE('',#519);
#519 = AXIS2_PLACEMENT_3D('',#520,#521,#522);
#520 = CARTESIAN_POINT('',(1.742392305273,-0.197159535489,
    -2.530969408936));
#521 = DIRECTION('',(0.519969373561,-0.395976612497,-0.756858225109));
#522 = DIRECTION('',(-0.824230320152,-1.30875187161E-17,-0.566254694764)
  );
#523 = DEFINITIONAL_REPRESENTATION('',(#524),#528);
#524 = LINE('',#525,#526);
#525 = CARTESIAN_POINT('',(-0.781066194126,0.214709785355));
#526 = VECTOR('',#527,1.);
#527 = DIRECTION('',(1.,6.98489946572E-16));
#528 = ( GEOMETRIC_REPRESENTATION_CONTEXT(2) 
PARAMETRIC_REPRESENTATION_CONTEXT() REPRESENTATION_CONTEXT('2D SPACE',''
  ) );
#529 = ORIENTED_EDGE('',*,*,#530,.T.);
#530 = EDGE_CURVE('',#503,#531,#533,.T.);
#531 = VERTEX_POINT('',#532);
#532 = CARTESIAN_POINT('',(2.29,0.,-1.855));
#533 = SURFACE_CURVE('',#534,(#538,#545),.PCURVE_S1.);
#534 = LINE('',#535,#536);
#535 = CARTESIAN_POINT('',(2.29,0.,-10.));
#536 = VECTOR('',#537,1.);
#537 = DIRECTION('',(0.,0.,1.));
#538 = PCURVE('',#379,#539);
#539 = DEFINITIONAL_REPRESENTATION('',(#540),#544);
#540 = LINE('',#541,#542);
#541 = CARTESIAN_POINT('',(-8.145,4.495));
#542 = VECTOR('',#543,1.);
#543 = DIRECTION('',(1.,0.));
#544 = ( GEOMETRIC_REPRESENTATION_CONTEXT(2) 
PARAMETRIC_REPRESENTATION_CONTEXT() REPRESENTATION_CONTEXT('2D SPACE',''
  ) );
#545 = PCURVE('',#546,#551);
#546 = PLANE('',#547);
#547 = AXIS2_PLACEMENT_3D('',#548,#549,#550);
#548 = CARTESIAN_POINT('',(2.29,0.,-10.));
#549 = DIRECTION('',(1.,0.,0.));
#550 = DIRECTION('',(0.,0.,1.));
#551 = DEFINITIONAL_REPRESENTATION('',(#552),#556);
#552 = LINE('',#553,#554);
#553 = CARTESIAN_POINT('',(0.,0.));
#554 = VECTOR('',#555,1.);
#555 = DIRECTION('',(1.,0.));
#556 = ( GEOMETRIC_REPRESENTATION_CONTEXT(2) 
PARAMETRIC_REPRESENTATION_CONTEXT() REPRESENTATION_CONTEXT('2D SPACE',''
  ) );
#557 = ORIENTED_EDGE('',*,*,#558,.F.);
#558 = EDGE_CURVE('',#559,#531,#561,.T.);
#559 = VERTEX_POINT('',#560);
#560 = CARTESIAN_POINT('',(-2.205,0.,-1.855));
#561 = SURFACE_CURVE('',#562,(#566,#573),.PCURVE_S1.);
#562 = LINE('',#563,#564);
#563 = CARTESIAN_POINT('',(-2.205,0.,-1.855));
#564 = VECTOR('',#565,1.);
#565 = DIRECTION('',(1.,0.,0.));
#566 = PCURVE('',#379,#567);
#567 = DEFINITIONAL_REPRESENTATION('',(#568),#572);
#568 = LINE('',#569,#570);
#569 = CARTESIAN_POINT('',(0.,0.));
#570 = VECTOR('',#571,1.);
#571 = DIRECTION('',(0.,1.));
#572 = ( GEOMETRIC_REPRESENTATION_CONTEXT(2) 
PARAMETRIC_REPRESENTATION_CONTEXT() REPRESENTATION_CONTEXT('2D SPACE',''
  ) );
#573 = PCURVE('',#574,#579);
#574 = PLANE('',#575);
#575 = AXIS2_PLACEMENT_3D('',#576,#577,#578);
#576 = CARTESIAN_POINT('',(-2.205,0.,-1.855));
#577 = DIRECTION('',(0.,0.,1.));
#578 = DIRECTION('',(1.,0.,0.));
#579 = DEFINITIONAL_REPRESENTATION('',(#580),#584);
#580 = LINE('',#581,#582);
#581 = CARTESIAN_POINT('',(0.,0.));
#582 = VECTOR('',#583,1.);
#583 = DIRECTION('',(1.,0.));
#584 = ( GEOMETRIC_REPRESENTATION_CONTEXT(2) 
PARAMETRIC_REPRESENTATION_CONTEXT() REPRESENTATION_CONTEXT('2D SPACE',''
  ) );
#585 = ORIENTED_EDGE('',*,*,#586,.T.);
#586 = EDGE_CURVE('',#559,#587,#589,.T.);
#587 = VERTEX_POINT('',#588);
#588 = CARTESIAN_POINT('',(-2.205,0.,1.97));
#589 = SURFACE_CURVE('',#590,(#594,#601),.PCURVE_S1.);
#590 = LINE('',#591,#592);
#591 = CARTESIAN_POINT('',(-2.205,0.,-1.855));
#592 = VECTOR('',#593,1.);
#593 = DIRECTION('',(0.,0.,1.));
#594 = PCURVE('',#379,#595);
#595 = DEFINITIONAL_REPRESENTATION('',(#596),#600);
#596 = LINE('',#597,#598);
#597 = CARTESIAN_POINT('',(0.,0.));
#598 = VECTOR('',#599,1.);
#599 = DIRECTION('',(1.,0.));
#600 = ( GEOMETRIC_REPRESENTATION_CONTEXT(2) 
PARAMETRIC_REPRESENTATION_CONTEXT() REPRESENTATION_CONTEXT('2D SPACE',''
  ) );
#601 = PCURVE('',#602,#607);
#602 = PLANE('',#603);
#603 = AXIS2_PLACEMENT_3D('',#604,#605,#606);
#604 = CARTESIAN_POINT('',(-2.205,0.,-1.855));
#605 = DIRECTION('',(1.,0.,0.));
#606 = DIRECTION('',(0.,0.,1.));
#607 = DEFINITIONAL_REPRESENTATION('',(#608),#612);
#608 = LINE('',#609,#610);
#609 = CARTESIAN_POINT('',(0.,0.));
#610 = VECTOR('',#611,1.);
#611 = DIRECTION('',(1.,0.));
#612 = ( GEOMETRIC_REPRESENTATION_CONTEXT(2) 
PARAMETRIC_REPRESENTATION_CONTEXT() REPRESENTATION_CONTEXT('2D SPACE',''
  ) );
#613 = ORIENTED_EDGE('',*,*,#614,.F.);
#614 = EDGE_CURVE('',#615,#587,#617,.T.);
#615 = VERTEX_POINT('',#616);
#616 = CARTESIAN_POINT('',(-2.666768096098,0.,1.97));
#617 = SURFACE_CURVE('',#618,(#622,#629),.PCURVE_S1.);
#618 = LINE('',#619,#620);
#619 = CARTESIAN_POINT('',(-10.,0.,1.97));
#620 = VECTOR('',#621,1.);
#621 = DIRECTION('',(1.,0.,0.));
#622 = PCURVE('',#379,#623);
#623 = DEFINITIONAL_REPRESENTATION('',(#624),#628);
#624 = LINE('',#625,#626);
#625 = CARTESIAN_POINT('',(3.825,-7.795));
#626 = VECTOR('',#627,1.);
#627 = DIRECTION('',(0.,1.));
#628 = ( GEOMETRIC_REPRESENTATION_CONTEXT(2) 
PARAMETRIC_REPRESENTATION_CONTEXT() REPRESENTATION_CONTEXT('2D SPACE',''
  ) );
#629 = PCURVE('',#630,#635);
#630 = PLANE('',#631);
#631 = AXIS2_PLACEMENT_3D('',#632,#633,#634);
#632 = CARTESIAN_POINT('',(-10.,0.,1.97));
#633 = DIRECTION('',(0.,0.,1.));
#634 = DIRECTION('',(1.,0.,0.));
#635 = DEFINITIONAL_REPRESENTATION('',(#636),#640);
#636 = LINE('',#637,#638);
#637 = CARTESIAN_POINT('',(0.,0.));
#638 = VECTOR('',#639,1.);
#639 = DIRECTION('',(1.,0.));
#640 = ( GEOMETRIC_REPRESENTATION_CONTEXT(2) 
PARAMETRIC_REPRESENTATION_CONTEXT() REPRESENTATION_CONTEXT('2D SPACE',''
  ) );
#641 = ORIENTED_EDGE('',*,*,#642,.T.);
#642 = EDGE_CURVE('',#615,#643,#645,.T.);
#643 = VERTEX_POINT('',#644);
#644 = CARTESIAN_POINT('',(-2.4563628707,-2.494298555553E-17,
    2.262944513235));
#645 = SURFACE_CURVE('',#646,(#650,#657),.PCURVE_S1.);
#646 = LINE('',#647,#648);
#647 = CARTESIAN_POINT('',(-2.666768096098,0.,1.97));
#648 = VECTOR('',#649,1.);
#649 = DIRECTION('',(0.583364272888,-6.915629877872E-17,0.812210640855)
  );
#650 = PCURVE('',#379,#651);
#651 = DEFINITIONAL_REPRESENTATION('',(#652),#656);
#652 = LINE('',#653,#654);
#653 = CARTESIAN_POINT('',(3.825,-0.461768096098));
#654 = VECTOR('',#655,1.);
#655 = DIRECTION('',(0.812210640855,0.583364272888));
#656 = ( GEOMETRIC_REPRESENTATION_CONTEXT(2) 
PARAMETRIC_REPRESENTATION_CONTEXT() REPRESENTATION_CONTEXT('2D SPACE',''
  ) );
#657 = PCURVE('',#658,#663);
#658 = PLANE('',#659);
#659 = AXIS2_PLACEMENT_3D('',#660,#661,#662);
#660 = CARTESIAN_POINT('',(-2.552590361455,-0.463160641717,
    1.767305217754));
#661 = DIRECTION('',(-0.739136341814,-0.414541607146,0.530879199211));
#662 = DIRECTION('',(-0.583364272888,-1.483670381517E-18,-0.812210640855
    ));
#663 = DEFINITIONAL_REPRESENTATION('',(#664),#668);
#664 = LINE('',#665,#666);
#665 = CARTESIAN_POINT('',(-9.802364783578E-02,-0.508950758265));
#666 = VECTOR('',#667,1.);
#667 = DIRECTION('',(-1.,4.409339955328E-16));
#668 = ( GEOMETRIC_REPRESENTATION_CONTEXT(2) 
PARAMETRIC_REPRESENTATION_CONTEXT() REPRESENTATION_CONTEXT('2D SPACE',''
  ) );
#669 = ORIENTED_EDGE('',*,*,#670,.T.);
#670 = EDGE_CURVE('',#643,#671,#673,.T.);
#671 = VERTEX_POINT('',#672);
#672 = CARTESIAN_POINT('',(-1.28374214763,-3.714415018722E-17,
    2.882522894217));
#673 = SURFACE_CURVE('',#674,(#678,#685),.PCURVE_S1.);
#674 = LINE('',#675,#676);
#675 = CARTESIAN_POINT('',(-2.4563628707,-2.494298555553E-17,
    2.262944513235));
#676 = VECTOR('',#677,1.);
#677 = DIRECTION('',(0.884168269298,-9.199805532669E-18,0.467168568685)
  );
#678 = PCURVE('',#379,#679);
#679 = DEFINITIONAL_REPRESENTATION('',(#680),#684);
#680 = LINE('',#681,#682);
#681 = CARTESIAN_POINT('',(4.117944513235,-0.2513628707));
#682 = VECTOR('',#683,1.);
#683 = DIRECTION('',(0.467168568685,0.884168269298));
#684 = ( GEOMETRIC_REPRESENTATION_CONTEXT(2) 
PARAMETRIC_REPRESENTATION_CONTEXT() REPRESENTATION_CONTEXT('2D SPACE',''
  ) );
#685 = PCURVE('',#686,#691);
#686 = PLANE('',#687);
#687 = AXIS2_PLACEMENT_3D('',#688,#689,#690);
#688 = CARTESIAN_POINT('',(-1.706056210068,-0.197347562272,
    2.563257426216));
#689 = DIRECTION('',(-0.429068292144,-0.395550419369,0.812059275185));
#690 = DIRECTION('',(0.884168269298,3.213663700763E-18,0.467168568685));
#691 = DEFINITIONAL_REPRESENTATION('',(#692),#696);
#692 = LINE('',#693,#694);
#693 = CARTESIAN_POINT('',(-0.803694095288,0.214871571468));
#694 = VECTOR('',#695,1.);
#695 = DIRECTION('',(1.,7.07824627011E-17));
#696 = ( GEOMETRIC_REPRESENTATION_CONTEXT(2) 
PARAMETRIC_REPRESENTATION_CONTEXT() REPRESENTATION_CONTEXT('2D SPACE',''
  ) );
#697 = ORIENTED_EDGE('',*,*,#698,.F.);
#698 = EDGE_CURVE('',#699,#671,#701,.T.);
#699 = VERTEX_POINT('',#700);
#700 = CARTESIAN_POINT('',(3.E-02,-3.938290630514E-17,3.107061762085));
#701 = SURFACE_CURVE('',#702,(#706,#713),.PCURVE_S1.);
#702 = LINE('',#703,#704);
#703 = CARTESIAN_POINT('',(3.E-02,-3.938290630514E-17,3.107061762085));
#704 = VECTOR('',#705,1.);
#705 = DIRECTION('',(-0.985706358659,1.67974830137E-18,-0.168472474011)
  );
#706 = PCURVE('',#379,#707);
#707 = DEFINITIONAL_REPRESENTATION('',(#708),#712);
#708 = LINE('',#709,#710);
#709 = CARTESIAN_POINT('',(4.962061762085,2.235));
#710 = VECTOR('',#711,1.);
#711 = DIRECTION('',(-0.168472474011,-0.985706358659));
#712 = ( GEOMETRIC_REPRESENTATION_CONTEXT(2) 
PARAMETRIC_REPRESENTATION_CONTEXT() REPRESENTATION_CONTEXT('2D SPACE',''
  ) );
#713 = PCURVE('',#44,#714);
#714 = DEFINITIONAL_REPRESENTATION('',(#715),#719);
#715 = LINE('',#716,#717);
#716 = CARTESIAN_POINT('',(0.535500336314,-0.458135589731));
#717 = VECTOR('',#718,1.);
#718 = DIRECTION('',(-6.561666704705E-02,0.997844904284));
#719 = ( GEOMETRIC_REPRESENTATION_CONTEXT(2) 
PARAMETRIC_REPRESENTATION_CONTEXT() REPRESENTATION_CONTEXT('2D SPACE',''
  ) );
#720 = ORIENTED_EDGE('',*,*,#721,.T.);
#721 = EDGE_CURVE('',#699,#314,#722,.T.);
#722 = SURFACE_CURVE('',#723,(#727,#734),.PCURVE_S1.);
#723 = LINE('',#724,#725);
#724 = CARTESIAN_POINT('',(3.E-02,-3.938290630514E-17,3.107061762085));
#725 = VECTOR('',#726,1.);
#726 = DIRECTION('',(0.987984908839,2.92521080708E-17,-0.154550379833));
#727 = PCURVE('',#379,#728);
#728 = DEFINITIONAL_REPRESENTATION('',(#729),#733);
#729 = LINE('',#730,#731);
#730 = CARTESIAN_POINT('',(4.962061762085,2.235));
#731 = VECTOR('',#732,1.);
#732 = DIRECTION('',(-0.154550379833,0.987984908839));
#733 = ( GEOMETRIC_REPRESENTATION_CONTEXT(2) 
PARAMETRIC_REPRESENTATION_CONTEXT() REPRESENTATION_CONTEXT('2D SPACE',''
  ) );
#734 = PCURVE('',#157,#735);
#735 = DEFINITIONAL_REPRESENTATION('',(#736),#740);
#736 = LINE('',#737,#738);
#737 = CARTESIAN_POINT('',(0.533481488122,0.460263373924));
#738 = VECTOR('',#739,1.);
#739 = DIRECTION('',(-6.019428915642E-02,-0.998186679711));
#740 = ( GEOMETRIC_REPRESENTATION_CONTEXT(2) 
PARAMETRIC_REPRESENTATION_CONTEXT() REPRESENTATION_CONTEXT('2D SPACE',''
  ) );
#741 = ADVANCED_FACE('',(#742),#686,.T.);
#742 = FACE_BOUND('',#743,.T.);
#743 = EDGE_LOOP('',(#744,#745,#768,#789));
#744 = ORIENTED_EDGE('',*,*,#670,.F.);
#745 = ORIENTED_EDGE('',*,*,#746,.F.);
#746 = EDGE_CURVE('',#747,#643,#749,.T.);
#747 = VERTEX_POINT('',#748);
#748 = CARTESIAN_POINT('',(-2.211536624916,-0.72,2.041594756773));
#749 = SURFACE_CURVE('',#750,(#754,#761),.PCURVE_S1.);
#750 = LINE('',#751,#752);
#751 = CARTESIAN_POINT('',(-2.211536624916,-0.72,2.041594756773));
#752 = VECTOR('',#753,1.);
#753 = DIRECTION('',(-0.309106405192,0.909039024905,0.279466064968));
#754 = PCURVE('',#686,#755);
#755 = DEFINITIONAL_REPRESENTATION('',(#756),#760);
#756 = LINE('',#757,#758);
#757 = CARTESIAN_POINT('',(-0.69063414618,-0.569062770948));
#758 = VECTOR('',#759,1.);
#759 = DIRECTION('',(-0.14274431374,0.989759597526));
#760 = ( GEOMETRIC_REPRESENTATION_CONTEXT(2) 
PARAMETRIC_REPRESENTATION_CONTEXT() REPRESENTATION_CONTEXT('2D SPACE',''
  ) );
#761 = PCURVE('',#658,#762);
#762 = DEFINITIONAL_REPRESENTATION('',(#763),#767);
#763 = LINE('',#764,#765);
#764 = CARTESIAN_POINT('',(-0.421739447299,0.282231637097));
#765 = VECTOR('',#766,1.);
#766 = DIRECTION('',(-4.666367841501E-02,-0.998910657225));
#767 = ( GEOMETRIC_REPRESENTATION_CONTEXT(2) 
PARAMETRIC_REPRESENTATION_CONTEXT() REPRESENTATION_CONTEXT('2D SPACE',''
  ) );
#768 = ORIENTED_EDGE('',*,*,#769,.T.);
#769 = EDGE_CURVE('',#747,#24,#770,.T.);
#770 = SURFACE_CURVE('',#771,(#775,#782),.PCURVE_S1.);
#771 = LINE('',#772,#773);
#772 = CARTESIAN_POINT('',(-2.211536624916,-0.72,2.041594756773));
#773 = VECTOR('',#774,1.);
#774 = DIRECTION('',(0.884168269298,0.,0.467168568685));
#775 = PCURVE('',#686,#776);
#776 = DEFINITIONAL_REPRESENTATION('',(#777),#781);
#777 = LINE('',#778,#779);
#778 = CARTESIAN_POINT('',(-0.69063414618,-0.569062770948));
#779 = VECTOR('',#780,1.);
#780 = DIRECTION('',(1.,-3.189835279988E-17));
#781 = ( GEOMETRIC_REPRESENTATION_CONTEXT(2) 
PARAMETRIC_REPRESENTATION_CONTEXT() REPRESENTATION_CONTEXT('2D SPACE',''
  ) );
#782 = PCURVE('',#72,#783);
#783 = DEFINITIONAL_REPRESENTATION('',(#784),#788);
#784 = LINE('',#785,#786);
#785 = CARTESIAN_POINT('',(0.330728926173,0.990763207868));
#786 = VECTOR('',#787,1.);
#787 = DIRECTION('',(0.309129794483,-0.951019857922));
#788 = ( GEOMETRIC_REPRESENTATION_CONTEXT(2) 
PARAMETRIC_REPRESENTATION_CONTEXT() REPRESENTATION_CONTEXT('2D SPACE',''
  ) );
#789 = ORIENTED_EDGE('',*,*,#790,.T.);
#790 = EDGE_CURVE('',#24,#671,#791,.T.);
#791 = SURFACE_CURVE('',#792,(#796,#803),.PCURVE_S1.);
#792 = LINE('',#793,#794);
#793 = CARTESIAN_POINT('',(-1.15438107901,-0.72,2.600164726323));
#794 = VECTOR('',#795,1.);
#795 = DIRECTION('',(-0.164973931969,0.918214670642,0.360090850189));
#796 = PCURVE('',#686,#797);
#797 = DEFINITIONAL_REPRESENTATION('',(#798),#802);
#798 = LINE('',#799,#800);
#799 = CARTESIAN_POINT('',(0.505015576407,-0.569062770948));
#800 = VECTOR('',#801,1.);
#801 = DIRECTION('',(2.235841117134E-02,0.99975001948));
#802 = ( GEOMETRIC_REPRESENTATION_CONTEXT(2) 
PARAMETRIC_REPRESENTATION_CONTEXT() REPRESENTATION_CONTEXT('2D SPACE',''
  ) );
#803 = PCURVE('',#44,#804);
#804 = DEFINITIONAL_REPRESENTATION('',(#805),#809);
#805 = LINE('',#806,#807);
#806 = CARTESIAN_POINT('',(-0.325071075274,0.740830627783));
#807 = VECTOR('',#808,1.);
#808 = DIRECTION('',(0.985955961593,0.167005514278));
#809 = ( GEOMETRIC_REPRESENTATION_CONTEXT(2) 
PARAMETRIC_REPRESENTATION_CONTEXT() REPRESENTATION_CONTEXT('2D SPACE',''
  ) );
#810 = ADVANCED_FACE('',(#811),#658,.T.);
#811 = FACE_BOUND('',#812,.T.);
#812 = EDGE_LOOP('',(#813,#814,#836,#864,#892,#918));
#813 = ORIENTED_EDGE('',*,*,#642,.F.);
#814 = ORIENTED_EDGE('',*,*,#815,.T.);
#815 = EDGE_CURVE('',#615,#816,#818,.T.);
#816 = VERTEX_POINT('',#817);
#817 = CARTESIAN_POINT('',(-2.694810392471,5.E-02,1.97));
#818 = SURFACE_CURVE('',#819,(#823,#830),.PCURVE_S1.);
#819 = LINE('',#820,#821);
#820 = CARTESIAN_POINT('',(-3.521305374485,1.523657811431,1.97));
#821 = VECTOR('',#822,1.);
#822 = DIRECTION('',(-0.489164938347,0.872191299597,0.));
#823 = PCURVE('',#658,#824);
#824 = DEFINITIONAL_REPRESENTATION('',(#825),#829);
#825 = LINE('',#826,#827);
#826 = CARTESIAN_POINT('',(0.400482870226,-2.183244142931));
#827 = VECTOR('',#828,1.);
#828 = DIRECTION('',(0.285361348581,-0.958420002262));
#829 = ( GEOMETRIC_REPRESENTATION_CONTEXT(2) 
PARAMETRIC_REPRESENTATION_CONTEXT() REPRESENTATION_CONTEXT('2D SPACE',''
  ) );
#830 = PCURVE('',#630,#831);
#831 = DEFINITIONAL_REPRESENTATION('',(#832),#835);
#832 = B_SPLINE_CURVE_WITH_KNOTS('',1,(#833,#834),.UNSPECIFIED.,.F.,.F.,
  (2,2),(-1.746930761789,-1.689603888633),.PIECEWISE_BEZIER_KNOTS.);
#833 = CARTESIAN_POINT('',(7.333231903902,-1.748764631443E-16));
#834 = CARTESIAN_POINT('',(7.305189607529,5.E-02));
#835 = ( GEOMETRIC_REPRESENTATION_CONTEXT(2) 
PARAMETRIC_REPRESENTATION_CONTEXT() REPRESENTATION_CONTEXT('2D SPACE',''
  ) );
#836 = ORIENTED_EDGE('',*,*,#837,.T.);
#837 = EDGE_CURVE('',#816,#838,#840,.T.);
#838 = VERTEX_POINT('',#839);
#839 = CARTESIAN_POINT('',(-3.223779883935,5.E-02,1.233522519939));
#840 = SURFACE_CURVE('',#841,(#845,#852),.PCURVE_S1.);
#841 = LINE('',#842,#843);
#842 = CARTESIAN_POINT('',(-2.473364693324,5.E-02,2.278316024101));
#843 = VECTOR('',#844,1.);
#844 = DIRECTION('',(-0.583364272888,0.,-0.812210640855));
#845 = PCURVE('',#658,#846);
#846 = DEFINITIONAL_REPRESENTATION('',(#847),#851);
#847 = LINE('',#848,#849);
#848 = CARTESIAN_POINT('',(-0.46126583879,-0.563893980165));
#849 = VECTOR('',#850,1.);
#850 = DIRECTION('',(1.,2.248024797607E-18));
#851 = ( GEOMETRIC_REPRESENTATION_CONTEXT(2) 
PARAMETRIC_REPRESENTATION_CONTEXT() REPRESENTATION_CONTEXT('2D SPACE',''
  ) );
#852 = PCURVE('',#853,#858);
#853 = PLANE('',#854);
#854 = AXIS2_PLACEMENT_3D('',#855,#856,#857);
#855 = CARTESIAN_POINT('',(-2.969466097082,0.271658062216,1.665930765507
    ));
#856 = DIRECTION('',(-0.7954831076,-0.20190586637,0.571349846109));
#857 = DIRECTION('',(-0.583364272888,-1.537601585166E-17,-0.812210640855
    ));
#858 = DEFINITIONAL_REPRESENTATION('',(#859),#863);
#859 = LINE('',#860,#861);
#860 = CARTESIAN_POINT('',(-0.786793658014,0.226319119844));
#861 = VECTOR('',#862,1.);
#862 = DIRECTION('',(1.,-3.616274382141E-17));
#863 = ( GEOMETRIC_REPRESENTATION_CONTEXT(2) 
PARAMETRIC_REPRESENTATION_CONTEXT() REPRESENTATION_CONTEXT('2D SPACE',''
  ) );
#864 = ORIENTED_EDGE('',*,*,#865,.T.);
#865 = EDGE_CURVE('',#838,#866,#868,.T.);
#866 = VERTEX_POINT('',#867);
#867 = CARTESIAN_POINT('',(-2.883465544475,-0.72,1.106076687313));
#868 = SURFACE_CURVE('',#869,(#873,#880),.PCURVE_S1.);
#869 = LINE('',#870,#871);
#870 = CARTESIAN_POINT('',(-3.223779883935,5.E-02,1.233522519939));
#871 = VECTOR('',#872,1.);
#872 = DIRECTION('',(0.399690971069,-0.904346399895,-0.14968205184));
#873 = PCURVE('',#658,#874);
#874 = DEFINITIONAL_REPRESENTATION('',(#875),#879);
#875 = LINE('',#876,#877);
#876 = CARTESIAN_POINT('',(0.825091974821,-0.563893980165));
#877 = VECTOR('',#878,1.);
#878 = DIRECTION('',(-0.111592077468,0.99375409848));
#879 = ( GEOMETRIC_REPRESENTATION_CONTEXT(2) 
PARAMETRIC_REPRESENTATION_CONTEXT() REPRESENTATION_CONTEXT('2D SPACE',''
  ) );
#880 = PCURVE('',#881,#886);
#881 = PLANE('',#882);
#882 = AXIS2_PLACEMENT_3D('',#883,#884,#885);
#883 = CARTESIAN_POINT('',(-3.182946324024,-0.200153409705,
    0.730295842742));
#884 = DIRECTION('',(-0.897721493781,-0.419196398429,0.135537814456));
#885 = DIRECTION('',(0.423100698034,-0.906082666937,2.507086267985E-18)
  );
#886 = DEFINITIONAL_REPRESENTATION('',(#887),#891);
#887 = LINE('',#888,#889);
#888 = CARTESIAN_POINT('',(-0.243936376311,0.507913615645));
#889 = VECTOR('',#890,1.);
#890 = DIRECTION('',(0.988522126709,-0.151076156317));
#891 = ( GEOMETRIC_REPRESENTATION_CONTEXT(2) 
PARAMETRIC_REPRESENTATION_CONTEXT() REPRESENTATION_CONTEXT('2D SPACE',''
  ) );
#892 = ORIENTED_EDGE('',*,*,#893,.T.);
#893 = EDGE_CURVE('',#866,#747,#894,.T.);
#894 = SURFACE_CURVE('',#895,(#899,#906),.PCURVE_S1.);
#895 = LINE('',#896,#897);
#896 = CARTESIAN_POINT('',(-2.883465544475,-0.72,1.106076687313));
#897 = VECTOR('',#898,1.);
#898 = DIRECTION('',(0.583364272888,0.,0.812210640855));
#899 = PCURVE('',#658,#900);
#900 = DEFINITIONAL_REPRESENTATION('',(#901),#905);
#901 = LINE('',#902,#903);
#902 = CARTESIAN_POINT('',(0.73007760902,0.282231637097));
#903 = VECTOR('',#904,1.);
#904 = DIRECTION('',(-1.,-2.248024797607E-18));
#905 = ( GEOMETRIC_REPRESENTATION_CONTEXT(2) 
PARAMETRIC_REPRESENTATION_CONTEXT() REPRESENTATION_CONTEXT('2D SPACE',''
  ) );
#906 = PCURVE('',#907,#912);
#907 = PLANE('',#908);
#908 = AXIS2_PLACEMENT_3D('',#909,#910,#911);
#909 = CARTESIAN_POINT('',(-2.296099777279,-0.978507818029,
    1.558115000025));
#910 = DIRECTION('',(-0.626407214666,-0.636547632537,0.449912339157));
#911 = DIRECTION('',(-0.712761253076,0.701406726596,2.065921949127E-17)
  );
#912 = DEFINITIONAL_REPRESENTATION('',(#913),#917);
#913 = LINE('',#914,#915);
#914 = CARTESIAN_POINT('',(0.599970682684,0.506160698331));
#915 = VECTOR('',#916,1.);
#916 = DIRECTION('',(-0.415799450143,-0.909456330596));
#917 = ( GEOMETRIC_REPRESENTATION_CONTEXT(2) 
PARAMETRIC_REPRESENTATION_CONTEXT() REPRESENTATION_CONTEXT('2D SPACE',''
  ) );
#918 = ORIENTED_EDGE('',*,*,#746,.T.);
#919 = ADVANCED_FACE('',(#920),#907,.T.);
#920 = FACE_BOUND('',#921,.T.);
#921 = EDGE_LOOP('',(#922,#923,#951,#979));
#922 = ORIENTED_EDGE('',*,*,#893,.F.);
#923 = ORIENTED_EDGE('',*,*,#924,.F.);
#924 = EDGE_CURVE('',#925,#866,#927,.T.);
#925 = VERTEX_POINT('',#926);
#926 = CARTESIAN_POINT('',(-2.274863087193,-1.48,0.878158442582));
#927 = SURFACE_CURVE('',#928,(#932,#939),.PCURVE_S1.);
#928 = LINE('',#929,#930);
#929 = CARTESIAN_POINT('',(-2.274863087193,-1.48,0.878158442582));
#930 = VECTOR('',#931,1.);
#931 = DIRECTION('',(-0.608619597076,0.760021403533,0.227924663489));
#932 = PCURVE('',#907,#933);
#933 = DEFINITIONAL_REPRESENTATION('',(#934),#938);
#934 = LINE('',#935,#936);
#935 = CARTESIAN_POINT('',(-0.366886679607,0.761367513045));
#936 = VECTOR('',#937,1.);
#937 = DIRECTION('',(0.966884591453,-0.255214001987));
#938 = ( GEOMETRIC_REPRESENTATION_CONTEXT(2) 
PARAMETRIC_REPRESENTATION_CONTEXT() REPRESENTATION_CONTEXT('2D SPACE',''
  ) );
#939 = PCURVE('',#940,#945);
#940 = PLANE('',#941);
#941 = AXIS2_PLACEMENT_3D('',#942,#943,#944);
#942 = CARTESIAN_POINT('',(-2.734156095211,-0.979830415979,
    0.638958735525));
#943 = DIRECTION('',(-0.758396659183,-0.641656969799,0.114502578348));
#944 = DIRECTION('',(0.645905119426,-0.763417694777,7.350693942115E-19)
  );
#945 = DEFINITIONAL_REPRESENTATION('',(#946),#950);
#946 = LINE('',#947,#948);
#947 = CARTESIAN_POINT('',(0.678498016026,0.240783350958));
#948 = VECTOR('',#949,1.);
#949 = DIRECTION('',(-0.973324301401,0.229433659915));
#950 = ( GEOMETRIC_REPRESENTATION_CONTEXT(2) 
PARAMETRIC_REPRESENTATION_CONTEXT() REPRESENTATION_CONTEXT('2D SPACE',''
  ) );
#951 = ORIENTED_EDGE('',*,*,#952,.T.);
#952 = EDGE_CURVE('',#925,#953,#955,.T.);
#953 = VERTEX_POINT('',#954);
#954 = CARTESIAN_POINT('',(-1.743295392203,-1.48,1.618253368293));
#955 = SURFACE_CURVE('',#956,(#960,#967),.PCURVE_S1.);
#956 = LINE('',#957,#958);
#957 = CARTESIAN_POINT('',(-2.274863087193,-1.48,0.878158442582));
#958 = VECTOR('',#959,1.);
#959 = DIRECTION('',(0.583364272888,0.,0.812210640855));
#960 = PCURVE('',#907,#961);
#961 = DEFINITIONAL_REPRESENTATION('',(#962),#966);
#962 = LINE('',#963,#964);
#963 = CARTESIAN_POINT('',(-0.366886679607,0.761367513045));
#964 = VECTOR('',#965,1.);
#965 = DIRECTION('',(-0.415799450143,-0.909456330596));
#966 = ( GEOMETRIC_REPRESENTATION_CONTEXT(2) 
PARAMETRIC_REPRESENTATION_CONTEXT() REPRESENTATION_CONTEXT('2D SPACE',''
  ) );
#967 = PCURVE('',#968,#973);
#968 = PLANE('',#969);
#969 = AXIS2_PLACEMENT_3D('',#970,#971,#972);
#970 = CARTESIAN_POINT('',(-1.442751192297,-1.83766340896,1.109855014564
    ));
#971 = DIRECTION('',(-0.448106762224,-0.834034362997,0.32184936071));
#972 = DIRECTION('',(-0.880906620439,0.473290107722,3.035882561486E-17)
  );
#973 = DEFINITIONAL_REPRESENTATION('',(#974),#978);
#974 = LINE('',#975,#976);
#975 = CARTESIAN_POINT('',(0.902291430515,0.244717787716));
#976 = VECTOR('',#977,1.);
#977 = DIRECTION('',(-0.513889450115,-0.857856417509));
#978 = ( GEOMETRIC_REPRESENTATION_CONTEXT(2) 
PARAMETRIC_REPRESENTATION_CONTEXT() REPRESENTATION_CONTEXT('2D SPACE',''
  ) );
#979 = ORIENTED_EDGE('',*,*,#980,.T.);
#980 = EDGE_CURVE('',#953,#747,#981,.T.);
#981 = SURFACE_CURVE('',#982,(#986,#993),.PCURVE_S1.);
#982 = LINE('',#983,#984);
#983 = CARTESIAN_POINT('',(-1.743295392203,-1.48,1.618253368293));
#984 = VECTOR('',#985,1.);
#985 = DIRECTION('',(-0.473946876308,0.769260801547,0.428499915566));
#986 = PCURVE('',#907,#987);
#987 = DEFINITIONAL_REPRESENTATION('',(#988),#992);
#988 = LINE('',#989,#990);
#989 = CARTESIAN_POINT('',(-0.745767535982,-6.733871360757E-02));
#990 = VECTOR('',#991,1.);
#991 = DIRECTION('',(0.877375670161,-0.479804057309));
#992 = ( GEOMETRIC_REPRESENTATION_CONTEXT(2) 
PARAMETRIC_REPRESENTATION_CONTEXT() REPRESENTATION_CONTEXT('2D SPACE',''
  ) );
#993 = PCURVE('',#72,#994);
#994 = DEFINITIONAL_REPRESENTATION('',(#995),#999);
#995 = LINE('',#996,#997);
#996 = CARTESIAN_POINT('',(-0.519217980899,0.487118453729));
#997 = VECTOR('',#998,1.);
#998 = DIRECTION('',(0.860303735535,0.509781799032));
#999 = ( GEOMETRIC_REPRESENTATION_CONTEXT(2) 
PARAMETRIC_REPRESENTATION_CONTEXT() REPRESENTATION_CONTEXT('2D SPACE',''
  ) );
#1000 = ADVANCED_FACE('',(#1001),#968,.T.);
#1001 = FACE_BOUND('',#1002,.T.);
#1002 = EDGE_LOOP('',(#1003,#1031,#1032,#1060));
#1003 = ORIENTED_EDGE('',*,*,#1004,.F.);
#1004 = EDGE_CURVE('',#953,#1005,#1007,.T.);
#1005 = VERTEX_POINT('',#1006);
#1006 = CARTESIAN_POINT('',(-1.066222224708,-2.08,1.006105025078));
#1007 = SURFACE_CURVE('',#1008,(#1012,#1019),.PCURVE_S1.);
#1008 = LINE('',#1009,#1010);
#1009 = CARTESIAN_POINT('',(-1.743295392203,-1.48,1.618253368293));
#1010 = VECTOR('',#1011,1.);
#1011 = DIRECTION('',(0.619851151879,-0.549291729435,-0.560413370192));
#1012 = PCURVE('',#968,#1013);
#1013 = DEFINITIONAL_REPRESENTATION('',(#1014),#1018);
#1014 = LINE('',#1015,#1016);
#1015 = CARTESIAN_POINT('',(0.434029928787,-0.536970052422));
#1016 = VECTOR('',#1017,1.);
#1017 = DIRECTION('',(-0.806005325171,0.591908283263));
#1018 = ( GEOMETRIC_REPRESENTATION_CONTEXT(2) 
PARAMETRIC_REPRESENTATION_CONTEXT() REPRESENTATION_CONTEXT('2D SPACE',''
  ) );
#1019 = PCURVE('',#1020,#1025);
#1020 = PLANE('',#1021);
#1021 = AXIS2_PLACEMENT_3D('',#1022,#1023,#1024);
#1022 = CARTESIAN_POINT('',(-1.066512504175,-1.695853477003,
    1.626920622585));
#1023 = DIRECTION('',(-0.267818314292,-0.819359655294,0.506875828784));
#1024 = DIRECTION('',(1.779691337317E-17,-0.5260943532,-0.850426205812)
  );
#1025 = DEFINITIONAL_REPRESENTATION('',(#1026),#1030);
#1026 = LINE('',#1027,#1028);
#1027 = CARTESIAN_POINT('',(-0.106188435188,-0.70244354833));
#1028 = VECTOR('',#1029,1.);
#1029 = DIRECTION('',(0.765569493213,0.643353208635));
#1030 = ( GEOMETRIC_REPRESENTATION_CONTEXT(2) 
PARAMETRIC_REPRESENTATION_CONTEXT() REPRESENTATION_CONTEXT('2D SPACE',''
  ) );
#1031 = ORIENTED_EDGE('',*,*,#952,.F.);
#1032 = ORIENTED_EDGE('',*,*,#1033,.T.);
#1033 = EDGE_CURVE('',#925,#1034,#1036,.T.);
#1034 = VERTEX_POINT('',#1035);
#1035 = CARTESIAN_POINT('',(-1.394828684606,-2.08,0.54859043979));
#1036 = SURFACE_CURVE('',#1037,(#1041,#1048),.PCURVE_S1.);
#1037 = LINE('',#1038,#1039);
#1038 = CARTESIAN_POINT('',(-2.274863087193,-1.48,0.878158442582));
#1039 = VECTOR('',#1040,1.);
#1040 = DIRECTION('',(0.789315944719,-0.538148923996,-0.295594443477));
#1041 = PCURVE('',#968,#1042);
#1042 = DEFINITIONAL_REPRESENTATION('',(#1043),#1047);
#1043 = LINE('',#1044,#1045);
#1044 = CARTESIAN_POINT('',(0.902291430515,0.244717787716));
#1045 = VECTOR('',#1046,1.);
#1046 = DIRECTION('',(-0.950014203529,0.312206683293));
#1047 = ( GEOMETRIC_REPRESENTATION_CONTEXT(2) 
PARAMETRIC_REPRESENTATION_CONTEXT() REPRESENTATION_CONTEXT('2D SPACE',''
  ) );
#1048 = PCURVE('',#1049,#1054);
#1049 = PLANE('',#1050);
#1050 = AXIS2_PLACEMENT_3D('',#1051,#1052,#1053);
#1051 = CARTESIAN_POINT('',(-1.780223644308,-1.834412637748,
    0.516669120831));
#1052 = DIRECTION('',(-0.5404045278,-0.837440141511,8.159016925381E-02)
  );
#1053 = DIRECTION('',(-0.840241536839,0.542212282939,5.170349380579E-18)
  );
#1054 = DEFINITIONAL_REPRESENTATION('',(#1055),#1059);
#1055 = LINE('',#1056,#1057);
#1056 = CARTESIAN_POINT('',(0.607783491087,-0.362698571758));
#1057 = VECTOR('',#1058,1.);
#1058 = DIRECTION('',(-0.955006999084,0.296583262679));
#1059 = ( GEOMETRIC_REPRESENTATION_CONTEXT(2) 
PARAMETRIC_REPRESENTATION_CONTEXT() REPRESENTATION_CONTEXT('2D SPACE',''
  ) );
#1060 = ORIENTED_EDGE('',*,*,#1061,.F.);
#1061 = EDGE_CURVE('',#1005,#1034,#1062,.T.);
#1062 = SURFACE_CURVE('',#1063,(#1067,#1074),.PCURVE_S1.);
#1063 = LINE('',#1064,#1065);
#1064 = CARTESIAN_POINT('',(-1.066222224708,-2.08,1.006105025078));
#1065 = VECTOR('',#1066,1.);
#1066 = DIRECTION('',(-0.583364272888,0.,-0.812210640855));
#1067 = PCURVE('',#968,#1068);
#1068 = DEFINITIONAL_REPRESENTATION('',(#1069),#1073);
#1069 = LINE('',#1070,#1071);
#1070 = CARTESIAN_POINT('',(-0.446382371614,0.109580679961));
#1071 = VECTOR('',#1072,1.);
#1072 = DIRECTION('',(0.513889450115,0.857856417509));
#1073 = ( GEOMETRIC_REPRESENTATION_CONTEXT(2) 
PARAMETRIC_REPRESENTATION_CONTEXT() REPRESENTATION_CONTEXT('2D SPACE',''
  ) );
#1074 = PCURVE('',#1075,#1080);
#1075 = PLANE('',#1076);
#1076 = AXIS2_PLACEMENT_3D('',#1077,#1078,#1079);
#1077 = CARTESIAN_POINT('',(-0.69902766877,-2.215172439244,
    0.453977008159));
#1078 = DIRECTION('',(-0.17292587924,-0.977072321725,0.12420273108));
#1079 = DIRECTION('',(-0.98469696552,0.174275316946,1.776057954467E-18)
  );
#1080 = DEFINITIONAL_REPRESENTATION('',(#1081),#1085);
#1081 = LINE('',#1082,#1083);
#1082 = CARTESIAN_POINT('',(0.385132584679,-0.556436581766));
#1083 = VECTOR('',#1084,1.);
#1084 = DIRECTION('',(0.574437029306,0.81854877641));
#1085 = ( GEOMETRIC_REPRESENTATION_CONTEXT(2) 
PARAMETRIC_REPRESENTATION_CONTEXT() REPRESENTATION_CONTEXT('2D SPACE',''
  ) );
#1086 = ADVANCED_FACE('',(#1087),#1075,.T.);
#1087 = FACE_BOUND('',#1088,.T.);
#1088 = EDGE_LOOP('',(#1089,#1116,#1117));
#1089 = ORIENTED_EDGE('',*,*,#1090,.F.);
#1090 = EDGE_CURVE('',#1005,#1091,#1093,.T.);
#1091 = VERTEX_POINT('',#1092);
#1092 = CARTESIAN_POINT('',(3.E-02,-2.4,1.5E-02));
#1093 = SURFACE_CURVE('',#1094,(#1098,#1104),.PCURVE_S1.);
#1094 = LINE('',#1095,#1096);
#1095 = CARTESIAN_POINT('',(-1.066222224708,-2.08,1.006105025078));
#1096 = VECTOR('',#1097,1.);
#1097 = DIRECTION('',(0.724975324048,-0.211628717669,-0.65545714229));
#1098 = PCURVE('',#1075,#1099);
#1099 = DEFINITIONAL_REPRESENTATION('',(#1100),#1103);
#1100 = B_SPLINE_CURVE_WITH_KNOTS('',1,(#1101,#1102),.UNSPECIFIED.,.F.,
  .F.,(2,2),(0.,1.512082119688),.PIECEWISE_BEZIER_KNOTS.);
#1101 = CARTESIAN_POINT('',(0.385132584679,-0.556436581766));
#1102 = CARTESIAN_POINT('',(-0.750082214949,0.442402592168));
#1103 = ( GEOMETRIC_REPRESENTATION_CONTEXT(2) 
PARAMETRIC_REPRESENTATION_CONTEXT() REPRESENTATION_CONTEXT('2D SPACE',''
  ) );
#1104 = PCURVE('',#1105,#1110);
#1105 = PLANE('',#1106);
#1106 = AXIS2_PLACEMENT_3D('',#1107,#1108,#1109);
#1107 = CARTESIAN_POINT('',(-0.461487006713,-2.213449928895,
    0.670758589481));
#1108 = DIRECTION('',(-0.104921032587,-0.974453526052,0.198574677351));
#1109 = DIRECTION('',(-7.118546110116E-19,-0.199676782102,
    -0.979861818161));
#1110 = DEFINITIONAL_REPRESENTATION('',(#1111),#1115);
#1111 = LINE('',#1112,#1113);
#1112 = CARTESIAN_POINT('',(-0.355240020472,-0.608091545023));
#1113 = VECTOR('',#1114,1.);
#1114 = DIRECTION('',(0.684514768515,0.728998992924));
#1115 = ( GEOMETRIC_REPRESENTATION_CONTEXT(2) 
PARAMETRIC_REPRESENTATION_CONTEXT() REPRESENTATION_CONTEXT('2D SPACE',''
  ) );
#1116 = ORIENTED_EDGE('',*,*,#1061,.T.);
#1117 = ORIENTED_EDGE('',*,*,#1118,.T.);
#1118 = EDGE_CURVE('',#1034,#1091,#1119,.T.);
#1119 = SURFACE_CURVE('',#1120,(#1124,#1131),.PCURVE_S1.);
#1120 = LINE('',#1121,#1122);
#1121 = CARTESIAN_POINT('',(-1.394828684606,-2.08,0.54859043979));
#1122 = VECTOR('',#1123,1.);
#1123 = DIRECTION('',(0.916434368283,-0.205820531983,-0.343199588058));
#1124 = PCURVE('',#1075,#1125);
#1125 = DEFINITIONAL_REPRESENTATION('',(#1126),#1130);
#1126 = LINE('',#1127,#1128);
#1127 = CARTESIAN_POINT('',(0.70871036859,-9.535175334785E-02));
#1128 = VECTOR('',#1129,1.);
#1129 = DIRECTION('',(-0.938279579992,0.345877767095));
#1130 = ( GEOMETRIC_REPRESENTATION_CONTEXT(2) 
PARAMETRIC_REPRESENTATION_CONTEXT() REPRESENTATION_CONTEXT('2D SPACE',''
  ) );
#1131 = PCURVE('',#1132,#1137);
#1132 = PLANE('',#1133);
#1133 = AXIS2_PLACEMENT_3D('',#1134,#1135,#1136);
#1134 = CARTESIAN_POINT('',(-0.811267104723,-2.216236674995,
    0.168787335237));
#1135 = DIRECTION('',(-0.207821414763,-0.977663415348,3.1376836301E-02)
  );
#1136 = DIRECTION('',(-0.978145028669,0.207923791062,8.800193770801E-19)
  );
#1137 = DEFINITIONAL_REPRESENTATION('',(#1138),#1141);
#1138 = B_SPLINE_CURVE_WITH_KNOTS('',1,(#1139,#1140),.UNSPECIFIED.,.F.,
  .F.,(2,2),(0.,1.554752564851),.PIECEWISE_BEZIER_KNOTS.);
#1139 = CARTESIAN_POINT('',(0.599134704231,-0.379990201903));
#1140 = CARTESIAN_POINT('',(-0.861090003461,0.153863093446));
#1141 = ( GEOMETRIC_REPRESENTATION_CONTEXT(2) 
PARAMETRIC_REPRESENTATION_CONTEXT() REPRESENTATION_CONTEXT('2D SPACE',''
  ) );
#1142 = ADVANCED_FACE('',(#1143),#1132,.T.);
#1143 = FACE_BOUND('',#1144,.T.);
#1144 = EDGE_LOOP('',(#1145,#1146,#1169));
#1145 = ORIENTED_EDGE('',*,*,#1118,.F.);
#1146 = ORIENTED_EDGE('',*,*,#1147,.T.);
#1147 = EDGE_CURVE('',#1034,#1148,#1150,.T.);
#1148 = VERTEX_POINT('',#1149);
#1149 = CARTESIAN_POINT('',(-1.475390064193,-2.08,1.5E-02));
#1150 = SURFACE_CURVE('',#1151,(#1155,#1162),.PCURVE_S1.);
#1151 = LINE('',#1152,#1153);
#1152 = CARTESIAN_POINT('',(-1.394828684606,-2.08,0.54859043979));
#1153 = VECTOR('',#1154,1.);
#1154 = DIRECTION('',(-0.149287889294,0.,-0.988793773297));
#1155 = PCURVE('',#1132,#1156);
#1156 = DEFINITIONAL_REPRESENTATION('',(#1157),#1161);
#1157 = LINE('',#1158,#1159);
#1158 = CARTESIAN_POINT('',(0.599134704231,-0.379990201903));
#1159 = VECTOR('',#1160,1.);
#1160 = DIRECTION('',(0.146025206754,0.989280869618));
#1161 = ( GEOMETRIC_REPRESENTATION_CONTEXT(2) 
PARAMETRIC_REPRESENTATION_CONTEXT() REPRESENTATION_CONTEXT('2D SPACE',''
  ) );
#1162 = PCURVE('',#1049,#1163);
#1163 = DEFINITIONAL_REPRESENTATION('',(#1164),#1168);
#1164 = LINE('',#1165,#1166);
#1165 = CARTESIAN_POINT('',(-0.456985337578,-3.202810179492E-02));
#1166 = VECTOR('',#1167,1.);
#1167 = DIRECTION('',(0.125437885532,0.992101475089));
#1168 = ( GEOMETRIC_REPRESENTATION_CONTEXT(2) 
PARAMETRIC_REPRESENTATION_CONTEXT() REPRESENTATION_CONTEXT('2D SPACE',''
  ) );
#1169 = ORIENTED_EDGE('',*,*,#1170,.F.);
#1170 = EDGE_CURVE('',#1091,#1148,#1171,.T.);
#1171 = SURFACE_CURVE('',#1172,(#1176,#1182),.PCURVE_S1.);
#1172 = LINE('',#1173,#1174);
#1173 = CARTESIAN_POINT('',(3.E-02,-2.4,1.5E-02));
#1174 = VECTOR('',#1175,1.);
#1175 = DIRECTION('',(-0.978145028669,0.207923791062,1.082070844708E-16)
  );
#1176 = PCURVE('',#1132,#1177);
#1177 = DEFINITIONAL_REPRESENTATION('',(#1178),#1181);
#1178 = B_SPLINE_CURVE_WITH_KNOTS('',1,(#1179,#1180),.UNSPECIFIED.,.F.,
  .F.,(2,2),(0.,1.539025420638),.PIECEWISE_BEZIER_KNOTS.);
#1179 = CARTESIAN_POINT('',(-0.861090003461,0.153863093446));
#1180 = CARTESIAN_POINT('',(0.677935417177,0.153863093446));
#1181 = ( GEOMETRIC_REPRESENTATION_CONTEXT(2) 
PARAMETRIC_REPRESENTATION_CONTEXT() REPRESENTATION_CONTEXT('2D SPACE',''
  ) );
#1182 = PCURVE('',#1183,#1188);
#1183 = PLANE('',#1184);
#1184 = AXIS2_PLACEMENT_3D('',#1185,#1186,#1187);
#1185 = CARTESIAN_POINT('',(-0.803156308434,-2.21624692031,
    -0.134587824421));
#1186 = DIRECTION('',(-0.207727524358,-0.977221722588,
    -4.343938910861E-02));
#1187 = DIRECTION('',(-0.978145028669,0.207923791062,-7.870959992091E-19
    ));
#1188 = DEFINITIONAL_REPRESENTATION('',(#1189),#1193);
#1189 = LINE('',#1190,#1191);
#1190 = CARTESIAN_POINT('',(-0.853154338147,-0.14972915913));
#1191 = VECTOR('',#1192,1.);
#1192 = DIRECTION('',(1.,-1.060039546058E-16));
#1193 = ( GEOMETRIC_REPRESENTATION_CONTEXT(2) 
PARAMETRIC_REPRESENTATION_CONTEXT() REPRESENTATION_CONTEXT('2D SPACE',''
  ) );
#1194 = ADVANCED_FACE('',(#1195),#1183,.T.);
#1195 = FACE_BOUND('',#1196,.T.);
#1196 = EDGE_LOOP('',(#1197,#1225,#1250));
#1197 = ORIENTED_EDGE('',*,*,#1198,.T.);
#1198 = EDGE_CURVE('',#1148,#1199,#1201,.T.);
#1199 = VERTEX_POINT('',#1200);
#1200 = CARTESIAN_POINT('',(-1.366060108652,-2.08,-0.507816767656));
#1201 = SURFACE_CURVE('',#1202,(#1206,#1213),.PCURVE_S1.);
#1202 = LINE('',#1203,#1204);
#1203 = CARTESIAN_POINT('',(-1.475390064193,-2.08,1.5E-02));
#1204 = VECTOR('',#1205,1.);
#1205 = DIRECTION('',(0.204689508707,0.,-0.978826953565));
#1206 = PCURVE('',#1183,#1207);
#1207 = DEFINITIONAL_REPRESENTATION('',(#1208),#1212);
#1208 = LINE('',#1209,#1210);
#1209 = CARTESIAN_POINT('',(0.685871082491,-0.14972915913));
#1210 = VECTOR('',#1211,1.);
#1211 = DIRECTION('',(-0.200216025363,0.979751776313));
#1212 = ( GEOMETRIC_REPRESENTATION_CONTEXT(2) 
PARAMETRIC_REPRESENTATION_CONTEXT() REPRESENTATION_CONTEXT('2D SPACE',''
  ) );
#1213 = PCURVE('',#1214,#1219);
#1214 = PLANE('',#1215);
#1215 = AXIS2_PLACEMENT_3D('',#1216,#1217,#1218);
#1216 = CARTESIAN_POINT('',(-1.752236494333,-1.834977859865,
    -0.476844659097));
#1217 = DIRECTION('',(-0.538760096221,-0.834891841223,-0.112663979067));
#1218 = DIRECTION('',(-0.840241536839,0.542212282939,4.481570044453E-18)
  );
#1219 = DEFINITIONAL_REPRESENTATION('',(#1220),#1224);
#1220 = LINE('',#1221,#1222);
#1221 = CARTESIAN_POINT('',(-0.365471883903,-0.494996228063));
#1222 = VECTOR('',#1223,1.);
#1223 = DIRECTION('',(-0.171988627371,0.985098935161));
#1224 = ( GEOMETRIC_REPRESENTATION_CONTEXT(2) 
PARAMETRIC_REPRESENTATION_CONTEXT() REPRESENTATION_CONTEXT('2D SPACE',''
  ) );
#1225 = ORIENTED_EDGE('',*,*,#1226,.F.);
#1226 = EDGE_CURVE('',#1091,#1199,#1227,.T.);
#1227 = SURFACE_CURVE('',#1228,(#1232,#1238),.PCURVE_S1.);
#1228 = LINE('',#1229,#1230);
#1229 = CARTESIAN_POINT('',(3.E-02,-2.4,1.5E-02));
#1230 = VECTOR('',#1231,1.);
#1231 = DIRECTION('',(-0.915627187553,0.209876851434,-0.342897303352));
#1232 = PCURVE('',#1183,#1233);
#1233 = DEFINITIONAL_REPRESENTATION('',(#1234),#1237);
#1234 = B_SPLINE_CURVE_WITH_KNOTS('',1,(#1235,#1236),.UNSPECIFIED.,.F.,
  .F.,(2,2),(0.,1.524703643175),.PIECEWISE_BEZIER_KNOTS.);
#1235 = CARTESIAN_POINT('',(-0.853154338147,-0.14972915913));
#1236 = CARTESIAN_POINT('',(0.578930529994,0.373581580251));
#1237 = ( GEOMETRIC_REPRESENTATION_CONTEXT(2) 
PARAMETRIC_REPRESENTATION_CONTEXT() REPRESENTATION_CONTEXT('2D SPACE',''
  ) );
#1238 = PCURVE('',#1239,#1244);
#1239 = PLANE('',#1240);
#1240 = AXIS2_PLACEMENT_3D('',#1241,#1242,#1243);
#1241 = CARTESIAN_POINT('',(-0.685522776214,-2.215207859497,
    -0.416621574117));
#1242 = DIRECTION('',(-0.177357420261,-0.976306520661,-0.123975494325));
#1243 = DIRECTION('',(-0.983897010656,0.17873632094,9.144527117746E-19)
  );
#1244 = DEFINITIONAL_REPRESENTATION('',(#1245),#1249);
#1245 = LINE('',#1246,#1247);
#1246 = CARTESIAN_POINT('',(-0.737029787905,-0.434977302232));
#1247 = VECTOR('',#1248,1.);
#1248 = DIRECTION('',(0.938395468984,0.345563226907));
#1249 = ( GEOMETRIC_REPRESENTATION_CONTEXT(2) 
PARAMETRIC_REPRESENTATION_CONTEXT() REPRESENTATION_CONTEXT('2D SPACE',''
  ) );
#1250 = ORIENTED_EDGE('',*,*,#1170,.T.);
#1251 = ADVANCED_FACE('',(#1252),#1239,.T.);
#1252 = FACE_BOUND('',#1253,.T.);
#1253 = EDGE_LOOP('',(#1254,#1255,#1283));
#1254 = ORIENTED_EDGE('',*,*,#1226,.T.);
#1255 = ORIENTED_EDGE('',*,*,#1256,.T.);
#1256 = EDGE_CURVE('',#1199,#1257,#1259,.T.);
#1257 = VERTEX_POINT('',#1258);
#1258 = CARTESIAN_POINT('',(-1.049369983084,-2.08,-0.96086875183));
#1259 = SURFACE_CURVE('',#1260,(#1264,#1271),.PCURVE_S1.);
#1260 = LINE('',#1261,#1262);
#1261 = CARTESIAN_POINT('',(-1.366060108652,-2.08,-0.507816767656));
#1262 = VECTOR('',#1263,1.);
#1263 = DIRECTION('',(0.572920386861,0.,-0.819611023791));
#1264 = PCURVE('',#1239,#1265);
#1265 = DEFINITIONAL_REPRESENTATION('',(#1266),#1270);
#1266 = LINE('',#1267,#1268);
#1267 = CARTESIAN_POINT('',(0.693745202394,9.190420878061E-02));
#1268 = VECTOR('',#1269,1.);
#1269 = DIRECTION('',(-0.563694655976,0.825983253356));
#1270 = ( GEOMETRIC_REPRESENTATION_CONTEXT(2) 
PARAMETRIC_REPRESENTATION_CONTEXT() REPRESENTATION_CONTEXT('2D SPACE',''
  ) );
#1271 = PCURVE('',#1272,#1277);
#1272 = PLANE('',#1273);
#1273 = AXIS2_PLACEMENT_3D('',#1274,#1275,#1276);
#1274 = CARTESIAN_POINT('',(-1.617279364834,-1.835628952302,
    -0.782348388889));
#1275 = DIRECTION('',(-0.457546236121,-0.829674117629,-0.319831675022));
#1276 = DIRECTION('',(-0.875669184996,0.482911460258,-1.891795121293E-18
    ));
#1277 = DEFINITIONAL_REPRESENTATION('',(#1278),#1282);
#1278 = LINE('',#1279,#1280);
#1279 = CARTESIAN_POINT('',(-0.337994540805,-0.289750970788));
#1280 = VECTOR('',#1281,1.);
#1281 = DIRECTION('',(-0.50168872823,0.86504821829));
#1282 = ( GEOMETRIC_REPRESENTATION_CONTEXT(2) 
PARAMETRIC_REPRESENTATION_CONTEXT() REPRESENTATION_CONTEXT('2D SPACE',''
  ) );
#1283 = ORIENTED_EDGE('',*,*,#1284,.F.);
#1284 = EDGE_CURVE('',#1091,#1257,#1285,.T.);
#1285 = SURFACE_CURVE('',#1286,(#1290,#1296),.PCURVE_S1.);
#1286 = LINE('',#1287,#1288);
#1287 = CARTESIAN_POINT('',(3.E-02,-2.4,1.5E-02));
#1288 = VECTOR('',#1289,1.);
#1289 = DIRECTION('',(-0.724464962267,0.214781577734,-0.65499571931));
#1290 = PCURVE('',#1239,#1291);
#1291 = DEFINITIONAL_REPRESENTATION('',(#1292),#1295);
#1292 = B_SPLINE_CURVE_WITH_KNOTS('',1,(#1293,#1294),.UNSPECIFIED.,.F.,
  .F.,(2,2),(0.,1.489885693998),.PIECEWISE_BEZIER_KNOTS.);
#1293 = CARTESIAN_POINT('',(-0.737029787905,-0.434977302232));
#1294 = CARTESIAN_POINT('',(0.382154734544,0.548478536071));
#1295 = ( GEOMETRIC_REPRESENTATION_CONTEXT(2) 
PARAMETRIC_REPRESENTATION_CONTEXT() REPRESENTATION_CONTEXT('2D SPACE',''
  ) );
#1296 = PCURVE('',#1297,#1302);
#1297 = PLANE('',#1298);
#1298 = AXIS2_PLACEMENT_3D('',#1299,#1300,#1301);
#1299 = CARTESIAN_POINT('',(-0.456305074077,-2.213603794968,
    -0.639470711498));
#1300 = DIRECTION('',(-0.115740033329,-0.974629209853,-0.191578046725));
#1301 = DIRECTION('',(1.36351200244E-18,0.1928742504,-0.98122348297));
#1302 = DEFINITIONAL_REPRESENTATION('',(#1303),#1307);
#1303 = LINE('',#1304,#1305);
#1304 = CARTESIAN_POINT('',(-0.678133059361,0.489595380221));
#1305 = VECTOR('',#1306,1.);
#1306 = DIRECTION('',(0.684123016837,-0.729366641569));
#1307 = ( GEOMETRIC_REPRESENTATION_CONTEXT(2) 
PARAMETRIC_REPRESENTATION_CONTEXT() REPRESENTATION_CONTEXT('2D SPACE',''
  ) );
#1308 = ADVANCED_FACE('',(#1309),#1297,.T.);
#1309 = FACE_BOUND('',#1310,.T.);
#1310 = EDGE_LOOP('',(#1311,#1339,#1364));
#1311 = ORIENTED_EDGE('',*,*,#1312,.T.);
#1312 = EDGE_CURVE('',#1257,#1313,#1315,.T.);
#1313 = VERTEX_POINT('',#1314);
#1314 = CARTESIAN_POINT('',(-0.554156807323,-2.08,-1.260047026415));
#1315 = SURFACE_CURVE('',#1316,(#1320,#1327),.PCURVE_S1.);
#1316 = LINE('',#1317,#1318);
#1317 = CARTESIAN_POINT('',(-1.049369983084,-2.08,-0.96086875183));
#1318 = VECTOR('',#1319,1.);
#1319 = DIRECTION('',(0.855925501422,0.,-0.517099154916));
#1320 = PCURVE('',#1297,#1321);
#1321 = DEFINITIONAL_REPRESENTATION('',(#1322),#1326);
#1322 = LINE('',#1323,#1324);
#1323 = CARTESIAN_POINT('',(0.341132036359,-0.597077544732));
#1324 = VECTOR('',#1325,1.);
#1325 = DIRECTION('',(0.507389833828,0.861716633545));
#1326 = ( GEOMETRIC_REPRESENTATION_CONTEXT(2) 
PARAMETRIC_REPRESENTATION_CONTEXT() REPRESENTATION_CONTEXT('2D SPACE',''
  ) );
#1327 = PCURVE('',#1328,#1333);
#1328 = PLANE('',#1329);
#1329 = AXIS2_PLACEMENT_3D('',#1330,#1331,#1332);
#1330 = CARTESIAN_POINT('',(-0.855367367818,-1.840248827047,
    -1.479855263959));
#1331 = DIRECTION('',(-0.295728822502,-0.82032359312,-0.489503489377));
#1332 = DIRECTION('',(-3.365323242462E-17,0.512423188749,-0.858733064248
    ));
#1333 = DEFINITIONAL_REPRESENTATION('',(#1334),#1338);
#1334 = LINE('',#1335,#1336);
#1335 = CARTESIAN_POINT('',(-0.568524938415,-0.203086271901));
#1336 = VECTOR('',#1337,1.);
#1337 = DIRECTION('',(0.444050141821,0.896001937246));
#1338 = ( GEOMETRIC_REPRESENTATION_CONTEXT(2) 
PARAMETRIC_REPRESENTATION_CONTEXT() REPRESENTATION_CONTEXT('2D SPACE',''
  ) );
#1339 = ORIENTED_EDGE('',*,*,#1340,.F.);
#1340 = EDGE_CURVE('',#1091,#1313,#1341,.T.);
#1341 = SURFACE_CURVE('',#1342,(#1346,#1352),.PCURVE_S1.);
#1342 = LINE('',#1343,#1344);
#1343 = CARTESIAN_POINT('',(3.E-02,-2.4,1.5E-02));
#1344 = VECTOR('',#1345,1.);
#1345 = DIRECTION('',(-0.406077464341,0.222448470959,-0.886350816958));
#1346 = PCURVE('',#1297,#1347);
#1347 = DEFINITIONAL_REPRESENTATION('',(#1348),#1351);
#1348 = B_SPLINE_CURVE_WITH_KNOTS('',1,(#1349,#1350),.UNSPECIFIED.,.F.,
  .F.,(2,2),(0.,1.438535399326),.PIECEWISE_BEZIER_KNOTS.);
#1349 = CARTESIAN_POINT('',(-0.678133059361,0.489595380221));
#1350 = CARTESIAN_POINT('',(0.634692784977,-9.851379123438E-02));
#1351 = ( GEOMETRIC_REPRESENTATION_CONTEXT(2) 
PARAMETRIC_REPRESENTATION_CONTEXT() REPRESENTATION_CONTEXT('2D SPACE',''
  ) );
#1352 = PCURVE('',#1353,#1358);
#1353 = PLANE('',#1354);
#1354 = AXIS2_PLACEMENT_3D('',#1355,#1356,#1357);
#1355 = CARTESIAN_POINT('',(-0.14152484388,-2.212471850764,
    -0.766916630275));
#1356 = DIRECTION('',(-4.54226366673E-02,-0.973634854349,-0.223544077254
    ));
#1357 = DIRECTION('',(4.158755239738E-19,0.223775044567,-0.974640820728)
  );
#1358 = DEFINITIONAL_REPRESENTATION('',(#1359),#1363);
#1359 = LINE('',#1360,#1361);
#1360 = CARTESIAN_POINT('',(-0.804051986225,0.171702064555));
#1361 = VECTOR('',#1362,1.);
#1362 = DIRECTION('',(0.913652104195,-0.406497026433));
#1363 = ( GEOMETRIC_REPRESENTATION_CONTEXT(2) 
PARAMETRIC_REPRESENTATION_CONTEXT() REPRESENTATION_CONTEXT('2D SPACE',''
  ) );
#1364 = ORIENTED_EDGE('',*,*,#1284,.T.);
#1365 = ADVANCED_FACE('',(#1366),#1353,.T.);
#1366 = FACE_BOUND('',#1367,.T.);
#1367 = EDGE_LOOP('',(#1368,#1369,#1397));
#1368 = ORIENTED_EDGE('',*,*,#1340,.T.);
#1369 = ORIENTED_EDGE('',*,*,#1370,.T.);
#1370 = EDGE_CURVE('',#1313,#1371,#1373,.T.);
#1371 = VERTEX_POINT('',#1372);
#1372 = CARTESIAN_POINT('',(3.E-02,-2.08,-1.3787437181));
#1373 = SURFACE_CURVE('',#1374,(#1378,#1385),.PCURVE_S1.);
#1374 = LINE('',#1375,#1376);
#1375 = CARTESIAN_POINT('',(-0.554156807323,-2.08,-1.260047026415));
#1376 = VECTOR('',#1377,1.);
#1377 = DIRECTION('',(0.979974279479,0.,-0.199124110944));
#1378 = PCURVE('',#1353,#1379);
#1379 = DEFINITIONAL_REPRESENTATION('',(#1380),#1384);
#1380 = LINE('',#1381,#1382);
#1381 = CARTESIAN_POINT('',(0.510268908329,-0.41305829769));
#1382 = VECTOR('',#1383,1.);
#1383 = DIRECTION('',(0.194074486917,0.980986795797));
#1384 = ( GEOMETRIC_REPRESENTATION_CONTEXT(2) 
PARAMETRIC_REPRESENTATION_CONTEXT() REPRESENTATION_CONTEXT('2D SPACE',''
  ) );
#1385 = PCURVE('',#1386,#1391);
#1386 = PLANE('',#1387);
#1387 = AXIS2_PLACEMENT_3D('',#1388,#1389,#1390);
#1388 = CARTESIAN_POINT('',(-0.293037278696,-1.692802174342,
    -1.86862714863));
#1389 = DIRECTION('',(-0.11541113279,-0.81490541592,-0.56798717726));
#1390 = DIRECTION('',(1.208962231075E-17,0.571808108037,-0.820387400917)
  );
#1391 = DEFINITIONAL_REPRESENTATION('',(#1392),#1396);
#1392 = LINE('',#1393,#1394);
#1393 = CARTESIAN_POINT('',(-0.720674320839,-0.262876116951));
#1394 = VECTOR('',#1395,1.);
#1395 = DIRECTION('',(0.163358911837,0.986566706271));
#1396 = ( GEOMETRIC_REPRESENTATION_CONTEXT(2) 
PARAMETRIC_REPRESENTATION_CONTEXT() REPRESENTATION_CONTEXT('2D SPACE',''
  ) );
#1397 = ORIENTED_EDGE('',*,*,#1398,.T.);
#1398 = EDGE_CURVE('',#1371,#1091,#1399,.T.);
#1399 = SURFACE_CURVE('',#1400,(#1404,#1411),.PCURVE_S1.);
#1400 = LINE('',#1401,#1402);
#1401 = CARTESIAN_POINT('',(3.E-02,-2.08,-1.3787437181));
#1402 = VECTOR('',#1403,1.);
#1403 = DIRECTION('',(1.989462593635E-16,-0.223775044567,0.974640820728)
  );
#1404 = PCURVE('',#1353,#1405);
#1405 = DEFINITIONAL_REPRESENTATION('',(#1406),#1410);
#1406 = LINE('',#1407,#1408);
#1407 = CARTESIAN_POINT('',(0.62595554933,0.171702064555));
#1408 = VECTOR('',#1409,1.);
#1409 = DIRECTION('',(-1.,2.030659787241E-16));
#1410 = ( GEOMETRIC_REPRESENTATION_CONTEXT(2) 
PARAMETRIC_REPRESENTATION_CONTEXT() REPRESENTATION_CONTEXT('2D SPACE',''
  ) );
#1411 = PCURVE('',#1412,#1417);
#1412 = PLANE('',#1413);
#1413 = AXIS2_PLACEMENT_3D('',#1414,#1415,#1416);
#1414 = CARTESIAN_POINT('',(0.202941497936,-2.212461561121,
    -0.769191778394));
#1415 = DIRECTION('',(4.217364262976E-02,-0.973773679035,-0.223575951048
    ));
#1416 = DIRECTION('',(-4.273605895287E-19,0.223775044567,-0.974640820728
    ));
#1417 = DEFINITIONAL_REPRESENTATION('',(#1418),#1421);
#1418 = B_SPLINE_CURVE_WITH_KNOTS('',1,(#1419,#1420),.UNSPECIFIED.,.F.,
  .F.,(2,2),(0.,1.430007535555),.PIECEWISE_BEZIER_KNOTS.);
#1419 = CARTESIAN_POINT('',(0.623735794535,-0.17309550167));
#1420 = CARTESIAN_POINT('',(-0.80627174102,-0.17309550167));
#1421 = ( GEOMETRIC_REPRESENTATION_CONTEXT(2) 
PARAMETRIC_REPRESENTATION_CONTEXT() REPRESENTATION_CONTEXT('2D SPACE',''
  ) );
#1422 = ADVANCED_FACE('',(#1423),#1412,.T.);
#1423 = FACE_BOUND('',#1424,.T.);
#1424 = EDGE_LOOP('',(#1425,#1453,#1478));
#1425 = ORIENTED_EDGE('',*,*,#1426,.T.);
#1426 = EDGE_CURVE('',#1371,#1427,#1429,.T.);
#1427 = VERTEX_POINT('',#1428);
#1428 = CARTESIAN_POINT('',(0.617743739945,-2.08,-1.267876273144));
#1429 = SURFACE_CURVE('',#1430,(#1434,#1441),.PCURVE_S1.);
#1430 = LINE('',#1431,#1432);
#1431 = CARTESIAN_POINT('',(3.E-02,-2.08,-1.3787437181));
#1432 = VECTOR('',#1433,1.);
#1433 = DIRECTION('',(0.98267006022,0.,0.185363299355));
#1434 = PCURVE('',#1412,#1435);
#1435 = DEFINITIONAL_REPRESENTATION('',(#1436),#1440);
#1436 = LINE('',#1437,#1438);
#1437 = CARTESIAN_POINT('',(0.623735794535,-0.17309550167));
#1438 = VECTOR('',#1439,1.);
#1439 = DIRECTION('',(-0.180662638216,0.983545124106));
#1440 = ( GEOMETRIC_REPRESENTATION_CONTEXT(2) 
PARAMETRIC_REPRESENTATION_CONTEXT() REPRESENTATION_CONTEXT('2D SPACE',''
  ) );
#1441 = PCURVE('',#1442,#1447);
#1442 = PLANE('',#1443);
#1443 = AXIS2_PLACEMENT_3D('',#1444,#1445,#1446);
#1444 = CARTESIAN_POINT('',(0.355652279177,-1.692874856429,
    -1.872733314887));
#1445 = DIRECTION('',(0.107239457087,-0.815656408537,-0.568510617365));
#1446 = DIRECTION('',(-6.353524709948E-19,0.571808108037,-0.820387400917
    ));
#1447 = DEFINITIONAL_REPRESENTATION('',(#1448),#1452);
#1448 = LINE('',#1449,#1450);
#1449 = CARTESIAN_POINT('',(-0.626624137306,-0.327541136342));
#1450 = VECTOR('',#1451,1.);
#1451 = DIRECTION('',(-0.152069715383,0.988369769703));
#1452 = ( GEOMETRIC_REPRESENTATION_CONTEXT(2) 
PARAMETRIC_REPRESENTATION_CONTEXT() REPRESENTATION_CONTEXT('2D SPACE',''
  ) );
#1453 = ORIENTED_EDGE('',*,*,#1454,.T.);
#1454 = EDGE_CURVE('',#1427,#1091,#1455,.T.);
#1455 = SURFACE_CURVE('',#1456,(#1460,#1467),.PCURVE_S1.);
#1456 = LINE('',#1457,#1458);
#1457 = CARTESIAN_POINT('',(0.617743739945,-2.08,-1.267876273144));
#1458 = VECTOR('',#1459,1.);
#1459 = DIRECTION('',(-0.406199777133,-0.221157487266,0.886617790755));
#1460 = PCURVE('',#1412,#1461);
#1461 = DEFINITIONAL_REPRESENTATION('',(#1462),#1466);
#1462 = LINE('',#1463,#1464);
#1463 = CARTESIAN_POINT('',(0.515679856991,0.415171621801));
#1464 = VECTOR('',#1465,1.);
#1465 = DIRECTION('',(-0.913623417823,-0.406561496463));
#1466 = ( GEOMETRIC_REPRESENTATION_CONTEXT(2) 
PARAMETRIC_REPRESENTATION_CONTEXT() REPRESENTATION_CONTEXT('2D SPACE',''
  ) );
#1467 = PCURVE('',#1468,#1473);
#1468 = PLANE('',#1469);
#1469 = AXIS2_PLACEMENT_3D('',#1470,#1471,#1472);
#1470 = CARTESIAN_POINT('',(0.510287787092,-2.213687437335,
    -0.637057256943));
#1471 = DIRECTION('',(0.127020596955,-0.974516213189,-0.184888934718));
#1472 = DIRECTION('',(6.886962010055E-19,0.18639874975,-0.982474175789)
  );
#1473 = DEFINITIONAL_REPRESENTATION('',(#1474),#1477);
#1474 = B_SPLINE_CURVE_WITH_KNOTS('',1,(#1475,#1476),.UNSPECIFIED.,.F.,
  .F.,(2,2),(0.,1.446932699209),.PIECEWISE_BEZIER_KNOTS.);
#1475 = CARTESIAN_POINT('',(0.64468256419,0.108333445132));
#1476 = CARTESIAN_POINT('',(-0.675357844826,-0.484209848311));
#1477 = ( GEOMETRIC_REPRESENTATION_CONTEXT(2) 
PARAMETRIC_REPRESENTATION_CONTEXT() REPRESENTATION_CONTEXT('2D SPACE',''
  ) );
#1478 = ORIENTED_EDGE('',*,*,#1398,.F.);
#1479 = ADVANCED_FACE('',(#1480),#1468,.T.);
#1480 = FACE_BOUND('',#1481,.T.);
#1481 = EDGE_LOOP('',(#1482,#1483,#1511));
#1482 = ORIENTED_EDGE('',*,*,#1454,.F.);
#1483 = ORIENTED_EDGE('',*,*,#1484,.T.);
#1484 = EDGE_CURVE('',#1427,#1485,#1487,.T.);
#1485 = VERTEX_POINT('',#1486);
#1486 = CARTESIAN_POINT('',(1.090047267366,-2.08,-0.943398899262));
#1487 = SURFACE_CURVE('',#1488,(#1492,#1499),.PCURVE_S1.);
#1488 = LINE('',#1489,#1490);
#1489 = CARTESIAN_POINT('',(0.617743739945,-2.08,-1.267876273144));
#1490 = VECTOR('',#1491,1.);
#1491 = DIRECTION('',(0.824230320152,0.,0.566254694764));
#1492 = PCURVE('',#1468,#1493);
#1493 = DEFINITIONAL_REPRESENTATION('',(#1494),#1498);
#1494 = LINE('',#1495,#1496);
#1495 = CARTESIAN_POINT('',(0.64468256419,0.108333445132));
#1496 = VECTOR('',#1497,1.);
#1497 = DIRECTION('',(-0.556330614525,0.830961038402));
#1498 = ( GEOMETRIC_REPRESENTATION_CONTEXT(2) 
PARAMETRIC_REPRESENTATION_CONTEXT() REPRESENTATION_CONTEXT('2D SPACE',''
  ) );
#1499 = PCURVE('',#1500,#1505);
#1500 = PLANE('',#1501);
#1501 = AXIS2_PLACEMENT_3D('',#1502,#1503,#1504);
#1502 = CARTESIAN_POINT('',(1.253100837942,-1.694873704356,
    -1.500057444183));
#1503 = DIRECTION('',(0.324344115251,-0.819703275375,-0.472109558515));
#1504 = DIRECTION('',(-1.067039408257E-17,0.499090827774,-0.866549678687
    ));
#1505 = DEFINITIONAL_REPRESENTATION('',(#1506),#1510);
#1506 = LINE('',#1507,#1508);
#1507 = CARTESIAN_POINT('',(-0.393409520852,-0.671668036057));
#1508 = VECTOR('',#1509,1.);
#1509 = DIRECTION('',(-0.490687823803,0.871335446066));
#1510 = ( GEOMETRIC_REPRESENTATION_CONTEXT(2) 
PARAMETRIC_REPRESENTATION_CONTEXT() REPRESENTATION_CONTEXT('2D SPACE',''
  ) );
#1511 = ORIENTED_EDGE('',*,*,#1512,.T.);
#1512 = EDGE_CURVE('',#1485,#1091,#1513,.T.);
#1513 = SURFACE_CURVE('',#1514,(#1518,#1525),.PCURVE_S1.);
#1514 = LINE('',#1515,#1516);
#1515 = CARTESIAN_POINT('',(1.090047267366,-2.08,-0.943398899262));
#1516 = VECTOR('',#1517,1.);
#1517 = DIRECTION('',(-0.723850999136,-0.218511312518,0.654440629356));
#1518 = PCURVE('',#1468,#1519);
#1519 = DEFINITIONAL_REPRESENTATION('',(#1520),#1524);
#1520 = LINE('',#1521,#1522);
#1521 = CARTESIAN_POINT('',(0.325891923724,0.58449383379));
#1522 = VECTOR('',#1523,1.);
#1523 = DIRECTION('',(-0.683701253389,-0.729762013341));
#1524 = ( GEOMETRIC_REPRESENTATION_CONTEXT(2) 
PARAMETRIC_REPRESENTATION_CONTEXT() REPRESENTATION_CONTEXT('2D SPACE',''
  ) );
#1525 = PCURVE('',#1526,#1531);
#1526 = PLANE('',#1527);
#1527 = AXIS2_PLACEMENT_3D('',#1528,#1529,#1530);
#1528 = CARTESIAN_POINT('',(0.739697428644,-2.215146882546,
    -0.410689720756));
#1529 = DIRECTION('',(0.17449631632,-0.975666584655,-0.132762009543));
#1530 = DIRECTION('',(-0.984380373894,-0.176054762768,8.456388245211E-19
    ));
#1531 = DEFINITIONAL_REPRESENTATION('',(#1532),#1535);
#1532 = B_SPLINE_CURVE_WITH_KNOTS('',1,(#1533,#1534),.UNSPECIFIED.,.F.,
  .F.,(2,2),(0.,1.464455072427),.PIECEWISE_BEZIER_KNOTS.);
#1533 = CARTESIAN_POINT('',(-0.368670757581,0.53746686477));
#1534 = CARTESIAN_POINT('',(0.7311564919,-0.429491604069));
#1535 = ( GEOMETRIC_REPRESENTATION_CONTEXT(2) 
PARAMETRIC_REPRESENTATION_CONTEXT() REPRESENTATION_CONTEXT('2D SPACE',''
  ) );
#1536 = ADVANCED_FACE('',(#1537),#1526,.T.);
#1537 = FACE_BOUND('',#1538,.T.);
#1538 = EDGE_LOOP('',(#1539,#1567,#1592));
#1539 = ORIENTED_EDGE('',*,*,#1540,.T.);
#1540 = EDGE_CURVE('',#1485,#1541,#1543,.T.);
#1541 = VERTEX_POINT('',#1542);
#1542 = CARTESIAN_POINT('',(1.422473176031,-2.08,-0.506473481283));
#1543 = SURFACE_CURVE('',#1544,(#1548,#1555),.PCURVE_S1.);
#1544 = LINE('',#1545,#1546);
#1545 = CARTESIAN_POINT('',(1.090047267366,-2.08,-0.943398899262));
#1546 = VECTOR('',#1547,1.);
#1547 = DIRECTION('',(0.605501823877,0.,0.795843917663));
#1548 = PCURVE('',#1526,#1549);
#1549 = DEFINITIONAL_REPRESENTATION('',(#1550),#1554);
#1550 = LINE('',#1551,#1552);
#1551 = CARTESIAN_POINT('',(-0.368670757581,0.53746686477));
#1552 = VECTOR('',#1553,1.);
#1553 = DIRECTION('',(-0.596044111781,-0.80295169021));
#1554 = ( GEOMETRIC_REPRESENTATION_CONTEXT(2) 
PARAMETRIC_REPRESENTATION_CONTEXT() REPRESENTATION_CONTEXT('2D SPACE',''
  ) );
#1555 = PCURVE('',#1556,#1561);
#1556 = PLANE('',#1557);
#1557 = AXIS2_PLACEMENT_3D('',#1558,#1559,#1560);
#1558 = CARTESIAN_POINT('',(1.687429940064,-1.699146519897,
    -1.080205934764));
#1559 = DIRECTION('',(0.448506214866,-0.826074776487,-0.341236924847));
#1560 = DIRECTION('',(-0.878824158173,-0.477145783813,2.241314227202E-17
    ));
#1561 = DEFINITIONAL_REPRESENTATION('',(#1562),#1566);
#1562 = LINE('',#1563,#1564);
#1563 = CARTESIAN_POINT('',(0.706716956723,-0.145542911162));
#1564 = VECTOR('',#1565,1.);
#1565 = DIRECTION('',(-0.532129630641,-0.846662894069));
#1566 = ( GEOMETRIC_REPRESENTATION_CONTEXT(2) 
PARAMETRIC_REPRESENTATION_CONTEXT() REPRESENTATION_CONTEXT('2D SPACE',''
  ) );
#1567 = ORIENTED_EDGE('',*,*,#1568,.F.);
#1568 = EDGE_CURVE('',#1091,#1541,#1569,.T.);
#1569 = SURFACE_CURVE('',#1570,(#1574,#1580),.PCURVE_S1.);
#1570 = LINE('',#1571,#1572);
#1571 = CARTESIAN_POINT('',(3.E-02,-2.4,1.5E-02));
#1572 = VECTOR('',#1573,1.);
#1573 = DIRECTION('',(0.91552317898,0.210393580513,-0.342858352718));
#1574 = PCURVE('',#1526,#1575);
#1575 = DEFINITIONAL_REPRESENTATION('',(#1576),#1579);
#1576 = B_SPLINE_CURVE_WITH_KNOTS('',1,(#1577,#1578),.UNSPECIFIED.,.F.,
  .F.,(2,2),(0.,1.520958953308),.PIECEWISE_BEZIER_KNOTS.);
#1577 = CARTESIAN_POINT('',(0.7311564919,-0.429491604069));
#1578 = CARTESIAN_POINT('',(-0.695904297844,9.663921618728E-02));
#1579 = ( GEOMETRIC_REPRESENTATION_CONTEXT(2) 
PARAMETRIC_REPRESENTATION_CONTEXT() REPRESENTATION_CONTEXT('2D SPACE',''
  ) );
#1580 = PCURVE('',#1581,#1586);
#1581 = PLANE('',#1582);
#1582 = AXIS2_PLACEMENT_3D('',#1583,#1584,#1585);
#1583 = CARTESIAN_POINT('',(0.874207546674,-2.216135196884,
    -0.132812290871));
#1584 = DIRECTION('',(0.202584576967,-0.977493055323,-5.887967365936E-02
    ));
#1585 = DIRECTION('',(-0.979191867972,-0.202936654396,
    -3.030820997324E-20));
#1586 = DEFINITIONAL_REPRESENTATION('',(#1587),#1591);
#1587 = LINE('',#1588,#1589);
#1588 = CARTESIAN_POINT('',(0.863954072589,-0.148069178005));
#1589 = VECTOR('',#1590,1.);
#1590 = DIRECTION('',(-0.939169421133,0.343454215884));
#1591 = ( GEOMETRIC_REPRESENTATION_CONTEXT(2) 
PARAMETRIC_REPRESENTATION_CONTEXT() REPRESENTATION_CONTEXT('2D SPACE',''
  ) );
#1592 = ORIENTED_EDGE('',*,*,#1512,.F.);
#1593 = ADVANCED_FACE('',(#1594),#1581,.T.);
#1594 = FACE_BOUND('',#1595,.T.);
#1595 = EDGE_LOOP('',(#1596,#1624,#1649));
#1596 = ORIENTED_EDGE('',*,*,#1597,.T.);
#1597 = EDGE_CURVE('',#1541,#1598,#1600,.T.);
#1598 = VERTEX_POINT('',#1599);
#1599 = CARTESIAN_POINT('',(1.574035495629,-2.08,1.5E-02));
#1600 = SURFACE_CURVE('',#1601,(#1605,#1612),.PCURVE_S1.);
#1601 = LINE('',#1602,#1603);
#1602 = CARTESIAN_POINT('',(1.422473176031,-2.08,-0.506473481283));
#1603 = VECTOR('',#1604,1.);
#1604 = DIRECTION('',(0.279093446679,0.,0.960263947059));
#1605 = PCURVE('',#1581,#1606);
#1606 = DEFINITIONAL_REPRESENTATION('',(#1607),#1611);
#1607 = LINE('',#1608,#1609);
#1608 = CARTESIAN_POINT('',(-0.564484067156,0.374310586695));
#1609 = VECTOR('',#1610,1.);
#1610 = DIRECTION('',(-0.273286033393,-0.961932816756));
#1611 = ( GEOMETRIC_REPRESENTATION_CONTEXT(2) 
PARAMETRIC_REPRESENTATION_CONTEXT() REPRESENTATION_CONTEXT('2D SPACE',''
  ) );
#1612 = PCURVE('',#1613,#1618);
#1613 = PLANE('',#1614);
#1614 = AXIS2_PLACEMENT_3D('',#1615,#1616,#1617);
#1615 = CARTESIAN_POINT('',(2.047992309355,-1.701022432686,
    -0.426792871671));
#1616 = DIRECTION('',(0.526258965241,-0.836454915056,-0.152953184283));
#1617 = DIRECTION('',(-0.846414303389,-0.532524954362,
    -1.967318626432E-17));
#1618 = DEFINITIONAL_REPRESENTATION('',(#1619),#1623);
#1619 = LINE('',#1620,#1621);
#1620 = CARTESIAN_POINT('',(0.731263353228,8.062933992534E-02));
#1621 = VECTOR('',#1622,1.);
#1622 = DIRECTION('',(-0.236228685252,-0.971697488041));
#1623 = ( GEOMETRIC_REPRESENTATION_CONTEXT(2) 
PARAMETRIC_REPRESENTATION_CONTEXT() REPRESENTATION_CONTEXT('2D SPACE',''
  ) );
#1624 = ORIENTED_EDGE('',*,*,#1625,.T.);
#1625 = EDGE_CURVE('',#1598,#1091,#1626,.T.);
#1626 = SURFACE_CURVE('',#1627,(#1631,#1638),.PCURVE_S1.);
#1627 = LINE('',#1628,#1629);
#1628 = CARTESIAN_POINT('',(1.574035495629,-2.08,1.5E-02));
#1629 = VECTOR('',#1630,1.);
#1630 = DIRECTION('',(-0.979191867972,-0.202936654396,0.));
#1631 = PCURVE('',#1581,#1632);
#1632 = DEFINITIONAL_REPRESENTATION('',(#1633),#1637);
#1633 = LINE('',#1634,#1635);
#1634 = CARTESIAN_POINT('',(-0.712892657998,-0.148069178005));
#1635 = VECTOR('',#1636,1.);
#1636 = DIRECTION('',(1.,2.467658501176E-19));
#1637 = ( GEOMETRIC_REPRESENTATION_CONTEXT(2) 
PARAMETRIC_REPRESENTATION_CONTEXT() REPRESENTATION_CONTEXT('2D SPACE',''
  ) );
#1638 = PCURVE('',#1639,#1644);
#1639 = PLANE('',#1640);
#1640 = AXIS2_PLACEMENT_3D('',#1641,#1642,#1643);
#1641 = CARTESIAN_POINT('',(0.88174775527,-2.21621267495,0.166908279128)
  );
#1642 = DIRECTION('',(0.202714597633,-0.97812041946,4.676790505115E-02)
  );
#1643 = DIRECTION('',(-0.979191867972,-0.202936654396,9.430453383908E-19
    ));
#1644 = DEFINITIONAL_REPRESENTATION('',(#1645),#1648);
#1645 = B_SPLINE_CURVE_WITH_KNOTS('',1,(#1646,#1647),.UNSPECIFIED.,.F.,
  .F.,(2,2),(0.,1.576846730587),.PIECEWISE_BEZIER_KNOTS.);
#1646 = CARTESIAN_POINT('',(-0.705525070197,0.15207468185));
#1647 = CARTESIAN_POINT('',(0.87132166039,0.15207468185));
#1648 = ( GEOMETRIC_REPRESENTATION_CONTEXT(2) 
PARAMETRIC_REPRESENTATION_CONTEXT() REPRESENTATION_CONTEXT('2D SPACE',''
  ) );
#1649 = ORIENTED_EDGE('',*,*,#1568,.T.);
#1650 = ADVANCED_FACE('',(#1651),#1639,.T.);
#1651 = FACE_BOUND('',#1652,.T.);
#1652 = EDGE_LOOP('',(#1653,#1654,#1682));
#1653 = ORIENTED_EDGE('',*,*,#1625,.F.);
#1654 = ORIENTED_EDGE('',*,*,#1655,.T.);
#1655 = EDGE_CURVE('',#1598,#1656,#1658,.T.);
#1656 = VERTEX_POINT('',#1657);
#1657 = CARTESIAN_POINT('',(1.451241751985,-2.08,0.547247153417));
#1658 = SURFACE_CURVE('',#1659,(#1663,#1670),.PCURVE_S1.);
#1659 = LINE('',#1660,#1661);
#1660 = CARTESIAN_POINT('',(1.574035495629,-2.08,1.5E-02));
#1661 = VECTOR('',#1662,1.);
#1662 = DIRECTION('',(-0.224802976602,0.,0.974404239374));
#1663 = PCURVE('',#1639,#1664);
#1664 = DEFINITIONAL_REPRESENTATION('',(#1665),#1669);
#1665 = LINE('',#1666,#1667);
#1666 = CARTESIAN_POINT('',(-0.705525070197,0.15207468185));
#1667 = VECTOR('',#1668,1.);
#1668 = DIRECTION('',(0.220125246585,-0.975471617125));
#1669 = ( GEOMETRIC_REPRESENTATION_CONTEXT(2) 
PARAMETRIC_REPRESENTATION_CONTEXT() REPRESENTATION_CONTEXT('2D SPACE',''
  ) );
#1670 = PCURVE('',#1671,#1676);
#1671 = PLANE('',#1672);
#1672 = AXIS2_PLACEMENT_3D('',#1673,#1674,#1675);
#1673 = CARTESIAN_POINT('',(2.072515467272,-1.70060944841,0.468113677911
    ));
#1674 = DIRECTION('',(0.528550908047,-0.840097811334,0.1219409898));
#1675 = DIRECTION('',(-0.846414303389,-0.532524954362,3.144025584642E-18
    ));
#1676 = DEFINITIONAL_REPRESENTATION('',(#1677),#1681);
#1677 = LINE('',#1678,#1679);
#1678 = CARTESIAN_POINT('',(0.623955514122,0.456520529956));
#1679 = VECTOR('',#1680,1.);
#1680 = DIRECTION('',(0.19027645484,-0.981730548946));
#1681 = ( GEOMETRIC_REPRESENTATION_CONTEXT(2) 
PARAMETRIC_REPRESENTATION_CONTEXT() REPRESENTATION_CONTEXT('2D SPACE',''
  ) );
#1682 = ORIENTED_EDGE('',*,*,#1683,.T.);
#1683 = EDGE_CURVE('',#1656,#1091,#1684,.T.);
#1684 = SURFACE_CURVE('',#1685,(#1689,#1696),.PCURVE_S1.);
#1685 = LINE('',#1686,#1687);
#1686 = CARTESIAN_POINT('',(1.451241751985,-2.08,0.547247153417));
#1687 = VECTOR('',#1688,1.);
#1688 = DIRECTION('',(-0.916336281163,-0.206317897404,-0.343162854976));
#1689 = PCURVE('',#1639,#1690);
#1690 = DEFINITIONAL_REPRESENTATION('',(#1691),#1695);
#1691 = LINE('',#1692,#1693);
#1692 = CARTESIAN_POINT('',(-0.585286434982,-0.380755503482));
#1693 = VECTOR('',#1694,1.);
#1694 = DIRECTION('',(0.939138498684,0.343538760972));
#1695 = ( GEOMETRIC_REPRESENTATION_CONTEXT(2) 
PARAMETRIC_REPRESENTATION_CONTEXT() REPRESENTATION_CONTEXT('2D SPACE',''
  ) );
#1696 = PCURVE('',#1697,#1702);
#1697 = PLANE('',#1698);
#1698 = AXIS2_PLACEMENT_3D('',#1699,#1700,#1701);
#1699 = CARTESIAN_POINT('',(0.753262587741,-2.215101644093,
    0.448080440907));
#1700 = DIRECTION('',(0.170142244663,-0.976439103569,0.132733920317));
#1701 = DIRECTION('',(-0.985156052922,-0.17166115283,9.990459967709E-19)
  );
#1702 = DEFINITIONAL_REPRESENTATION('',(#1703),#1706);
#1703 = B_SPLINE_CURVE_WITH_KNOTS('',1,(#1704,#1705),.UNSPECIFIED.,.F.,
  .F.,(2,2),(0.,1.551004561536),.PIECEWISE_BEZIER_KNOTS.);
#1704 = CARTESIAN_POINT('',(-0.710810102443,-0.100052001933));
#1705 = CARTESIAN_POINT('',(0.744266381096,0.436946673072));
#1706 = ( GEOMETRIC_REPRESENTATION_CONTEXT(2) 
PARAMETRIC_REPRESENTATION_CONTEXT() REPRESENTATION_CONTEXT('2D SPACE',''
  ) );
#1707 = ADVANCED_FACE('',(#1708),#1697,.T.);
#1708 = FACE_BOUND('',#1709,.T.);
#1709 = EDGE_LOOP('',(#1710,#1711,#1739));
#1710 = ORIENTED_EDGE('',*,*,#1683,.F.);
#1711 = ORIENTED_EDGE('',*,*,#1712,.T.);
#1712 = EDGE_CURVE('',#1656,#1713,#1715,.T.);
#1713 = VERTEX_POINT('',#1714);
#1714 = CARTESIAN_POINT('',(1.10689950899,-2.08,0.988635172511));
#1715 = SURFACE_CURVE('',#1716,(#1720,#1727),.PCURVE_S1.);
#1716 = LINE('',#1717,#1718);
#1717 = CARTESIAN_POINT('',(1.451241751985,-2.08,0.547247153417));
#1718 = VECTOR('',#1719,1.);
#1719 = DIRECTION('',(-0.615097975418,0.,0.788450683706));
#1720 = PCURVE('',#1697,#1721);
#1721 = DEFINITIONAL_REPRESENTATION('',(#1722),#1726);
#1722 = LINE('',#1723,#1724);
#1723 = CARTESIAN_POINT('',(-0.710810102443,-0.100052001933));
#1724 = VECTOR('',#1725,1.);
#1725 = DIRECTION('',(0.605967493623,-0.795489407014));
#1726 = ( GEOMETRIC_REPRESENTATION_CONTEXT(2) 
PARAMETRIC_REPRESENTATION_CONTEXT() REPRESENTATION_CONTEXT('2D SPACE',''
  ) );
#1727 = PCURVE('',#1728,#1733);
#1728 = PLANE('',#1729);
#1729 = AXIS2_PLACEMENT_3D('',#1730,#1731,#1732);
#1730 = CARTESIAN_POINT('',(1.718183476979,-1.69891850207,1.128530727465
    ));
#1731 = DIRECTION('',(0.439270055871,-0.830424842532,0.342689945753));
#1732 = DIRECTION('',(-0.883949239923,-0.467582870985,
    -1.194414878566E-17));
#1733 = DEFINITIONAL_REPRESENTATION('',(#1734),#1738);
#1734 = LINE('',#1735,#1736);
#1735 = CARTESIAN_POINT('',(0.414150115794,0.618749761739));
#1736 = VECTOR('',#1737,1.);
#1737 = DIRECTION('',(0.543715387849,-0.839269668829));
#1738 = ( GEOMETRIC_REPRESENTATION_CONTEXT(2) 
PARAMETRIC_REPRESENTATION_CONTEXT() REPRESENTATION_CONTEXT('2D SPACE',''
  ) );
#1739 = ORIENTED_EDGE('',*,*,#1740,.T.);
#1740 = EDGE_CURVE('',#1713,#1091,#1741,.T.);
#1741 = SURFACE_CURVE('',#1742,(#1746,#1753),.PCURVE_S1.);
#1742 = LINE('',#1743,#1744);
#1743 = CARTESIAN_POINT('',(1.10689950899,-2.08,0.988635172511));
#1744 = VECTOR('',#1745,1.);
#1745 = DIRECTION('',(-0.724388218092,-0.215251495478,-0.654926334166));
#1746 = PCURVE('',#1697,#1747);
#1747 = DEFINITIONAL_REPRESENTATION('',(#1748),#1752);
#1748 = LINE('',#1749,#1750);
#1749 = CARTESIAN_POINT('',(-0.371579257479,-0.545380417303));
#1750 = VECTOR('',#1751,1.);
#1751 = DIRECTION('',(0.750585757581,0.660773047662));
#1752 = ( GEOMETRIC_REPRESENTATION_CONTEXT(2) 
PARAMETRIC_REPRESENTATION_CONTEXT() REPRESENTATION_CONTEXT('2D SPACE',''
  ) );
#1753 = PCURVE('',#1754,#1759);
#1754 = PLANE('',#1755);
#1755 = AXIS2_PLACEMENT_3D('',#1756,#1757,#1758);
#1756 = CARTESIAN_POINT('',(0.515183169371,-2.213606126709,
    0.667956682237));
#1757 = DIRECTION('',(0.115984358454,-0.974516360242,0.192003885938));
#1758 = DIRECTION('',(1.199894427058E-18,-0.193308517376,-0.981138021437
    ));
#1759 = DEFINITIONAL_REPRESENTATION('',(#1760),#1763);
#1760 = B_SPLINE_CURVE_WITH_KNOTS('',1,(#1761,#1762),.UNSPECIFIED.,.F.,
  .F.,(2,2),(0.,1.486633109282),.PIECEWISE_BEZIER_KNOTS.);
#1761 = CARTESIAN_POINT('',(-0.340457061731,0.595736944387));
#1762 = CARTESIAN_POINT('',(0.676672150588,-0.488479900648));
#1763 = ( GEOMETRIC_REPRESENTATION_CONTEXT(2) 
PARAMETRIC_REPRESENTATION_CONTEXT() REPRESENTATION_CONTEXT('2D SPACE',''
  ) );
#1764 = ADVANCED_FACE('',(#1765),#1754,.T.);
#1765 = FACE_BOUND('',#1766,.T.);
#1766 = EDGE_LOOP('',(#1767,#1790,#1815));
#1767 = ORIENTED_EDGE('',*,*,#1768,.T.);
#1768 = EDGE_CURVE('',#1713,#1769,#1771,.T.);
#1769 = VERTEX_POINT('',#1770);
#1770 = CARTESIAN_POINT('',(0.612807832651,-2.08,1.28710260101));
#1771 = SURFACE_CURVE('',#1772,(#1776,#1783),.PCURVE_S1.);
#1772 = LINE('',#1773,#1774);
#1773 = CARTESIAN_POINT('',(1.10689950899,-2.08,0.988635172511));
#1774 = VECTOR('',#1775,1.);
#1775 = DIRECTION('',(-0.855951035303,0.,0.517056887744));
#1776 = PCURVE('',#1754,#1777);
#1777 = DEFINITIONAL_REPRESENTATION('',(#1778),#1782);
#1778 = LINE('',#1779,#1780);
#1779 = CARTESIAN_POINT('',(-0.340457061731,0.595736944387));
#1780 = VECTOR('',#1781,1.);
#1781 = DIRECTION('',(-0.507304171811,-0.861767066708));
#1782 = ( GEOMETRIC_REPRESENTATION_CONTEXT(2) 
PARAMETRIC_REPRESENTATION_CONTEXT() REPRESENTATION_CONTEXT('2D SPACE',''
  ) );
#1783 = PCURVE('',#244,#1784);
#1784 = DEFINITIONAL_REPRESENTATION('',(#1785),#1789);
#1785 = LINE('',#1786,#1787);
#1786 = CARTESIAN_POINT('',(0.567482428898,0.202666465991));
#1787 = VECTOR('',#1788,1.);
#1788 = DIRECTION('',(-0.443741095618,-0.896155031264));
#1789 = ( GEOMETRIC_REPRESENTATION_CONTEXT(2) 
PARAMETRIC_REPRESENTATION_CONTEXT() REPRESENTATION_CONTEXT('2D SPACE',''
  ) );
#1790 = ORIENTED_EDGE('',*,*,#1791,.F.);
#1791 = EDGE_CURVE('',#1091,#1769,#1792,.T.);
#1792 = SURFACE_CURVE('',#1793,(#1797,#1803),.PCURVE_S1.);
#1793 = LINE('',#1794,#1795);
#1794 = CARTESIAN_POINT('',(3.E-02,-2.4,1.5E-02));
#1795 = VECTOR('',#1796,1.);
#1796 = DIRECTION('',(0.406030908542,0.222937790905,0.886249198981));
#1797 = PCURVE('',#1754,#1798);
#1798 = DEFINITIONAL_REPRESENTATION('',(#1799),#1802);
#1799 = B_SPLINE_CURVE_WITH_KNOTS('',1,(#1800,#1801),.UNSPECIFIED.,.F.,
  .F.,(2,2),(0.,1.435377998053),.PIECEWISE_BEZIER_KNOTS.);
#1800 = CARTESIAN_POINT('',(0.676672150588,-0.488479900648));
#1801 = CARTESIAN_POINT('',(-0.633294803992,9.828800508902E-02));
#1802 = ( GEOMETRIC_REPRESENTATION_CONTEXT(2) 
PARAMETRIC_REPRESENTATION_CONTEXT() REPRESENTATION_CONTEXT('2D SPACE',''
  ) );
#1803 = PCURVE('',#1804,#1809);
#1804 = PLANE('',#1805);
#1805 = AXIS2_PLACEMENT_3D('',#1806,#1807,#1808);
#1806 = CARTESIAN_POINT('',(0.202283102893,-2.21244764809,0.78706450445)
  );
#1807 = DIRECTION('',(3.572430571301E-02,-0.972918147189,0.228372618438)
  );
#1808 = DIRECTION('',(-3.56761194912E-19,-0.228518485612,-0.973539573789
    ));
#1809 = DEFINITIONAL_REPRESENTATION('',(#1810),#1814);
#1810 = LINE('',#1811,#1812);
#1811 = CARTESIAN_POINT('',(0.794494528032,-0.172393144321));
#1812 = VECTOR('',#1813,1.);
#1813 = DIRECTION('',(-0.91374407381,0.406290250408));
#1814 = ( GEOMETRIC_REPRESENTATION_CONTEXT(2) 
PARAMETRIC_REPRESENTATION_CONTEXT() REPRESENTATION_CONTEXT('2D SPACE',''
  ) );
#1815 = ORIENTED_EDGE('',*,*,#1740,.F.);
#1816 = ADVANCED_FACE('',(#1817),#1804,.T.);
#1817 = FACE_BOUND('',#1818,.T.);
#1818 = EDGE_LOOP('',(#1819,#1842,#1867));
#1819 = ORIENTED_EDGE('',*,*,#1820,.T.);
#1820 = EDGE_CURVE('',#1769,#1821,#1823,.T.);
#1821 = VERTEX_POINT('',#1822);
#1822 = CARTESIAN_POINT('',(3.E-02,-2.08,1.378271171602));
#1823 = SURFACE_CURVE('',#1824,(#1828,#1835),.PCURVE_S1.);
#1824 = LINE('',#1825,#1826);
#1825 = CARTESIAN_POINT('',(0.612807832651,-2.08,1.28710260101));
#1826 = VECTOR('',#1827,1.);
#1827 = DIRECTION('',(-0.987984908839,0.,0.154550379833));
#1828 = PCURVE('',#1804,#1829);
#1829 = DEFINITIONAL_REPRESENTATION('',(#1830),#1834);
#1830 = LINE('',#1831,#1832);
#1831 = CARTESIAN_POINT('',(-0.517073611367,0.410786941938));
#1832 = VECTOR('',#1833,1.);
#1833 = DIRECTION('',(-0.150460910912,-0.988615958948));
#1834 = ( GEOMETRIC_REPRESENTATION_CONTEXT(2) 
PARAMETRIC_REPRESENTATION_CONTEXT() REPRESENTATION_CONTEXT('2D SPACE',''
  ) );
#1835 = PCURVE('',#186,#1836);
#1836 = DEFINITIONAL_REPRESENTATION('',(#1837),#1841);
#1837 = LINE('',#1838,#1839);
#1838 = CARTESIAN_POINT('',(0.679328431283,8.691674415302E-02));
#1839 = VECTOR('',#1840,1.);
#1840 = DIRECTION('',(-0.125864437635,-0.992047450145));
#1841 = ( GEOMETRIC_REPRESENTATION_CONTEXT(2) 
PARAMETRIC_REPRESENTATION_CONTEXT() REPRESENTATION_CONTEXT('2D SPACE',''
  ) );
#1842 = ORIENTED_EDGE('',*,*,#1843,.F.);
#1843 = EDGE_CURVE('',#1091,#1821,#1844,.T.);
#1844 = SURFACE_CURVE('',#1845,(#1849,#1855),.PCURVE_S1.);
#1845 = LINE('',#1846,#1847);
#1846 = CARTESIAN_POINT('',(3.E-02,-2.4,1.5E-02));
#1847 = VECTOR('',#1848,1.);
#1848 = DIRECTION('',(6.689526440937E-17,0.228518485612,0.973539573789)
  );
#1849 = PCURVE('',#1804,#1850);
#1850 = DEFINITIONAL_REPRESENTATION('',(#1851),#1854);
#1851 = B_SPLINE_CURVE_WITH_KNOTS('',1,(#1852,#1853),.UNSPECIFIED.,.F.,
  .F.,(2,2),(0.,1.400324350757),.PIECEWISE_BEZIER_KNOTS.);
#1852 = CARTESIAN_POINT('',(0.794494528032,-0.172393144321));
#1853 = CARTESIAN_POINT('',(-0.605829822725,-0.172393144321));
#1854 = ( GEOMETRIC_REPRESENTATION_CONTEXT(2) 
PARAMETRIC_REPRESENTATION_CONTEXT() REPRESENTATION_CONTEXT('2D SPACE',''
  ) );
#1855 = PCURVE('',#1856,#1861);
#1856 = PLANE('',#1857);
#1857 = AXIS2_PLACEMENT_3D('',#1858,#1859,#1860);
#1858 = CARTESIAN_POINT('',(-0.140852900237,-2.212468174531,
    0.784725880479));
#1859 = DIRECTION('',(-3.902758984058E-02,-0.9727978665,0.228344385009)
  );
#1860 = DIRECTION('',(7.548430357196E-19,-0.228518485612,-0.973539573789
    ));
#1861 = DEFINITIONAL_REPRESENTATION('',(#1862),#1866);
#1862 = LINE('',#1863,#1864);
#1863 = CARTESIAN_POINT('',(0.792213094376,0.170983166602));
#1864 = VECTOR('',#1865,1.);
#1865 = DIRECTION('',(-1.,6.584952594626E-17));
#1866 = ( GEOMETRIC_REPRESENTATION_CONTEXT(2) 
PARAMETRIC_REPRESENTATION_CONTEXT() REPRESENTATION_CONTEXT('2D SPACE',''
  ) );
#1867 = ORIENTED_EDGE('',*,*,#1791,.T.);
#1868 = ADVANCED_FACE('',(#1869),#1856,.T.);
#1869 = FACE_BOUND('',#1870,.T.);
#1870 = EDGE_LOOP('',(#1871,#1872,#1895));
#1871 = ORIENTED_EDGE('',*,*,#1843,.T.);
#1872 = ORIENTED_EDGE('',*,*,#1873,.T.);
#1873 = EDGE_CURVE('',#1821,#1874,#1876,.T.);
#1874 = VERTEX_POINT('',#1875);
#1875 = CARTESIAN_POINT('',(-0.54922090003,-2.08,1.279273354281));
#1876 = SURFACE_CURVE('',#1877,(#1881,#1888),.PCURVE_S1.);
#1877 = LINE('',#1878,#1879);
#1878 = CARTESIAN_POINT('',(3.E-02,-2.08,1.378271171602));
#1879 = VECTOR('',#1880,1.);
#1880 = DIRECTION('',(-0.985706358659,0.,-0.168472474011));
#1881 = PCURVE('',#1856,#1882);
#1882 = DEFINITIONAL_REPRESENTATION('',(#1883),#1887);
#1883 = LINE('',#1884,#1885);
#1884 = CARTESIAN_POINT('',(-0.608111256381,0.170983166602));
#1885 = VECTOR('',#1886,1.);
#1886 = DIRECTION('',(0.164014620544,-0.986457907996));
#1887 = ( GEOMETRIC_REPRESENTATION_CONTEXT(2) 
PARAMETRIC_REPRESENTATION_CONTEXT() REPRESENTATION_CONTEXT('2D SPACE',''
  ) );
#1888 = PCURVE('',#100,#1889);
#1889 = DEFINITIONAL_REPRESENTATION('',(#1890),#1894);
#1890 = LINE('',#1891,#1892);
#1891 = CARTESIAN_POINT('',(0.599329503393,0.495021057765));
#1892 = VECTOR('',#1893,1.);
#1893 = DIRECTION('',(0.137202465767,-0.990543024501));
#1894 = ( GEOMETRIC_REPRESENTATION_CONTEXT(2) 
PARAMETRIC_REPRESENTATION_CONTEXT() REPRESENTATION_CONTEXT('2D SPACE',''
  ) );
#1895 = ORIENTED_EDGE('',*,*,#1896,.F.);
#1896 = EDGE_CURVE('',#1091,#1874,#1897,.T.);
#1897 = SURFACE_CURVE('',#1898,(#1902,#1908),.PCURVE_S1.);
#1898 = LINE('',#1899,#1900);
#1899 = CARTESIAN_POINT('',(3.E-02,-2.4,1.5E-02));
#1900 = VECTOR('',#1901,1.);
#1901 = DIRECTION('',(-0.405905609701,0.224249151054,0.885975707492));
#1902 = PCURVE('',#1856,#1903);
#1903 = DEFINITIONAL_REPRESENTATION('',(#1904),#1907);
#1904 = B_SPLINE_CURVE_WITH_KNOTS('',1,(#1905,#1906),.UNSPECIFIED.,.F.,
  .F.,(2,2),(0.,1.426984220437),.PIECEWISE_BEZIER_KNOTS.);
#1905 = CARTESIAN_POINT('',(0.792213094376,0.170983166602));
#1906 = CARTESIAN_POINT('',(-0.5117329635,-0.408679358948));
#1907 = ( GEOMETRIC_REPRESENTATION_CONTEXT(2) 
PARAMETRIC_REPRESENTATION_CONTEXT() REPRESENTATION_CONTEXT('2D SPACE',''
  ) );
#1908 = PCURVE('',#1105,#1909);
#1909 = DEFINITIONAL_REPRESENTATION('',(#1910),#1914);
#1910 = LINE('',#1911,#1912);
#1911 = CARTESIAN_POINT('',(0.679802521662,0.494214797448));
#1912 = VECTOR('',#1913,1.);
#1913 = DIRECTION('',(-0.91291111646,-0.408158417092));
#1914 = ( GEOMETRIC_REPRESENTATION_CONTEXT(2) 
PARAMETRIC_REPRESENTATION_CONTEXT() REPRESENTATION_CONTEXT('2D SPACE',''
  ) );
#1915 = ADVANCED_FACE('',(#1916),#1728,.T.);
#1916 = FACE_BOUND('',#1917,.T.);
#1917 = EDGE_LOOP('',(#1918,#1941,#1962,#1963));
#1918 = ORIENTED_EDGE('',*,*,#1919,.F.);
#1919 = EDGE_CURVE('',#229,#1920,#1922,.T.);
#1920 = VERTEX_POINT('',#1921);
#1921 = CARTESIAN_POINT('',(2.329060713417,-1.48,0.875985485785));
#1922 = SURFACE_CURVE('',#1923,(#1927,#1934),.PCURVE_S1.);
#1923 = LINE('',#1924,#1925);
#1924 = CARTESIAN_POINT('',(1.772038150764,-1.48,1.589993396581));
#1925 = VECTOR('',#1926,1.);
#1926 = DIRECTION('',(0.615097975418,0.,-0.788450683706));
#1927 = PCURVE('',#1728,#1928);
#1928 = DEFINITIONAL_REPRESENTATION('',(#1929),#1933);
#1929 = LINE('',#1930,#1931);
#1930 = CARTESIAN_POINT('',(-0.149967339668,-0.491205892125));
#1931 = VECTOR('',#1932,1.);
#1932 = DIRECTION('',(-0.543715387849,0.839269668829));
#1933 = ( GEOMETRIC_REPRESENTATION_CONTEXT(2) 
PARAMETRIC_REPRESENTATION_CONTEXT() REPRESENTATION_CONTEXT('2D SPACE',''
  ) );
#1934 = PCURVE('',#272,#1935);
#1935 = DEFINITIONAL_REPRESENTATION('',(#1936),#1940);
#1936 = LINE('',#1937,#1938);
#1937 = CARTESIAN_POINT('',(0.750180314951,-6.164571702471E-02));
#1938 = VECTOR('',#1939,1.);
#1939 = DIRECTION('',(-0.441764545029,0.897131030985));
#1940 = ( GEOMETRIC_REPRESENTATION_CONTEXT(2) 
PARAMETRIC_REPRESENTATION_CONTEXT() REPRESENTATION_CONTEXT('2D SPACE',''
  ) );
#1941 = ORIENTED_EDGE('',*,*,#1942,.T.);
#1942 = EDGE_CURVE('',#229,#1713,#1943,.T.);
#1943 = SURFACE_CURVE('',#1944,(#1948,#1955),.PCURVE_S1.);
#1944 = LINE('',#1945,#1946);
#1945 = CARTESIAN_POINT('',(1.772038150764,-1.48,1.589993396581));
#1946 = VECTOR('',#1947,1.);
#1947 = DIRECTION('',(-0.616492811562,-0.556118174025,-0.557377062508));
#1948 = PCURVE('',#1728,#1949);
#1949 = DEFINITIONAL_REPRESENTATION('',(#1950),#1954);
#1950 = LINE('',#1951,#1952);
#1951 = CARTESIAN_POINT('',(-0.149967339668,-0.491205892125));
#1952 = VECTOR('',#1953,1.);
#1953 = DIRECTION('',(0.804979684617,0.593302374304));
#1954 = ( GEOMETRIC_REPRESENTATION_CONTEXT(2) 
PARAMETRIC_REPRESENTATION_CONTEXT() REPRESENTATION_CONTEXT('2D SPACE',''
  ) );
#1955 = PCURVE('',#244,#1956);
#1956 = DEFINITIONAL_REPRESENTATION('',(#1957),#1961);
#1957 = LINE('',#1958,#1959);
#1958 = CARTESIAN_POINT('',(-0.256590240458,0.89904665099));
#1959 = VECTOR('',#1960,1.);
#1960 = DIRECTION('',(0.763802980244,-0.645449461515));
#1961 = ( GEOMETRIC_REPRESENTATION_CONTEXT(2) 
PARAMETRIC_REPRESENTATION_CONTEXT() REPRESENTATION_CONTEXT('2D SPACE',''
  ) );
#1962 = ORIENTED_EDGE('',*,*,#1712,.F.);
#1963 = ORIENTED_EDGE('',*,*,#1964,.F.);
#1964 = EDGE_CURVE('',#1920,#1656,#1965,.T.);
#1965 = SURFACE_CURVE('',#1966,(#1970,#1977),.PCURVE_S1.);
#1966 = LINE('',#1967,#1968);
#1967 = CARTESIAN_POINT('',(2.329060713417,-1.48,0.875985485785));
#1968 = VECTOR('',#1969,1.);
#1969 = DIRECTION('',(-0.788738936023,-0.539112712764,-0.29537835692));
#1970 = PCURVE('',#1728,#1971);
#1971 = DEFINITIONAL_REPRESENTATION('',(#1972),#1976);
#1972 = LINE('',#1973,#1974);
#1973 = CARTESIAN_POINT('',(-0.642347010546,0.268822851865));
#1974 = VECTOR('',#1975,1.);
#1975 = DIRECTION('',(0.949285053015,0.314416742752));
#1976 = ( GEOMETRIC_REPRESENTATION_CONTEXT(2) 
PARAMETRIC_REPRESENTATION_CONTEXT() REPRESENTATION_CONTEXT('2D SPACE',''
  ) );
#1977 = PCURVE('',#1671,#1978);
#1978 = DEFINITIONAL_REPRESENTATION('',(#1979),#1983);
#1979 = LINE('',#1980,#1981);
#1980 = CARTESIAN_POINT('',(-0.33462360225,-0.410938497251));
#1981 = VECTOR('',#1982,1.);
#1982 = DIRECTION('',(0.954690889851,0.297599235275));
#1983 = ( GEOMETRIC_REPRESENTATION_CONTEXT(2) 
PARAMETRIC_REPRESENTATION_CONTEXT() REPRESENTATION_CONTEXT('2D SPACE',''
  ) );
#1984 = ADVANCED_FACE('',(#1985),#1671,.T.);
#1985 = FACE_BOUND('',#1986,.T.);
#1986 = EDGE_LOOP('',(#1987,#2015,#2016,#2017));
#1987 = ORIENTED_EDGE('',*,*,#1988,.F.);
#1988 = EDGE_CURVE('',#1920,#1989,#1991,.T.);
#1989 = VERTEX_POINT('',#1990);
#1990 = CARTESIAN_POINT('',(2.527697061859,-1.48,1.5E-02));
#1991 = SURFACE_CURVE('',#1992,(#1996,#2003),.PCURVE_S1.);
#1992 = LINE('',#1993,#1994);
#1993 = CARTESIAN_POINT('',(2.329060713417,-1.48,0.875985485785));
#1994 = VECTOR('',#1995,1.);
#1995 = DIRECTION('',(0.224802976602,0.,-0.974404239374));
#1996 = PCURVE('',#1671,#1997);
#1997 = DEFINITIONAL_REPRESENTATION('',(#1998),#2002);
#1998 = LINE('',#1999,#2000);
#1999 = CARTESIAN_POINT('',(-0.33462360225,-0.410938497251));
#2000 = VECTOR('',#2001,1.);
#2001 = DIRECTION('',(-0.19027645484,0.981730548946));
#2002 = ( GEOMETRIC_REPRESENTATION_CONTEXT(2) 
PARAMETRIC_REPRESENTATION_CONTEXT() REPRESENTATION_CONTEXT('2D SPACE',''
  ) );
#2003 = PCURVE('',#2004,#2009);
#2004 = PLANE('',#2005);
#2005 = AXIS2_PLACEMENT_3D('',#2006,#2007,#2008);
#2006 = CARTESIAN_POINT('',(2.818322134184,-0.980424680677,
    0.634403808202));
#2007 = DIRECTION('',(0.744057903664,-0.645686154417,0.171660205025));
#2008 = DIRECTION('',(0.655414991624,0.755268951272,-1.262598652558E-17)
  );
#2009 = DEFINITIONAL_REPRESENTATION('',(#2010),#2014);
#2010 = LINE('',#2011,#2012);
#2011 = CARTESIAN_POINT('',(-0.6979829975,0.245221694946));
#2012 = VECTOR('',#2013,1.);
#2013 = DIRECTION('',(0.147339241027,-0.989086016509));
#2014 = ( GEOMETRIC_REPRESENTATION_CONTEXT(2) 
PARAMETRIC_REPRESENTATION_CONTEXT() REPRESENTATION_CONTEXT('2D SPACE',''
  ) );
#2015 = ORIENTED_EDGE('',*,*,#1964,.T.);
#2016 = ORIENTED_EDGE('',*,*,#1655,.F.);
#2017 = ORIENTED_EDGE('',*,*,#2018,.F.);
#2018 = EDGE_CURVE('',#1989,#1598,#2019,.T.);
#2019 = SURFACE_CURVE('',#2020,(#2024,#2031),.PCURVE_S1.);
#2020 = LINE('',#2021,#2022);
#2021 = CARTESIAN_POINT('',(2.527697061859,-1.48,1.5E-02));
#2022 = VECTOR('',#2023,1.);
#2023 = DIRECTION('',(-0.846414303389,-0.532524954362,0.));
#2024 = PCURVE('',#1671,#2025);
#2025 = DEFINITIONAL_REPRESENTATION('',(#2026),#2030);
#2026 = LINE('',#2027,#2028);
#2027 = CARTESIAN_POINT('',(-0.502752248744,0.456520529956));
#2028 = VECTOR('',#2029,1.);
#2029 = DIRECTION('',(1.,4.064205318252E-17));
#2030 = ( GEOMETRIC_REPRESENTATION_CONTEXT(2) 
PARAMETRIC_REPRESENTATION_CONTEXT() REPRESENTATION_CONTEXT('2D SPACE',''
  ) );
#2031 = PCURVE('',#1613,#2032);
#2032 = DEFINITIONAL_REPRESENTATION('',(#2033),#2037);
#2033 = LINE('',#2034,#2035);
#2034 = CARTESIAN_POINT('',(-0.523728924802,-0.447053151326));
#2035 = VECTOR('',#2036,1.);
#2036 = DIRECTION('',(1.,-5.234578392329E-17));
#2037 = ( GEOMETRIC_REPRESENTATION_CONTEXT(2) 
PARAMETRIC_REPRESENTATION_CONTEXT() REPRESENTATION_CONTEXT('2D SPACE',''
  ) );
#2038 = ADVANCED_FACE('',(#2039),#2004,.T.);
#2039 = FACE_BOUND('',#2040,.T.);
#2040 = EDGE_LOOP('',(#2041,#2066,#2087,#2088));
#2041 = ORIENTED_EDGE('',*,*,#2042,.T.);
#2042 = EDGE_CURVE('',#2043,#2045,#2047,.T.);
#2043 = VERTEX_POINT('',#2044);
#2044 = CARTESIAN_POINT('',(3.187217611188,-0.72,1.5E-02));
#2045 = VERTEX_POINT('',#2046);
#2046 = CARTESIAN_POINT('',(2.936131045447,-0.72,1.103329958107));
#2047 = SURFACE_CURVE('',#2048,(#2052,#2059),.PCURVE_S1.);
#2048 = LINE('',#2049,#2050);
#2049 = CARTESIAN_POINT('',(3.187217611188,-0.72,1.5E-02));
#2050 = VECTOR('',#2051,1.);
#2051 = DIRECTION('',(-0.224802976602,0.,0.974404239374));
#2052 = PCURVE('',#2004,#2053);
#2053 = DEFINITIONAL_REPRESENTATION('',(#2054),#2058);
#2054 = LINE('',#2055,#2056);
#2055 = CARTESIAN_POINT('',(0.438470301431,-0.628736637741));
#2056 = VECTOR('',#2057,1.);
#2057 = DIRECTION('',(-0.147339241027,0.989086016509));
#2058 = ( GEOMETRIC_REPRESENTATION_CONTEXT(2) 
PARAMETRIC_REPRESENTATION_CONTEXT() REPRESENTATION_CONTEXT('2D SPACE',''
  ) );
#2059 = PCURVE('',#434,#2060);
#2060 = DEFINITIONAL_REPRESENTATION('',(#2061),#2065);
#2061 = LINE('',#2062,#2063);
#2062 = CARTESIAN_POINT('',(-0.53121563879,-0.471149480111));
#2063 = VECTOR('',#2064,1.);
#2064 = DIRECTION('',(-9.710507974725E-02,0.995274134843));
#2065 = ( GEOMETRIC_REPRESENTATION_CONTEXT(2) 
PARAMETRIC_REPRESENTATION_CONTEXT() REPRESENTATION_CONTEXT('2D SPACE',''
  ) );
#2066 = ORIENTED_EDGE('',*,*,#2067,.T.);
#2067 = EDGE_CURVE('',#2045,#1920,#2068,.T.);
#2068 = SURFACE_CURVE('',#2069,(#2073,#2080),.PCURVE_S1.);
#2069 = LINE('',#2070,#2071);
#2070 = CARTESIAN_POINT('',(2.936131045447,-0.72,1.103329958107));
#2071 = VECTOR('',#2072,1.);
#2072 = DIRECTION('',(-0.60773315388,-0.760829796119,-0.227592695429));
#2073 = PCURVE('',#2004,#2074);
#2074 = DEFINITIONAL_REPRESENTATION('',(#2075),#2079);
#2075 = LINE('',#2076,#2077);
#2076 = CARTESIAN_POINT('',(0.273904402049,0.4759916664));
#2077 = VECTOR('',#2078,1.);
#2078 = DIRECTION('',(-0.972948542171,-0.231021934647));
#2079 = ( GEOMETRIC_REPRESENTATION_CONTEXT(2) 
PARAMETRIC_REPRESENTATION_CONTEXT() REPRESENTATION_CONTEXT('2D SPACE',''
  ) );
#2080 = PCURVE('',#272,#2081);
#2081 = DEFINITIONAL_REPRESENTATION('',(#2082),#2086);
#2082 = LINE('',#2083,#2084);
#2083 = CARTESIAN_POINT('',(-0.614707847423,0.49209959809));
#2084 = VECTOR('',#2085,1.);
#2085 = DIRECTION('',(0.96588693102,0.258964160618));
#2086 = ( GEOMETRIC_REPRESENTATION_CONTEXT(2) 
PARAMETRIC_REPRESENTATION_CONTEXT() REPRESENTATION_CONTEXT('2D SPACE',''
  ) );
#2087 = ORIENTED_EDGE('',*,*,#1988,.T.);
#2088 = ORIENTED_EDGE('',*,*,#2089,.F.);
#2089 = EDGE_CURVE('',#2043,#1989,#2090,.T.);
#2090 = SURFACE_CURVE('',#2091,(#2095,#2102),.PCURVE_S1.);
#2091 = LINE('',#2092,#2093);
#2092 = CARTESIAN_POINT('',(3.187217611188,-0.72,1.5E-02));
#2093 = VECTOR('',#2094,1.);
#2094 = DIRECTION('',(-0.655414991624,-0.755268951272,0.));
#2095 = PCURVE('',#2004,#2096);
#2096 = DEFINITIONAL_REPRESENTATION('',(#2097),#2101);
#2097 = LINE('',#2098,#2099);
#2098 = CARTESIAN_POINT('',(0.438470301431,-0.628736637741));
#2099 = VECTOR('',#2100,1.);
#2100 = DIRECTION('',(-1.,-2.609790002536E-17));
#2101 = ( GEOMETRIC_REPRESENTATION_CONTEXT(2) 
PARAMETRIC_REPRESENTATION_CONTEXT() REPRESENTATION_CONTEXT('2D SPACE',''
  ) );
#2102 = PCURVE('',#2103,#2108);
#2103 = PLANE('',#2104);
#2104 = AXIS2_PLACEMENT_3D('',#2105,#2106,#2107);
#2105 = CARTESIAN_POINT('',(2.784623528832,-0.981226269552,
    -0.590226452264));
#2106 = DIRECTION('',(0.737704520014,-0.640172750371,-0.214408234061));
#2107 = DIRECTION('',(0.655414991624,0.755268951272,1.950394535362E-17)
  );
#2108 = DEFINITIONAL_REPRESENTATION('',(#2109),#2113);
#2109 = LINE('',#2110,#2111);
#2110 = CARTESIAN_POINT('',(0.461162287764,0.619636637003));
#2111 = VECTOR('',#2112,1.);
#2112 = DIRECTION('',(-1.,-3.518642932277E-17));
#2113 = ( GEOMETRIC_REPRESENTATION_CONTEXT(2) 
PARAMETRIC_REPRESENTATION_CONTEXT() REPRESENTATION_CONTEXT('2D SPACE',''
  ) );
#2114 = ADVANCED_FACE('',(#2115),#2103,.T.);
#2115 = FACE_BOUND('',#2116,.T.);
#2116 = EDGE_LOOP('',(#2117,#2147,#2168,#2169));
#2117 = ORIENTED_EDGE('',*,*,#2118,.T.);
#2118 = EDGE_CURVE('',#2119,#2121,#2123,.T.);
#2119 = VERTEX_POINT('',#2120);
#2120 = CARTESIAN_POINT('',(2.282523449321,-1.48,-0.828557538493));
#2121 = VERTEX_POINT('',#2122);
#2122 = CARTESIAN_POINT('',(2.877305548943,-0.72,-1.051300135933));
#2123 = SURFACE_CURVE('',#2124,(#2128,#2135),.PCURVE_S1.);
#2124 = LINE('',#2125,#2126);
#2125 = CARTESIAN_POINT('',(2.282523449321,-1.48,-0.828557538493));
#2126 = VECTOR('',#2127,1.);
#2127 = DIRECTION('',(0.600520462893,0.767332359344,-0.224891582658));
#2128 = PCURVE('',#2103,#2129);
#2129 = DEFINITIONAL_REPRESENTATION('',(#2130),#2134);
#2130 = LINE('',#2131,#2132);
#2131 = CARTESIAN_POINT('',(-0.705792231724,-0.244005648153));
#2132 = VECTOR('',#2133,1.);
#2133 = DIRECTION('',(0.973132420475,-0.230246155711));
#2134 = ( GEOMETRIC_REPRESENTATION_CONTEXT(2) 
PARAMETRIC_REPRESENTATION_CONTEXT() REPRESENTATION_CONTEXT('2D SPACE',''
  ) );
#2135 = PCURVE('',#2136,#2141);
#2136 = PLANE('',#2137);
#2137 = AXIS2_PLACEMENT_3D('',#2138,#2139,#2140);
#2138 = CARTESIAN_POINT('',(2.289276810041,-0.979652005295,
    -1.480994465972));
#2139 = DIRECTION('',(0.621360041699,-0.624835832419,-0.472749279328));
#2140 = DIRECTION('',(-0.709076229338,-0.705131832346,
    -1.681493956826E-17));
#2141 = DEFINITIONAL_REPRESENTATION('',(#2142),#2146);
#2142 = LINE('',#2143,#2144);
#2143 = CARTESIAN_POINT('',(0.357599945872,-0.740398505359));
#2144 = VECTOR('',#2145,1.);
#2145 = DIRECTION('',(-0.966885258031,0.255211476627));
#2146 = ( GEOMETRIC_REPRESENTATION_CONTEXT(2) 
PARAMETRIC_REPRESENTATION_CONTEXT() REPRESENTATION_CONTEXT('2D SPACE',''
  ) );
#2147 = ORIENTED_EDGE('',*,*,#2148,.T.);
#2148 = EDGE_CURVE('',#2121,#2043,#2149,.T.);
#2149 = SURFACE_CURVE('',#2150,(#2154,#2161),.PCURVE_S1.);
#2150 = LINE('',#2151,#2152);
#2151 = CARTESIAN_POINT('',(2.877305548943,-0.72,-1.051300135933));
#2152 = VECTOR('',#2153,1.);
#2153 = DIRECTION('',(0.279093446679,0.,0.960263947059));
#2154 = PCURVE('',#2103,#2155);
#2155 = DEFINITIONAL_REPRESENTATION('',(#2156),#2160);
#2156 = LINE('',#2157,#2158);
#2157 = CARTESIAN_POINT('',(0.258041276084,-0.472051652221));
#2158 = VECTOR('',#2159,1.);
#2159 = DIRECTION('',(0.182922029018,0.983127423735));
#2160 = ( GEOMETRIC_REPRESENTATION_CONTEXT(2) 
PARAMETRIC_REPRESENTATION_CONTEXT() REPRESENTATION_CONTEXT('2D SPACE',''
  ) );
#2161 = PCURVE('',#462,#2162);
#2162 = DEFINITIONAL_REPRESENTATION('',(#2163),#2167);
#2163 = LINE('',#2164,#2165);
#2164 = CARTESIAN_POINT('',(-0.621696460029,-0.382505086329));
#2165 = VECTOR('',#2166,1.);
#2166 = DIRECTION('',(0.120556194613,0.992706504431));
#2167 = ( GEOMETRIC_REPRESENTATION_CONTEXT(2) 
PARAMETRIC_REPRESENTATION_CONTEXT() REPRESENTATION_CONTEXT('2D SPACE',''
  ) );
#2168 = ORIENTED_EDGE('',*,*,#2089,.T.);
#2169 = ORIENTED_EDGE('',*,*,#2170,.T.);
#2170 = EDGE_CURVE('',#1989,#2119,#2171,.T.);
#2171 = SURFACE_CURVE('',#2172,(#2176,#2183),.PCURVE_S1.);
#2172 = LINE('',#2173,#2174);
#2173 = CARTESIAN_POINT('',(2.527697061859,-1.48,1.5E-02));
#2174 = VECTOR('',#2175,1.);
#2175 = DIRECTION('',(-0.279093446679,0.,-0.960263947059));
#2176 = PCURVE('',#2103,#2177);
#2177 = DEFINITIONAL_REPRESENTATION('',(#2178),#2182);
#2178 = LINE('',#2179,#2180);
#2179 = CARTESIAN_POINT('',(-0.545101770516,0.619636637003));
#2180 = VECTOR('',#2181,1.);
#2181 = DIRECTION('',(-0.182922029018,-0.983127423735));
#2182 = ( GEOMETRIC_REPRESENTATION_CONTEXT(2) 
PARAMETRIC_REPRESENTATION_CONTEXT() REPRESENTATION_CONTEXT('2D SPACE',''
  ) );
#2183 = PCURVE('',#1613,#2184);
#2184 = DEFINITIONAL_REPRESENTATION('',(#2185),#2189);
#2185 = LINE('',#2186,#2187);
#2186 = CARTESIAN_POINT('',(-0.523728924802,-0.447053151326));
#2187 = VECTOR('',#2188,1.);
#2188 = DIRECTION('',(0.236228685252,0.971697488041));
#2189 = ( GEOMETRIC_REPRESENTATION_CONTEXT(2) 
PARAMETRIC_REPRESENTATION_CONTEXT() REPRESENTATION_CONTEXT('2D SPACE',''
  ) );
#2190 = ADVANCED_FACE('',(#2191),#2136,.T.);
#2191 = FACE_BOUND('',#2192,.T.);
#2192 = EDGE_LOOP('',(#2193,#2216,#2217,#2240));
#2193 = ORIENTED_EDGE('',*,*,#2194,.F.);
#2194 = EDGE_CURVE('',#2121,#2195,#2197,.T.);
#2195 = VERTEX_POINT('',#2196);
#2196 = CARTESIAN_POINT('',(2.197566685282,-0.72,-1.94471782505));
#2197 = SURFACE_CURVE('',#2198,(#2202,#2209),.PCURVE_S1.);
#2198 = LINE('',#2199,#2200);
#2199 = CARTESIAN_POINT('',(2.877305548943,-0.72,-1.051300135933));
#2200 = VECTOR('',#2201,1.);
#2201 = DIRECTION('',(-0.605501823877,0.,-0.795843917663));
#2202 = PCURVE('',#2136,#2203);
#2203 = DEFINITIONAL_REPRESENTATION('',(#2204),#2208);
#2204 = LINE('',#2205,#2206);
#2205 = CARTESIAN_POINT('',(-0.600046095189,-0.48762574024));
#2206 = VECTOR('',#2207,1.);
#2207 = DIRECTION('',(0.429346950132,0.903139632843));
#2208 = ( GEOMETRIC_REPRESENTATION_CONTEXT(2) 
PARAMETRIC_REPRESENTATION_CONTEXT() REPRESENTATION_CONTEXT('2D SPACE',''
  ) );
#2209 = PCURVE('',#490,#2210);
#2210 = DEFINITIONAL_REPRESENTATION('',(#2211),#2215);
#2211 = LINE('',#2212,#2213);
#2212 = CARTESIAN_POINT('',(0.406902198167,0.570449309801));
#2213 = VECTOR('',#2214,1.);
#2214 = DIRECTION('',(-1.,-2.299386462165E-16));
#2215 = ( GEOMETRIC_REPRESENTATION_CONTEXT(2) 
PARAMETRIC_REPRESENTATION_CONTEXT() REPRESENTATION_CONTEXT('2D SPACE',''
  ) );
#2216 = ORIENTED_EDGE('',*,*,#2118,.F.);
#2217 = ORIENTED_EDGE('',*,*,#2218,.T.);
#2218 = EDGE_CURVE('',#2119,#2219,#2221,.T.);
#2219 = VERTEX_POINT('',#2220);
#2220 = CARTESIAN_POINT('',(1.744777252613,-1.48,-1.535346557157));
#2221 = SURFACE_CURVE('',#2222,(#2226,#2233),.PCURVE_S1.);
#2222 = LINE('',#2223,#2224);
#2223 = CARTESIAN_POINT('',(2.282523449321,-1.48,-0.828557538493));
#2224 = VECTOR('',#2225,1.);
#2225 = DIRECTION('',(-0.605501823877,0.,-0.795843917663));
#2226 = PCURVE('',#2136,#2227);
#2227 = DEFINITIONAL_REPRESENTATION('',(#2228),#2232);
#2228 = LINE('',#2229,#2230);
#2229 = CARTESIAN_POINT('',(0.357599945872,-0.740398505359));
#2230 = VECTOR('',#2231,1.);
#2231 = DIRECTION('',(0.429346950132,0.903139632843));
#2232 = ( GEOMETRIC_REPRESENTATION_CONTEXT(2) 
PARAMETRIC_REPRESENTATION_CONTEXT() REPRESENTATION_CONTEXT('2D SPACE',''
  ) );
#2233 = PCURVE('',#1556,#2234);
#2234 = DEFINITIONAL_REPRESENTATION('',(#2235),#2239);
#2235 = LINE('',#2236,#2237);
#2236 = CARTESIAN_POINT('',(-0.627547390313,-0.267717519411));
#2237 = VECTOR('',#2238,1.);
#2238 = DIRECTION('',(0.532129630641,0.846662894069));
#2239 = ( GEOMETRIC_REPRESENTATION_CONTEXT(2) 
PARAMETRIC_REPRESENTATION_CONTEXT() REPRESENTATION_CONTEXT('2D SPACE',''
  ) );
#2240 = ORIENTED_EDGE('',*,*,#2241,.T.);
#2241 = EDGE_CURVE('',#2219,#2195,#2242,.T.);
#2242 = SURFACE_CURVE('',#2243,(#2247,#2254),.PCURVE_S1.);
#2243 = LINE('',#2244,#2245);
#2244 = CARTESIAN_POINT('',(1.744777252613,-1.48,-1.535346557157));
#2245 = VECTOR('',#2246,1.);
#2246 = DIRECTION('',(0.464502504454,0.779660208286,-0.41996116841));
#2247 = PCURVE('',#2136,#2248);
#2248 = DEFINITIONAL_REPRESENTATION('',(#2249),#2253);
#2249 = LINE('',#2250,#2251);
#2250 = CARTESIAN_POINT('',(0.738902991375,6.167984272749E-02));
#2251 = VECTOR('',#2252,1.);
#2252 = DIRECTION('',(-0.879130915652,0.476580353293));
#2253 = ( GEOMETRIC_REPRESENTATION_CONTEXT(2) 
PARAMETRIC_REPRESENTATION_CONTEXT() REPRESENTATION_CONTEXT('2D SPACE',''
  ) );
#2254 = PCURVE('',#2255,#2260);
#2255 = PLANE('',#2256);
#2256 = AXIS2_PLACEMENT_3D('',#2257,#2258,#2259);
#2257 = CARTESIAN_POINT('',(1.499435660884,-0.975663366704,
    -2.181984833247));
#2258 = DIRECTION('',(0.446205310082,-0.615682899974,-0.64948855874));
#2259 = DIRECTION('',(-2.108164904697E-17,-0.725741796663,0.687967182776
    ));
#2260 = DEFINITIONAL_REPRESENTATION('',(#2261),#2265);
#2261 = LINE('',#2262,#2263);
#2262 = CARTESIAN_POINT('',(0.810884087449,-0.27414593403));
#2263 = VECTOR('',#2264,1.);
#2264 = DIRECTION('',(-0.854751502254,-0.519037445079));
#2265 = ( GEOMETRIC_REPRESENTATION_CONTEXT(2) 
PARAMETRIC_REPRESENTATION_CONTEXT() REPRESENTATION_CONTEXT('2D SPACE',''
  ) );
#2266 = ADVANCED_FACE('',(#2267),#2255,.T.);
#2267 = FACE_BOUND('',#2268,.T.);
#2268 = EDGE_LOOP('',(#2269,#2299,#2320,#2321));
#2269 = ORIENTED_EDGE('',*,*,#2270,.F.);
#2270 = EDGE_CURVE('',#2271,#2273,#2275,.T.);
#2271 = VERTEX_POINT('',#2272);
#2272 = CARTESIAN_POINT('',(1.231808437611,-0.72,-2.608203659508));
#2273 = VERTEX_POINT('',#2274);
#2274 = CARTESIAN_POINT('',(0.980759109192,-1.48,-2.060234868129));
#2275 = SURFACE_CURVE('',#2276,(#2280,#2287),.PCURVE_S1.);
#2276 = LINE('',#2277,#2278);
#2277 = CARTESIAN_POINT('',(1.231808437611,-0.72,-2.608203659508));
#2278 = VECTOR('',#2279,1.);
#2279 = DIRECTION('',(-0.258814351073,-0.783507002605,0.564917612176));
#2280 = PCURVE('',#2255,#2281);
#2281 = DEFINITIONAL_REPRESENTATION('',(#2282),#2286);
#2282 = LINE('',#2283,#2284);
#2283 = CARTESIAN_POINT('',(-0.478770156241,0.299048011301));
#2284 = VECTOR('',#2285,1.);
#2285 = DIRECTION('',(0.957268557918,0.289200463384));
#2286 = ( GEOMETRIC_REPRESENTATION_CONTEXT(2) 
PARAMETRIC_REPRESENTATION_CONTEXT() REPRESENTATION_CONTEXT('2D SPACE',''
  ) );
#2287 = PCURVE('',#2288,#2293);
#2288 = PLANE('',#2289);
#2289 = AXIS2_PLACEMENT_3D('',#2290,#2291,#2292);
#2290 = CARTESIAN_POINT('',(0.70791925321,-0.972176186244,
    -2.509490892615));
#2291 = DIRECTION('',(0.146886732004,-0.609967820915,-0.778693486174));
#2292 = DIRECTION('',(-7.168263997451E-18,-0.787232344497,0.616656497394
    ));
#2293 = DEFINITIONAL_REPRESENTATION('',(#2294),#2298);
#2294 = LINE('',#2295,#2296);
#2295 = CARTESIAN_POINT('',(-0.259393119403,-0.5296339551));
#2296 = VECTOR('',#2297,1.);
#2297 = DIRECTION('',(0.965162170631,0.261652411382));
#2298 = ( GEOMETRIC_REPRESENTATION_CONTEXT(2) 
PARAMETRIC_REPRESENTATION_CONTEXT() REPRESENTATION_CONTEXT('2D SPACE',''
  ) );
#2299 = ORIENTED_EDGE('',*,*,#2300,.F.);
#2300 = EDGE_CURVE('',#2195,#2271,#2301,.T.);
#2301 = SURFACE_CURVE('',#2302,(#2306,#2313),.PCURVE_S1.);
#2302 = LINE('',#2303,#2304);
#2303 = CARTESIAN_POINT('',(2.197566685282,-0.72,-1.94471782505));
#2304 = VECTOR('',#2305,1.);
#2305 = DIRECTION('',(-0.824230320152,0.,-0.566254694764));
#2306 = PCURVE('',#2255,#2307);
#2307 = DEFINITIONAL_REPRESENTATION('',(#2308),#2312);
#2308 = LINE('',#2309,#2310);
#2309 = CARTESIAN_POINT('',(-2.231367589717E-02,-0.780095133525));
#2310 = VECTOR('',#2311,1.);
#2311 = DIRECTION('',(-0.389564647091,0.920999123635));
#2312 = ( GEOMETRIC_REPRESENTATION_CONTEXT(2) 
PARAMETRIC_REPRESENTATION_CONTEXT() REPRESENTATION_CONTEXT('2D SPACE',''
  ) );
#2313 = PCURVE('',#518,#2314);
#2314 = DEFINITIONAL_REPRESENTATION('',(#2315),#2319);
#2315 = LINE('',#2316,#2317);
#2316 = CARTESIAN_POINT('',(-0.707136236649,-0.569381357241));
#2317 = VECTOR('',#2318,1.);
#2318 = DIRECTION('',(1.,-1.873711923467E-16));
#2319 = ( GEOMETRIC_REPRESENTATION_CONTEXT(2) 
PARAMETRIC_REPRESENTATION_CONTEXT() REPRESENTATION_CONTEXT('2D SPACE',''
  ) );
#2320 = ORIENTED_EDGE('',*,*,#2241,.F.);
#2321 = ORIENTED_EDGE('',*,*,#2322,.T.);
#2322 = EDGE_CURVE('',#2219,#2273,#2323,.T.);
#2323 = SURFACE_CURVE('',#2324,(#2328,#2335),.PCURVE_S1.);
#2324 = LINE('',#2325,#2326);
#2325 = CARTESIAN_POINT('',(1.744777252613,-1.48,-1.535346557157));
#2326 = VECTOR('',#2327,1.);
#2327 = DIRECTION('',(-0.824230320152,0.,-0.566254694764));
#2328 = PCURVE('',#2255,#2329);
#2329 = DEFINITIONAL_REPRESENTATION('',(#2330),#2334);
#2330 = LINE('',#2331,#2332);
#2331 = CARTESIAN_POINT('',(0.810884087449,-0.27414593403));
#2332 = VECTOR('',#2333,1.);
#2333 = DIRECTION('',(-0.389564647091,0.920999123635));
#2334 = ( GEOMETRIC_REPRESENTATION_CONTEXT(2) 
PARAMETRIC_REPRESENTATION_CONTEXT() REPRESENTATION_CONTEXT('2D SPACE',''
  ) );
#2335 = PCURVE('',#1500,#2336);
#2336 = DEFINITIONAL_REPRESENTATION('',(#2337),#2341);
#2337 = LINE('',#2338,#2339);
#2338 = CARTESIAN_POINT('',(0.137821264482,0.519775938379));
#2339 = VECTOR('',#2340,1.);
#2340 = DIRECTION('',(0.490687823803,-0.871335446066));
#2341 = ( GEOMETRIC_REPRESENTATION_CONTEXT(2) 
PARAMETRIC_REPRESENTATION_CONTEXT() REPRESENTATION_CONTEXT('2D SPACE',''
  ) );
#2342 = ADVANCED_FACE('',(#2343),#2288,.T.);
#2343 = FACE_BOUND('',#2344,.T.);
#2344 = EDGE_LOOP('',(#2345,#2373,#2374,#2397));
#2345 = ORIENTED_EDGE('',*,*,#2346,.F.);
#2346 = EDGE_CURVE('',#2271,#2347,#2349,.T.);
#2347 = VERTEX_POINT('',#2348);
#2348 = CARTESIAN_POINT('',(3.E-02,-0.72,-2.834903531832));
#2349 = SURFACE_CURVE('',#2350,(#2354,#2361),.PCURVE_S1.);
#2350 = LINE('',#2351,#2352);
#2351 = CARTESIAN_POINT('',(1.231808437611,-0.72,-2.608203659508));
#2352 = VECTOR('',#2353,1.);
#2353 = DIRECTION('',(-0.98267006022,0.,-0.185363299355));
#2354 = PCURVE('',#2288,#2355);
#2355 = DEFINITIONAL_REPRESENTATION('',(#2356),#2360);
#2356 = LINE('',#2357,#2358);
#2357 = CARTESIAN_POINT('',(-0.259393119403,-0.5296339551));
#2358 = VECTOR('',#2359,1.);
#2359 = DIRECTION('',(-0.114305482926,0.993445648525));
#2360 = ( GEOMETRIC_REPRESENTATION_CONTEXT(2) 
PARAMETRIC_REPRESENTATION_CONTEXT() REPRESENTATION_CONTEXT('2D SPACE',''
  ) );
#2361 = PCURVE('',#2362,#2367);
#2362 = PLANE('',#2363);
#2363 = AXIS2_PLACEMENT_3D('',#2364,#2365,#2366);
#2364 = CARTESIAN_POINT('',(0.80738450439,-0.19437758755,-2.915503136036
    ));
#2365 = DIRECTION('',(0.17060587349,-0.391009895789,-0.904436231763));
#2366 = DIRECTION('',(1.062921051361E-17,-0.917893141252,0.396827646773)
  );
#2367 = DEFINITIONAL_REPRESENTATION('',(#2368),#2372);
#2368 = LINE('',#2369,#2370);
#2369 = CARTESIAN_POINT('',(0.604410135401,-0.430738844381));
#2370 = VECTOR('',#2371,1.);
#2371 = DIRECTION('',(-7.355728188115E-02,0.997290993784));
#2372 = ( GEOMETRIC_REPRESENTATION_CONTEXT(2) 
PARAMETRIC_REPRESENTATION_CONTEXT() REPRESENTATION_CONTEXT('2D SPACE',''
  ) );
#2373 = ORIENTED_EDGE('',*,*,#2270,.T.);
#2374 = ORIENTED_EDGE('',*,*,#2375,.T.);
#2375 = EDGE_CURVE('',#2273,#2376,#2378,.T.);
#2376 = VERTEX_POINT('',#2377);
#2377 = CARTESIAN_POINT('',(3.E-02,-1.48,-2.23957873186));
#2378 = SURFACE_CURVE('',#2379,(#2383,#2390),.PCURVE_S1.);
#2379 = LINE('',#2380,#2381);
#2380 = CARTESIAN_POINT('',(0.980759109192,-1.48,-2.060234868129));
#2381 = VECTOR('',#2382,1.);
#2382 = DIRECTION('',(-0.98267006022,0.,-0.185363299355));
#2383 = PCURVE('',#2288,#2384);
#2384 = DEFINITIONAL_REPRESENTATION('',(#2385),#2389);
#2385 = LINE('',#2386,#2387);
#2386 = CARTESIAN_POINT('',(0.676811977987,-0.275831714674));
#2387 = VECTOR('',#2388,1.);
#2388 = DIRECTION('',(-0.114305482926,0.993445648525));
#2389 = ( GEOMETRIC_REPRESENTATION_CONTEXT(2) 
PARAMETRIC_REPRESENTATION_CONTEXT() REPRESENTATION_CONTEXT('2D SPACE',''
  ) );
#2390 = PCURVE('',#1442,#2391);
#2391 = DEFINITIONAL_REPRESENTATION('',(#2392),#2396);
#2392 = LINE('',#2393,#2394);
#2393 = CARTESIAN_POINT('',(0.275547480836,0.628732591572));
#2394 = VECTOR('',#2395,1.);
#2395 = DIRECTION('',(0.152069715383,-0.988369769703));
#2396 = ( GEOMETRIC_REPRESENTATION_CONTEXT(2) 
PARAMETRIC_REPRESENTATION_CONTEXT() REPRESENTATION_CONTEXT('2D SPACE',''
  ) );
#2397 = ORIENTED_EDGE('',*,*,#2398,.F.);
#2398 = EDGE_CURVE('',#2347,#2376,#2399,.T.);
#2399 = SURFACE_CURVE('',#2400,(#2404,#2411),.PCURVE_S1.);
#2400 = LINE('',#2401,#2402);
#2401 = CARTESIAN_POINT('',(3.E-02,-0.72,-2.834903531832));
#2402 = VECTOR('',#2403,1.);
#2403 = DIRECTION('',(1.257817500438E-16,-0.787232344497,0.616656497394)
  );
#2404 = PCURVE('',#2288,#2405);
#2405 = DEFINITIONAL_REPRESENTATION('',(#2406),#2410);
#2406 = LINE('',#2407,#2408);
#2407 = CARTESIAN_POINT('',(-0.39918906863,0.685353059401));
#2408 = VECTOR('',#2409,1.);
#2409 = DIRECTION('',(1.,-8.827852833892E-17));
#2410 = ( GEOMETRIC_REPRESENTATION_CONTEXT(2) 
PARAMETRIC_REPRESENTATION_CONTEXT() REPRESENTATION_CONTEXT('2D SPACE',''
  ) );
#2411 = PCURVE('',#2412,#2417);
#2412 = PLANE('',#2413);
#2413 = AXIS2_PLACEMENT_3D('',#2414,#2415,#2416);
#2414 = CARTESIAN_POINT('',(-0.643451633314,-0.972488927454,
    -2.500282580404));
#2415 = DIRECTION('',(-0.157952239515,-0.608915456075,-0.777350022439));
#2416 = DIRECTION('',(-1.240568782626E-17,-0.787232344497,0.616656497394
    ));
#2417 = DEFINITIONAL_REPRESENTATION('',(#2418),#2422);
#2418 = LINE('',#2419,#2420);
#2419 = CARTESIAN_POINT('',(-0.405113634181,-0.682013112363));
#2420 = VECTOR('',#2421,1.);
#2421 = DIRECTION('',(1.,-1.482877416428E-16));
#2422 = ( GEOMETRIC_REPRESENTATION_CONTEXT(2) 
PARAMETRIC_REPRESENTATION_CONTEXT() REPRESENTATION_CONTEXT('2D SPACE',''
  ) );
#2423 = ADVANCED_FACE('',(#2424),#2412,.T.);
#2424 = FACE_BOUND('',#2425,.T.);
#2425 = EDGE_LOOP('',(#2426,#2454,#2455,#2478));
#2426 = ORIENTED_EDGE('',*,*,#2427,.F.);
#2427 = EDGE_CURVE('',#2347,#2428,#2430,.T.);
#2428 = VERTEX_POINT('',#2429);
#2429 = CARTESIAN_POINT('',(-1.164473938583,-0.72,-2.592194548497));
#2430 = SURFACE_CURVE('',#2431,(#2435,#2442),.PCURVE_S1.);
#2431 = LINE('',#2432,#2433);
#2432 = CARTESIAN_POINT('',(3.E-02,-0.72,-2.834903531832));
#2433 = VECTOR('',#2434,1.);
#2434 = DIRECTION('',(-0.979974279479,0.,0.199124110944));
#2435 = PCURVE('',#2412,#2436);
#2436 = DEFINITIONAL_REPRESENTATION('',(#2437),#2441);
#2437 = LINE('',#2438,#2439);
#2438 = CARTESIAN_POINT('',(-0.405113634181,-0.682013112363));
#2439 = VECTOR('',#2440,1.);
#2440 = DIRECTION('',(0.122791176801,0.99243253015));
#2441 = ( GEOMETRIC_REPRESENTATION_CONTEXT(2) 
PARAMETRIC_REPRESENTATION_CONTEXT() REPRESENTATION_CONTEXT('2D SPACE',''
  ) );
#2442 = PCURVE('',#2443,#2448);
#2443 = PLANE('',#2444);
#2444 = AXIS2_PLACEMENT_3D('',#2445,#2446,#2447);
#2445 = CARTESIAN_POINT('',(-0.427721097762,-0.465677574151,
    -2.851847519409));
#2446 = DIRECTION('',(-0.183347949319,-0.390100656632,-0.902333091034));
#2447 = DIRECTION('',(5.265347159559E-19,-0.917893141252,0.396827646773)
  );
#2448 = DEFINITIONAL_REPRESENTATION('',(#2449),#2453);
#2449 = LINE('',#2450,#2451);
#2450 = CARTESIAN_POINT('',(0.24016465307,-0.465614151156));
#2451 = VECTOR('',#2452,1.);
#2452 = DIRECTION('',(7.901795236171E-02,0.996873193142));
#2453 = ( GEOMETRIC_REPRESENTATION_CONTEXT(2) 
PARAMETRIC_REPRESENTATION_CONTEXT() REPRESENTATION_CONTEXT('2D SPACE',''
  ) );
#2454 = ORIENTED_EDGE('',*,*,#2398,.T.);
#2455 = ORIENTED_EDGE('',*,*,#2456,.T.);
#2456 = EDGE_CURVE('',#2376,#2457,#2459,.T.);
#2457 = VERTEX_POINT('',#2458);
#2458 = CARTESIAN_POINT('',(-0.914956735416,-1.48,-2.047569947792));
#2459 = SURFACE_CURVE('',#2460,(#2464,#2471),.PCURVE_S1.);
#2460 = LINE('',#2461,#2462);
#2461 = CARTESIAN_POINT('',(3.E-02,-1.48,-2.23957873186));
#2462 = VECTOR('',#2463,1.);
#2463 = DIRECTION('',(-0.979974279479,0.,0.199124110944));
#2464 = PCURVE('',#2412,#2465);
#2465 = DEFINITIONAL_REPRESENTATION('',(#2466),#2470);
#2466 = LINE('',#2467,#2468);
#2467 = CARTESIAN_POINT('',(0.560293853599,-0.682013112363));
#2468 = VECTOR('',#2469,1.);
#2469 = DIRECTION('',(0.122791176801,0.99243253015));
#2470 = ( GEOMETRIC_REPRESENTATION_CONTEXT(2) 
PARAMETRIC_REPRESENTATION_CONTEXT() REPRESENTATION_CONTEXT('2D SPACE',''
  ) );
#2471 = PCURVE('',#1386,#2472);
#2472 = DEFINITIONAL_REPRESENTATION('',(#2473),#2477);
#2473 = LINE('',#2474,#2475);
#2474 = CARTESIAN_POINT('',(0.426006013929,0.325210396558));
#2475 = VECTOR('',#2476,1.);
#2476 = DIRECTION('',(-0.163358911837,-0.986566706271));
#2477 = ( GEOMETRIC_REPRESENTATION_CONTEXT(2) 
PARAMETRIC_REPRESENTATION_CONTEXT() REPRESENTATION_CONTEXT('2D SPACE',''
  ) );
#2478 = ORIENTED_EDGE('',*,*,#2479,.T.);
#2479 = EDGE_CURVE('',#2457,#2428,#2480,.T.);
#2480 = SURFACE_CURVE('',#2481,(#2485,#2492),.PCURVE_S1.);
#2481 = LINE('',#2482,#2483);
#2482 = CARTESIAN_POINT('',(-0.914956735416,-1.48,-2.047569947792));
#2483 = VECTOR('',#2484,1.);
#2484 = DIRECTION('',(-0.257841279947,0.785354157037,-0.562793676564));
#2485 = PCURVE('',#2412,#2486);
#2486 = DEFINITIONAL_REPRESENTATION('',(#2487),#2491);
#2487 = LINE('',#2488,#2489);
#2488 = CARTESIAN_POINT('',(0.678697317851,0.274956701487));
#2489 = VECTOR('',#2490,1.);
#2490 = DIRECTION('',(-0.96530657165,0.261119173424));
#2491 = ( GEOMETRIC_REPRESENTATION_CONTEXT(2) 
PARAMETRIC_REPRESENTATION_CONTEXT() REPRESENTATION_CONTEXT('2D SPACE',''
  ) );
#2492 = PCURVE('',#2493,#2498);
#2493 = PLANE('',#2494);
#2494 = AXIS2_PLACEMENT_3D('',#2495,#2496,#2497);
#2495 = CARTESIAN_POINT('',(-1.451587725126,-0.976003257589,
    -2.184505309702));
#2496 = DIRECTION('',(-0.407113994699,-0.616565598634,-0.673873176422));
#2497 = DIRECTION('',(3.39439288122E-17,-0.737781784982,0.675039286078)
  );
#2498 = DEFINITIONAL_REPRESENTATION('',(#2499),#2503);
#2499 = LINE('',#2500,#2501);
#2500 = CARTESIAN_POINT('',(0.464276365184,-0.587523859559));
#2501 = VECTOR('',#2502,1.);
#2502 = DIRECTION('',(-0.959327833459,0.28229436401));
#2503 = ( GEOMETRIC_REPRESENTATION_CONTEXT(2) 
PARAMETRIC_REPRESENTATION_CONTEXT() REPRESENTATION_CONTEXT('2D SPACE',''
  ) );
#2504 = ADVANCED_FACE('',(#2505),#2493,.T.);
#2505 = FACE_BOUND('',#2506,.T.);
#2506 = EDGE_LOOP('',(#2507,#2535,#2536,#2559));
#2507 = ORIENTED_EDGE('',*,*,#2508,.F.);
#2508 = EDGE_CURVE('',#2428,#2509,#2511,.T.);
#2509 = VERTEX_POINT('',#2510);
#2510 = CARTESIAN_POINT('',(-2.177077446877,-0.72,-1.980439883478));
#2511 = SURFACE_CURVE('',#2512,(#2516,#2523),.PCURVE_S1.);
#2512 = LINE('',#2513,#2514);
#2513 = CARTESIAN_POINT('',(-1.164473938583,-0.72,-2.592194548497));
#2514 = VECTOR('',#2515,1.);
#2515 = DIRECTION('',(-0.855925501422,0.,0.517099154916));
#2516 = PCURVE('',#2493,#2517);
#2517 = DEFINITIONAL_REPRESENTATION('',(#2518),#2522);
#2518 = LINE('',#2519,#2520);
#2519 = CARTESIAN_POINT('',(-0.464080793043,-0.314343008952));
#2520 = VECTOR('',#2521,1.);
#2521 = DIRECTION('',(0.349062244366,0.937099540902));
#2522 = ( GEOMETRIC_REPRESENTATION_CONTEXT(2) 
PARAMETRIC_REPRESENTATION_CONTEXT() REPRESENTATION_CONTEXT('2D SPACE',''
  ) );
#2523 = PCURVE('',#2524,#2529);
#2524 = PLANE('',#2525);
#2525 = AXIS2_PLACEMENT_3D('',#2526,#2527,#2528);
#2526 = CARTESIAN_POINT('',(-1.69609433287,-0.19729606955,
    -2.534974019513));
#2527 = DIRECTION('',(-0.474659541941,-0.39674812969,-0.785677567983));
#2528 = DIRECTION('',(-0.855925501422,-3.923800025179E-18,0.517099154916
    ));
#2529 = DEFINITIONAL_REPRESENTATION('',(#2530),#2534);
#2530 = LINE('',#2531,#2532);
#2531 = CARTESIAN_POINT('',(-0.484616139728,-0.569439222904));
#2532 = VECTOR('',#2533,1.);
#2533 = DIRECTION('',(1.,-5.066280264805E-17));
#2534 = ( GEOMETRIC_REPRESENTATION_CONTEXT(2) 
PARAMETRIC_REPRESENTATION_CONTEXT() REPRESENTATION_CONTEXT('2D SPACE',''
  ) );
#2535 = ORIENTED_EDGE('',*,*,#2479,.F.);
#2536 = ORIENTED_EDGE('',*,*,#2537,.T.);
#2537 = EDGE_CURVE('',#2457,#2538,#2540,.T.);
#2538 = VERTEX_POINT('',#2539);
#2539 = CARTESIAN_POINT('',(-1.716034494051,-1.48,-1.563606528868));
#2540 = SURFACE_CURVE('',#2541,(#2545,#2552),.PCURVE_S1.);
#2541 = LINE('',#2542,#2543);
#2542 = CARTESIAN_POINT('',(-0.914956735416,-1.48,-2.047569947792));
#2543 = VECTOR('',#2544,1.);
#2544 = DIRECTION('',(-0.855925501422,0.,0.517099154916));
#2545 = PCURVE('',#2493,#2546);
#2546 = DEFINITIONAL_REPRESENTATION('',(#2547),#2551);
#2547 = LINE('',#2548,#2549);
#2548 = CARTESIAN_POINT('',(0.464276365184,-0.587523859559));
#2549 = VECTOR('',#2550,1.);
#2550 = DIRECTION('',(0.349062244366,0.937099540902));
#2551 = ( GEOMETRIC_REPRESENTATION_CONTEXT(2) 
PARAMETRIC_REPRESENTATION_CONTEXT() REPRESENTATION_CONTEXT('2D SPACE',''
  ) );
#2552 = PCURVE('',#1328,#2553);
#2553 = DEFINITIONAL_REPRESENTATION('',(#2554),#2558);
#2554 = LINE('',#2555,#2556);
#2555 = CARTESIAN_POINT('',(0.672115222765,-6.23794812962E-02));
#2556 = VECTOR('',#2557,1.);
#2557 = DIRECTION('',(-0.444050141821,-0.896001937246));
#2558 = ( GEOMETRIC_REPRESENTATION_CONTEXT(2) 
PARAMETRIC_REPRESENTATION_CONTEXT() REPRESENTATION_CONTEXT('2D SPACE',''
  ) );
#2559 = ORIENTED_EDGE('',*,*,#2560,.F.);
#2560 = EDGE_CURVE('',#2509,#2538,#2561,.T.);
#2561 = SURFACE_CURVE('',#2562,(#2566,#2573),.PCURVE_S1.);
#2562 = LINE('',#2563,#2564);
#2563 = CARTESIAN_POINT('',(-2.177077446877,-0.72,-1.980439883478));
#2564 = VECTOR('',#2565,1.);
#2565 = DIRECTION('',(0.46959449682,-0.774096676667,0.424564887536));
#2566 = PCURVE('',#2493,#2567);
#2567 = DEFINITIONAL_REPRESENTATION('',(#2568),#2572);
#2568 = LINE('',#2569,#2570);
#2569 = CARTESIAN_POINT('',(-5.112236071349E-02,0.794293526776));
#2570 = VECTOR('',#2571,1.);
#2571 = DIRECTION('',(0.857712406437,-0.51412977724));
#2572 = ( GEOMETRIC_REPRESENTATION_CONTEXT(2) 
PARAMETRIC_REPRESENTATION_CONTEXT() REPRESENTATION_CONTEXT('2D SPACE',''
  ) );
#2573 = PCURVE('',#2574,#2579);
#2574 = PLANE('',#2575);
#2575 = AXIS2_PLACEMENT_3D('',#2576,#2577,#2578);
#2576 = CARTESIAN_POINT('',(-2.390660144466,-0.977316050354,
    -1.310452947244));
#2577 = DIRECTION('',(-0.636444166245,-0.630092883585,-0.444884008824));
#2578 = DIRECTION('',(0.703552018285,-0.710643762773,4.587733188111E-18)
  );
#2579 = DEFINITIONAL_REPRESENTATION('',(#2580),#2584);
#2580 = LINE('',#2581,#2582);
#2581 = CARTESIAN_POINT('',(-3.259350828605E-02,-0.748097103604));
#2582 = VECTOR('',#2583,1.);
#2583 = DIRECTION('',(0.88049113107,0.474062620449));
#2584 = ( GEOMETRIC_REPRESENTATION_CONTEXT(2) 
PARAMETRIC_REPRESENTATION_CONTEXT() REPRESENTATION_CONTEXT('2D SPACE',''
  ) );
#2585 = ADVANCED_FACE('',(#2586),#2574,.T.);
#2586 = FACE_BOUND('',#2587,.T.);
#2587 = EDGE_LOOP('',(#2588,#2618,#2644,#2645));
#2588 = ORIENTED_EDGE('',*,*,#2589,.F.);
#2589 = EDGE_CURVE('',#2590,#2592,#2594,.T.);
#2590 = VERTEX_POINT('',#2591);
#2591 = CARTESIAN_POINT('',(-2.824640047971,-0.72,-1.054046865139));
#2592 = VERTEX_POINT('',#2593);
#2593 = CARTESIAN_POINT('',(-2.228325823097,-1.48,-0.83073049529));
#2594 = SURFACE_CURVE('',#2595,(#2599,#2606),.PCURVE_S1.);
#2595 = LINE('',#2596,#2597);
#2596 = CARTESIAN_POINT('',(-2.824640047971,-0.72,-1.054046865139));
#2597 = VECTOR('',#2598,1.);
#2598 = DIRECTION('',(0.601429834246,-0.766519822873,0.225232137186));
#2599 = PCURVE('',#2574,#2600);
#2600 = DEFINITIONAL_REPRESENTATION('',(#2601),#2605);
#2601 = LINE('',#2602,#2603);
#2602 = CARTESIAN_POINT('',(-0.488187483252,0.28629908584));
#2603 = VECTOR('',#2604,1.);
#2604 = DIRECTION('',(0.967859704907,0.251490738632));
#2605 = ( GEOMETRIC_REPRESENTATION_CONTEXT(2) 
PARAMETRIC_REPRESENTATION_CONTEXT() REPRESENTATION_CONTEXT('2D SPACE',''
  ) );
#2606 = PCURVE('',#2607,#2612);
#2607 = PLANE('',#2608);
#2608 = AXIS2_PLACEMENT_3D('',#2609,#2610,#2611);
#2609 = CARTESIAN_POINT('',(-2.580077297782,-1.200672852016,
    -0.278786105624));
#2610 = DIRECTION('',(-0.753871505058,-0.637828370809,-0.157647465098));
#2611 = DIRECTION('',(0.645905119426,-0.763417694777,2.372200462847E-19)
  );
#2612 = DEFINITIONAL_REPRESENTATION('',(#2613),#2617);
#2613 = LINE('',#2614,#2615);
#2614 = CARTESIAN_POINT('',(-0.524918492996,-0.785077798947));
#2615 = VECTOR('',#2616,1.);
#2616 = DIRECTION('',(0.973641405094,0.2280842263));
#2617 = ( GEOMETRIC_REPRESENTATION_CONTEXT(2) 
PARAMETRIC_REPRESENTATION_CONTEXT() REPRESENTATION_CONTEXT('2D SPACE',''
  ) );
#2618 = ORIENTED_EDGE('',*,*,#2619,.F.);
#2619 = EDGE_CURVE('',#2509,#2590,#2620,.T.);
#2620 = SURFACE_CURVE('',#2621,(#2625,#2632),.PCURVE_S1.);
#2621 = LINE('',#2622,#2623);
#2622 = CARTESIAN_POINT('',(-2.177077446877,-0.72,-1.980439883478));
#2623 = VECTOR('',#2624,1.);
#2624 = DIRECTION('',(-0.572920386861,0.,0.819611023791));
#2625 = PCURVE('',#2574,#2626);
#2626 = DEFINITIONAL_REPRESENTATION('',(#2627),#2631);
#2627 = LINE('',#2628,#2629);
#2628 = CARTESIAN_POINT('',(-3.259350828605E-02,-0.748097103604));
#2629 = VECTOR('',#2630,1.);
#2630 = DIRECTION('',(-0.403079294492,0.915165057436));
#2631 = ( GEOMETRIC_REPRESENTATION_CONTEXT(2) 
PARAMETRIC_REPRESENTATION_CONTEXT() REPRESENTATION_CONTEXT('2D SPACE',''
  ) );
#2632 = PCURVE('',#2633,#2638);
#2633 = PLANE('',#2634);
#2634 = AXIS2_PLACEMENT_3D('',#2635,#2636,#2637);
#2635 = CARTESIAN_POINT('',(-2.775206454776,-0.198334664661,
    -1.532539460195));
#2636 = DIRECTION('',(-0.748024756789,-0.408723539533,-0.522880513562));
#2637 = DIRECTION('',(0.572920386861,-1.31266925222E-17,-0.819611023791)
  );
#2638 = DEFINITIONAL_REPRESENTATION('',(#2639),#2643);
#2639 = LINE('',#2640,#2641);
#2640 = CARTESIAN_POINT('',(0.709784427081,0.571588915598));
#2641 = VECTOR('',#2642,1.);
#2642 = DIRECTION('',(-1.,-3.516081365731E-17));
#2643 = ( GEOMETRIC_REPRESENTATION_CONTEXT(2) 
PARAMETRIC_REPRESENTATION_CONTEXT() REPRESENTATION_CONTEXT('2D SPACE',''
  ) );
#2644 = ORIENTED_EDGE('',*,*,#2560,.T.);
#2645 = ORIENTED_EDGE('',*,*,#2646,.T.);
#2646 = EDGE_CURVE('',#2538,#2592,#2647,.T.);
#2647 = SURFACE_CURVE('',#2648,(#2652,#2659),.PCURVE_S1.);
#2648 = LINE('',#2649,#2650);
#2649 = CARTESIAN_POINT('',(-1.716034494051,-1.48,-1.563606528868));
#2650 = VECTOR('',#2651,1.);
#2651 = DIRECTION('',(-0.572920386861,0.,0.819611023791));
#2652 = PCURVE('',#2574,#2653);
#2653 = DEFINITIONAL_REPRESENTATION('',(#2654),#2658);
#2654 = LINE('',#2655,#2656);
#2655 = CARTESIAN_POINT('',(0.831863451398,-0.282667393852));
#2656 = VECTOR('',#2657,1.);
#2657 = DIRECTION('',(-0.403079294492,0.915165057436));
#2658 = ( GEOMETRIC_REPRESENTATION_CONTEXT(2) 
PARAMETRIC_REPRESENTATION_CONTEXT() REPRESENTATION_CONTEXT('2D SPACE',''
  ) );
#2659 = PCURVE('',#1272,#2660);
#2660 = DEFINITIONAL_REPRESENTATION('',(#2661),#2665);
#2661 = LINE('',#2662,#2663);
#2662 = CARTESIAN_POINT('',(0.258214120182,0.824569146091));
#2663 = VECTOR('',#2664,1.);
#2664 = DIRECTION('',(0.50168872823,-0.86504821829));
#2665 = ( GEOMETRIC_REPRESENTATION_CONTEXT(2) 
PARAMETRIC_REPRESENTATION_CONTEXT() REPRESENTATION_CONTEXT('2D SPACE',''
  ) );
#2666 = ADVANCED_FACE('',(#2667),#2633,.T.);
#2667 = FACE_BOUND('',#2668,.T.);
#2668 = EDGE_LOOP('',(#2669,#2697,#2725,#2746));
#2669 = ORIENTED_EDGE('',*,*,#2670,.T.);
#2670 = EDGE_CURVE('',#2590,#2671,#2673,.T.);
#2671 = VERTEX_POINT('',#2672);
#2672 = CARTESIAN_POINT('',(-3.158083134045,5.E-02,-1.178919451483));
#2673 = SURFACE_CURVE('',#2674,(#2678,#2685),.PCURVE_S1.);
#2674 = LINE('',#2675,#2676);
#2675 = CARTESIAN_POINT('',(-2.824640047971,-0.72,-1.054046865139));
#2676 = VECTOR('',#2677,1.);
#2677 = DIRECTION('',(-0.393054495624,0.907657031351,-0.147196728594));
#2678 = PCURVE('',#2633,#2679);
#2679 = DEFINITIONAL_REPRESENTATION('',(#2680),#2684);
#2680 = LINE('',#2681,#2682);
#2681 = CARTESIAN_POINT('',(-0.420499319047,0.571588915598));
#2682 = VECTOR('',#2683,1.);
#2683 = DIRECTION('',(-0.104544872268,-0.994520170576));
#2684 = ( GEOMETRIC_REPRESENTATION_CONTEXT(2) 
PARAMETRIC_REPRESENTATION_CONTEXT() REPRESENTATION_CONTEXT('2D SPACE',''
  ) );
#2685 = PCURVE('',#2686,#2691);
#2686 = PLANE('',#2687);
#2687 = AXIS2_PLACEMENT_3D('',#2688,#2689,#2690);
#2688 = CARTESIAN_POINT('',(-3.086232792188,-0.45930335632,
    -0.385240458152));
#2689 = DIRECTION('',(-0.890242964943,-0.415704254845,-0.186165076943));
#2690 = DIRECTION('',(0.423100698034,-0.906082666937,8.003654805214E-18)
  );
#2691 = DEFINITIONAL_REPRESENTATION('',(#2692),#2696);
#2692 = LINE('',#2693,#2694);
#2693 = CARTESIAN_POINT('',(0.346892782846,-0.680706185582));
#2694 = VECTOR('',#2695,1.);
#2695 = DIRECTION('',(-0.988713935094,-0.149815735323));
#2696 = ( GEOMETRIC_REPRESENTATION_CONTEXT(2) 
PARAMETRIC_REPRESENTATION_CONTEXT() REPRESENTATION_CONTEXT('2D SPACE',''
  ) );
#2697 = ORIENTED_EDGE('',*,*,#2698,.T.);
#2698 = EDGE_CURVE('',#2671,#2699,#2701,.T.);
#2699 = VERTEX_POINT('',#2700);
#2700 = CARTESIAN_POINT('',(-2.434880428242,5.E-02,-2.213522031013));
#2701 = SURFACE_CURVE('',#2702,(#2706,#2713),.PCURVE_S1.);
#2702 = LINE('',#2703,#2704);
#2703 = CARTESIAN_POINT('',(-3.158083134045,5.E-02,-1.178919451483));
#2704 = VECTOR('',#2705,1.);
#2705 = DIRECTION('',(0.572920386861,0.,-0.819611023791));
#2706 = PCURVE('',#2633,#2707);
#2707 = DEFINITIONAL_REPRESENTATION('',(#2708),#2712);
#2708 = LINE('',#2709,#2710);
#2709 = CARTESIAN_POINT('',(-0.50918871258,-0.272100390928));
#2710 = VECTOR('',#2711,1.);
#2711 = DIRECTION('',(1.,-2.210825933896E-17));
#2712 = ( GEOMETRIC_REPRESENTATION_CONTEXT(2) 
PARAMETRIC_REPRESENTATION_CONTEXT() REPRESENTATION_CONTEXT('2D SPACE',''
  ) );
#2713 = PCURVE('',#2714,#2719);
#2714 = PLANE('',#2715);
#2715 = AXIS2_PLACEMENT_3D('',#2716,#2717,#2718);
#2716 = CARTESIAN_POINT('',(-2.914794761745,0.272298744629,
    -1.605603138828));
#2717 = DIRECTION('',(-0.803279164818,-0.198634456699,-0.561504172719));
#2718 = DIRECTION('',(0.572920386861,-2.938030052192E-18,-0.819611023791
    ));
#2719 = DEFINITIONAL_REPRESENTATION('',(#2720),#2724);
#2720 = LINE('',#2721,#2722);
#2721 = CARTESIAN_POINT('',(-0.489099522197,0.226818408409));
#2722 = VECTOR('',#2723,1.);
#2723 = DIRECTION('',(1.,3.459651934909E-17));
#2724 = ( GEOMETRIC_REPRESENTATION_CONTEXT(2) 
PARAMETRIC_REPRESENTATION_CONTEXT() REPRESENTATION_CONTEXT('2D SPACE',''
  ) );
#2725 = ORIENTED_EDGE('',*,*,#2726,.T.);
#2726 = EDGE_CURVE('',#2699,#2509,#2727,.T.);
#2727 = SURFACE_CURVE('',#2728,(#2732,#2739),.PCURVE_S1.);
#2728 = LINE('',#2729,#2730);
#2729 = CARTESIAN_POINT('',(-2.434880428242,5.E-02,-2.213522031013));
#2730 = VECTOR('',#2731,1.);
#2731 = DIRECTION('',(0.305163952782,-0.91145665732,0.27590165594));
#2732 = PCURVE('',#2633,#2733);
#2733 = DEFINITIONAL_REPRESENTATION('',(#2734),#2738);
#2734 = LINE('',#2735,#2736);
#2735 = CARTESIAN_POINT('',(0.753120540833,-0.272100390928));
#2736 = VECTOR('',#2737,1.);
#2737 = DIRECTION('',(-5.129738880668E-02,0.998683422262));
#2738 = ( GEOMETRIC_REPRESENTATION_CONTEXT(2) 
PARAMETRIC_REPRESENTATION_CONTEXT() REPRESENTATION_CONTEXT('2D SPACE',''
  ) );
#2739 = PCURVE('',#2524,#2740);
#2740 = DEFINITIONAL_REPRESENTATION('',(#2741),#2745);
#2741 = LINE('',#2742,#2743);
#2742 = CARTESIAN_POINT('',(0.798568410724,0.269406969163));
#2743 = VECTOR('',#2744,1.);
#2744 = DIRECTION('',(-0.118529096174,-0.992950579515));
#2745 = ( GEOMETRIC_REPRESENTATION_CONTEXT(2) 
PARAMETRIC_REPRESENTATION_CONTEXT() REPRESENTATION_CONTEXT('2D SPACE',''
  ) );
#2746 = ORIENTED_EDGE('',*,*,#2619,.T.);
#2747 = ADVANCED_FACE('',(#2748),#2714,.T.);
#2748 = FACE_BOUND('',#2749,.T.);
#2749 = EDGE_LOOP('',(#2750,#2778,#2806,#2832));
#2750 = ORIENTED_EDGE('',*,*,#2751,.T.);
#2751 = EDGE_CURVE('',#2671,#2752,#2754,.T.);
#2752 = VERTEX_POINT('',#2753);
#2753 = CARTESIAN_POINT('',(-3.295267126159,0.75,-1.230294095659));
#2754 = SURFACE_CURVE('',#2755,(#2759,#2766),.PCURVE_S1.);
#2755 = LINE('',#2756,#2757);
#2756 = CARTESIAN_POINT('',(-3.158083134045,5.E-02,-1.178919451483));
#2757 = VECTOR('',#2758,1.);
#2758 = DIRECTION('',(-0.191821864698,0.978797184857,-7.183622441879E-02
    ));
#2759 = PCURVE('',#2714,#2760);
#2760 = DEFINITIONAL_REPRESENTATION('',(#2761),#2765);
#2761 = LINE('',#2762,#2763);
#2762 = CARTESIAN_POINT('',(-0.489099522197,0.226818408409));
#2763 = VECTOR('',#2764,1.);
#2764 = DIRECTION('',(-5.102089549014E-02,-0.998697585971));
#2765 = ( GEOMETRIC_REPRESENTATION_CONTEXT(2) 
PARAMETRIC_REPRESENTATION_CONTEXT() REPRESENTATION_CONTEXT('2D SPACE',''
  ) );
#2766 = PCURVE('',#2767,#2772);
#2767 = PLANE('',#2768);
#2768 = AXIS2_PLACEMENT_3D('',#2769,#2770,#2771);
#2769 = CARTESIAN_POINT('',(-3.406252287683,0.530173843898,
    -0.477415336997));
#2770 = DIRECTION('',(-0.958535280157,-0.202562210087,-0.200446171675));
#2771 = DIRECTION('',(0.206758430982,-0.97839202328,-6.034644109551E-18)
  );
#2772 = DEFINITIONAL_REPRESENTATION('',(#2773),#2777);
#2773 = LINE('',#2774,#2775);
#2774 = CARTESIAN_POINT('',(0.521109323482,-0.716036273384));
#2775 = VECTOR('',#2776,1.);
#2776 = DIRECTION('',(-0.997308145846,-7.332436312868E-02));
#2777 = ( GEOMETRIC_REPRESENTATION_CONTEXT(2) 
PARAMETRIC_REPRESENTATION_CONTEXT() REPRESENTATION_CONTEXT('2D SPACE',''
  ) );
#2778 = ORIENTED_EDGE('',*,*,#2779,.T.);
#2779 = EDGE_CURVE('',#2752,#2780,#2782,.T.);
#2780 = VERTEX_POINT('',#2781);
#2781 = CARTESIAN_POINT('',(-2.540944832153,0.75,-2.309415875645));
#2782 = SURFACE_CURVE('',#2783,(#2787,#2794),.PCURVE_S1.);
#2783 = LINE('',#2784,#2785);
#2784 = CARTESIAN_POINT('',(-3.295267126159,0.75,-1.230294095659));
#2785 = VECTOR('',#2786,1.);
#2786 = DIRECTION('',(0.572920386861,0.,-0.819611023791));
#2787 = PCURVE('',#2714,#2788);
#2788 = DEFINITIONAL_REPRESENTATION('',(#2789),#2793);
#2789 = LINE('',#2790,#2791);
#2790 = CARTESIAN_POINT('',(-0.52558780332,-0.487413631685));
#2791 = VECTOR('',#2792,1.);
#2792 = DIRECTION('',(1.,6.840943733465E-18));
#2793 = ( GEOMETRIC_REPRESENTATION_CONTEXT(2) 
PARAMETRIC_REPRESENTATION_CONTEXT() REPRESENTATION_CONTEXT('2D SPACE',''
  ) );
#2794 = PCURVE('',#2795,#2800);
#2795 = PLANE('',#2796);
#2796 = AXIS2_PLACEMENT_3D('',#2797,#2798,#2799);
#2797 = CARTESIAN_POINT('',(-2.838690641185,1.250241298031,
    -1.879749826842));
#2798 = DIRECTION('',(-0.819603603204,4.255290929871E-03,-0.572915199759
    ));
#2799 = DIRECTION('',(0.572920386861,4.069867500483E-20,-0.819611023791)
  );
#2800 = DEFINITIONAL_REPRESENTATION('',(#2801),#2805);
#2801 = LINE('',#2802,#2803);
#2802 = CARTESIAN_POINT('',(-0.793883053144,0.500245827153));
#2803 = VECTOR('',#2804,1.);
#2804 = DIRECTION('',(1.,8.515042656596E-21));
#2805 = ( GEOMETRIC_REPRESENTATION_CONTEXT(2) 
PARAMETRIC_REPRESENTATION_CONTEXT() REPRESENTATION_CONTEXT('2D SPACE',''
  ) );
#2806 = ORIENTED_EDGE('',*,*,#2807,.T.);
#2807 = EDGE_CURVE('',#2780,#2699,#2808,.T.);
#2808 = SURFACE_CURVE('',#2809,(#2813,#2820),.PCURVE_S1.);
#2809 = LINE('',#2810,#2811);
#2810 = CARTESIAN_POINT('',(-2.540944832153,0.75,-2.309415875645));
#2811 = VECTOR('',#2812,1.);
#2812 = DIRECTION('',(0.148455077592,-0.979768428264,0.134219659193));
#2813 = PCURVE('',#2714,#2814);
#2814 = DEFINITIONAL_REPRESENTATION('',(#2815),#2819);
#2815 = LINE('',#2816,#2817);
#2816 = CARTESIAN_POINT('',(0.791038924069,-0.487413631685));
#2817 = VECTOR('',#2818,1.);
#2818 = DIRECTION('',(-2.495497179841E-02,0.999688576199));
#2819 = ( GEOMETRIC_REPRESENTATION_CONTEXT(2) 
PARAMETRIC_REPRESENTATION_CONTEXT() REPRESENTATION_CONTEXT('2D SPACE',''
  ) );
#2820 = PCURVE('',#2821,#2826);
#2821 = PLANE('',#2822);
#2822 = AXIS2_PLACEMENT_3D('',#2823,#2824,#2825);
#2823 = CARTESIAN_POINT('',(-2.035189361373,0.533690996715,
    -2.565529884013));
#2824 = DIRECTION('',(-0.507481782084,-0.191967422543,-0.840006398508));
#2825 = DIRECTION('',(-0.855925501422,-8.53827504895E-18,0.517099154916)
  );
#2826 = DEFINITIONAL_REPRESENTATION('',(#2827),#2831);
#2827 = LINE('',#2828,#2829);
#2828 = CARTESIAN_POINT('',(0.565325342213,0.220408311683));
#2829 = VECTOR('',#2830,1.);
#2830 = DIRECTION('',(-5.766161438488E-02,-0.998336184973));
#2831 = ( GEOMETRIC_REPRESENTATION_CONTEXT(2) 
PARAMETRIC_REPRESENTATION_CONTEXT() REPRESENTATION_CONTEXT('2D SPACE',''
  ) );
#2832 = ORIENTED_EDGE('',*,*,#2698,.F.);
#2833 = ADVANCED_FACE('',(#2834),#2821,.T.);
#2834 = FACE_BOUND('',#2835,.T.);
#2835 = EDGE_LOOP('',(#2836,#2837,#2865,#2893));
#2836 = ORIENTED_EDGE('',*,*,#2807,.F.);
#2837 = ORIENTED_EDGE('',*,*,#2838,.T.);
#2838 = EDGE_CURVE('',#2780,#2839,#2841,.T.);
#2839 = VERTEX_POINT('',#2840);
#2840 = CARTESIAN_POINT('',(-1.361399565016,0.75,-3.02202679775));
#2841 = SURFACE_CURVE('',#2842,(#2846,#2853),.PCURVE_S1.);
#2842 = LINE('',#2843,#2844);
#2843 = CARTESIAN_POINT('',(-2.540944832153,0.75,-2.309415875645));
#2844 = VECTOR('',#2845,1.);
#2845 = DIRECTION('',(0.855925501422,0.,-0.517099154916));
#2846 = PCURVE('',#2821,#2847);
#2847 = DEFINITIONAL_REPRESENTATION('',(#2848),#2852);
#2848 = LINE('',#2849,#2850);
#2849 = CARTESIAN_POINT('',(0.565325342213,0.220408311683));
#2850 = VECTOR('',#2851,1.);
#2851 = DIRECTION('',(-1.,2.964947180852E-17));
#2852 = ( GEOMETRIC_REPRESENTATION_CONTEXT(2) 
PARAMETRIC_REPRESENTATION_CONTEXT() REPRESENTATION_CONTEXT('2D SPACE',''
  ) );
#2853 = PCURVE('',#2854,#2859);
#2854 = PLANE('',#2855);
#2855 = AXIS2_PLACEMENT_3D('',#2856,#2857,#2858);
#2856 = CARTESIAN_POINT('',(-2.067440598571,1.252081859723,
    -2.593069790867));
#2857 = DIRECTION('',(-0.51709479403,4.106904058432E-03,-0.855918283089)
  );
#2858 = DIRECTION('',(-0.855925501422,1.826826922898E-19,0.517099154916)
  );
#2859 = DEFINITIONAL_REPRESENTATION('',(#2860),#2864);
#2860 = LINE('',#2861,#2862);
#2861 = CARTESIAN_POINT('',(0.551961548404,-0.502086093998));
#2862 = VECTOR('',#2863,1.);
#2863 = DIRECTION('',(-1.,1.328255812354E-18));
#2864 = ( GEOMETRIC_REPRESENTATION_CONTEXT(2) 
PARAMETRIC_REPRESENTATION_CONTEXT() REPRESENTATION_CONTEXT('2D SPACE',''
  ) );
#2865 = ORIENTED_EDGE('',*,*,#2866,.T.);
#2866 = EDGE_CURVE('',#2839,#2867,#2869,.T.);
#2867 = VERTEX_POINT('',#2868);
#2868 = CARTESIAN_POINT('',(-1.303997335447,5.E-02,-2.896734168777));
#2869 = SURFACE_CURVE('',#2870,(#2874,#2881),.PCURVE_S1.);
#2870 = LINE('',#2871,#2872);
#2871 = CARTESIAN_POINT('',(-1.361399565016,0.75,-3.02202679775));
#2872 = VECTOR('',#2873,1.);
#2873 = DIRECTION('',(8.045865085391E-02,-0.981164948128,0.17561819401)
  );
#2874 = PCURVE('',#2821,#2875);
#2875 = DEFINITIONAL_REPRESENTATION('',(#2876),#2880);
#2876 = LINE('',#2877,#2878);
#2877 = CARTESIAN_POINT('',(-0.812768037616,0.220408311683));
#2878 = VECTOR('',#2879,1.);
#2879 = DIRECTION('',(2.194540863449E-02,-0.999759170521));
#2880 = ( GEOMETRIC_REPRESENTATION_CONTEXT(2) 
PARAMETRIC_REPRESENTATION_CONTEXT() REPRESENTATION_CONTEXT('2D SPACE',''
  ) );
#2881 = PCURVE('',#2882,#2887);
#2882 = PLANE('',#2883);
#2883 = AXIS2_PLACEMENT_3D('',#2884,#2885,#2886);
#2884 = CARTESIAN_POINT('',(-0.531493654834,0.534400377655,
    -3.148475547726));
#2885 = DIRECTION('',(-0.195561940814,-0.188303923196,-0.962443328105));
#2886 = DIRECTION('',(-0.979974279479,6.86419181712E-18,0.199124110944)
  );
#2887 = DEFINITIONAL_REPRESENTATION('',(#2888),#2892);
#2888 = LINE('',#2889,#2890);
#2889 = CARTESIAN_POINT('',(0.838465441285,0.219526779805));
#2890 = VECTOR('',#2891,1.);
#2891 = DIRECTION('',(-4.387759165061E-02,-0.999036914709));
#2892 = ( GEOMETRIC_REPRESENTATION_CONTEXT(2) 
PARAMETRIC_REPRESENTATION_CONTEXT() REPRESENTATION_CONTEXT('2D SPACE',''
  ) );
#2893 = ORIENTED_EDGE('',*,*,#2894,.F.);
#2894 = EDGE_CURVE('',#2699,#2867,#2895,.T.);
#2895 = SURFACE_CURVE('',#2896,(#2900,#2907),.PCURVE_S1.);
#2896 = LINE('',#2897,#2898);
#2897 = CARTESIAN_POINT('',(-2.434880428242,5.E-02,-2.213522031013));
#2898 = VECTOR('',#2899,1.);
#2899 = DIRECTION('',(0.855925501422,0.,-0.517099154916));
#2900 = PCURVE('',#2821,#2901);
#2901 = DEFINITIONAL_REPRESENTATION('',(#2902),#2906);
#2902 = LINE('',#2903,#2904);
#2903 = CARTESIAN_POINT('',(0.524128740133,-0.492857506362));
#2904 = VECTOR('',#2905,1.);
#2905 = DIRECTION('',(-1.,1.893896192895E-18));
#2906 = ( GEOMETRIC_REPRESENTATION_CONTEXT(2) 
PARAMETRIC_REPRESENTATION_CONTEXT() REPRESENTATION_CONTEXT('2D SPACE',''
  ) );
#2907 = PCURVE('',#2524,#2908);
#2908 = DEFINITIONAL_REPRESENTATION('',(#2909),#2913);
#2909 = LINE('',#2910,#2911);
#2910 = CARTESIAN_POINT('',(0.798568410724,0.269406969163));
#2911 = VECTOR('',#2912,1.);
#2912 = DIRECTION('',(-1.,1.161200913311E-16));
#2913 = ( GEOMETRIC_REPRESENTATION_CONTEXT(2) 
PARAMETRIC_REPRESENTATION_CONTEXT() REPRESENTATION_CONTEXT('2D SPACE',''
  ) );
#2914 = ADVANCED_FACE('',(#2915),#2882,.T.);
#2915 = FACE_BOUND('',#2916,.T.);
#2916 = EDGE_LOOP('',(#2917,#2947,#2968,#2969));
#2917 = ORIENTED_EDGE('',*,*,#2918,.T.);
#2918 = EDGE_CURVE('',#2919,#2921,#2923,.T.);
#2919 = VERTEX_POINT('',#2920);
#2920 = CARTESIAN_POINT('',(3.E-02,0.75,-3.304749729518));
#2921 = VERTEX_POINT('',#2922);
#2922 = CARTESIAN_POINT('',(3.E-02,5.E-02,-3.167793357763));
#2923 = SURFACE_CURVE('',#2924,(#2928,#2935),.PCURVE_S1.);
#2924 = LINE('',#2925,#2926);
#2925 = CARTESIAN_POINT('',(3.E-02,0.75,-3.304749729518));
#2926 = VECTOR('',#2927,1.);
#2927 = DIRECTION('',(3.89130273434E-17,-0.981392694484,0.192011403862)
  );
#2928 = PCURVE('',#2882,#2929);
#2929 = DEFINITIONAL_REPRESENTATION('',(#2930),#2934);
#2930 = LINE('',#2931,#2932);
#2931 = CARTESIAN_POINT('',(-0.581367297341,0.219526779805));
#2932 = VECTOR('',#2933,1.);
#2933 = DIRECTION('',(3.823410008518E-02,-0.999268809476));
#2934 = ( GEOMETRIC_REPRESENTATION_CONTEXT(2) 
PARAMETRIC_REPRESENTATION_CONTEXT() REPRESENTATION_CONTEXT('2D SPACE',''
  ) );
#2935 = PCURVE('',#2936,#2941);
#2936 = PLANE('',#2937);
#2937 = AXIS2_PLACEMENT_3D('',#2938,#2939,#2940);
#2938 = CARTESIAN_POINT('',(0.850375560581,0.269020445268,-3.05589582012
    ));
#2939 = DIRECTION('',(0.18202952012,-0.188803482026,-0.96499663159));
#2940 = DIRECTION('',(3.131236404996E-18,-0.981392694484,0.192011403862)
  );
#2941 = DEFINITIONAL_REPRESENTATION('',(#2942),#2946);
#2942 = LINE('',#2943,#2944);
#2943 = CARTESIAN_POINT('',(-0.51981260971,0.834314396063));
#2944 = VECTOR('',#2945,1.);
#2945 = DIRECTION('',(1.,-1.068644858594E-16));
#2946 = ( GEOMETRIC_REPRESENTATION_CONTEXT(2) 
PARAMETRIC_REPRESENTATION_CONTEXT() REPRESENTATION_CONTEXT('2D SPACE',''
  ) );
#2947 = ORIENTED_EDGE('',*,*,#2948,.F.);
#2948 = EDGE_CURVE('',#2867,#2921,#2949,.T.);
#2949 = SURFACE_CURVE('',#2950,(#2954,#2961),.PCURVE_S1.);
#2950 = LINE('',#2951,#2952);
#2951 = CARTESIAN_POINT('',(-1.303997335447,5.E-02,-2.896734168777));
#2952 = VECTOR('',#2953,1.);
#2953 = DIRECTION('',(0.979974279479,0.,-0.199124110944));
#2954 = PCURVE('',#2882,#2955);
#2955 = DEFINITIONAL_REPRESENTATION('',(#2956),#2960);
#2956 = LINE('',#2957,#2958);
#2957 = CARTESIAN_POINT('',(0.807161516074,-0.493223753763));
#2958 = VECTOR('',#2959,1.);
#2959 = DIRECTION('',(-1.,5.558994670487E-17));
#2960 = ( GEOMETRIC_REPRESENTATION_CONTEXT(2) 
PARAMETRIC_REPRESENTATION_CONTEXT() REPRESENTATION_CONTEXT('2D SPACE',''
  ) );
#2961 = PCURVE('',#2443,#2962);
#2962 = DEFINITIONAL_REPRESENTATION('',(#2963),#2967);
#2963 = LINE('',#2964,#2965);
#2964 = CARTESIAN_POINT('',(-0.491149171851,0.891386957216));
#2965 = VECTOR('',#2966,1.);
#2966 = DIRECTION('',(-7.901795236171E-02,-0.996873193142));
#2967 = ( GEOMETRIC_REPRESENTATION_CONTEXT(2) 
PARAMETRIC_REPRESENTATION_CONTEXT() REPRESENTATION_CONTEXT('2D SPACE',''
  ) );
#2968 = ORIENTED_EDGE('',*,*,#2866,.F.);
#2969 = ORIENTED_EDGE('',*,*,#2970,.T.);
#2970 = EDGE_CURVE('',#2839,#2919,#2971,.T.);
#2971 = SURFACE_CURVE('',#2972,(#2976,#2983),.PCURVE_S1.);
#2972 = LINE('',#2973,#2974);
#2973 = CARTESIAN_POINT('',(-1.361399565016,0.75,-3.02202679775));
#2974 = VECTOR('',#2975,1.);
#2975 = DIRECTION('',(0.979974279479,0.,-0.199124110944));
#2976 = PCURVE('',#2882,#2977);
#2977 = DEFINITIONAL_REPRESENTATION('',(#2978),#2982);
#2978 = LINE('',#2979,#2980);
#2979 = CARTESIAN_POINT('',(0.838465441285,0.219526779805));
#2980 = VECTOR('',#2981,1.);
#2981 = DIRECTION('',(-1.,1.395658328143E-17));
#2982 = ( GEOMETRIC_REPRESENTATION_CONTEXT(2) 
PARAMETRIC_REPRESENTATION_CONTEXT() REPRESENTATION_CONTEXT('2D SPACE',''
  ) );
#2983 = PCURVE('',#2984,#2989);
#2984 = PLANE('',#2985);
#2985 = AXIS2_PLACEMENT_3D('',#2986,#2987,#2988);
#2986 = CARTESIAN_POINT('',(-0.52956255629,1.253276738422,
    -3.188983004047));
#2987 = DIRECTION('',(-0.199122497474,4.025619051851E-03,-0.979966338907
    ));
#2988 = DIRECTION('',(-0.979974279479,-7.864844019454E-20,0.199124110944
    ));
#2989 = DEFINITIONAL_REPRESENTATION('',(#2990),#2994);
#2990 = LINE('',#2991,#2992);
#2991 = CARTESIAN_POINT('',(0.848423879415,-0.503280816425));
#2992 = VECTOR('',#2993,1.);
#2993 = DIRECTION('',(-1.,-5.08766893808E-19));
#2994 = ( GEOMETRIC_REPRESENTATION_CONTEXT(2) 
PARAMETRIC_REPRESENTATION_CONTEXT() REPRESENTATION_CONTEXT('2D SPACE',''
  ) );
#2995 = ADVANCED_FACE('',(#2996),#2984,.T.);
#2996 = FACE_BOUND('',#2997,.T.);
#2997 = EDGE_LOOP('',(#2998,#3028,#3054,#3055));
#2998 = ORIENTED_EDGE('',*,*,#2999,.T.);
#2999 = EDGE_CURVE('',#3000,#3002,#3004,.T.);
#3000 = VERTEX_POINT('',#3001);
#3001 = CARTESIAN_POINT('',(-1.360142693466,1.48,-3.019283407085));
#3002 = VERTEX_POINT('',#3003);
#3003 = CARTESIAN_POINT('',(3.E-02,1.48,-3.3017509511));
#3004 = SURFACE_CURVE('',#3005,(#3009,#3016),.PCURVE_S1.);
#3005 = LINE('',#3006,#3007);
#3006 = CARTESIAN_POINT('',(-1.360142693466,1.48,-3.019283407085));
#3007 = VECTOR('',#3008,1.);
#3008 = DIRECTION('',(0.979974279479,0.,-0.199124110944));
#3009 = PCURVE('',#2984,#3010);
#3010 = DEFINITIONAL_REPRESENTATION('',(#3011),#3015);
#3011 = LINE('',#3012,#3013);
#3012 = CARTESIAN_POINT('',(0.847738452851,0.226725098695));
#3013 = VECTOR('',#3014,1.);
#3014 = DIRECTION('',(-1.,-2.908508438865E-19));
#3015 = ( GEOMETRIC_REPRESENTATION_CONTEXT(2) 
PARAMETRIC_REPRESENTATION_CONTEXT() REPRESENTATION_CONTEXT('2D SPACE',''
  ) );
#3016 = PCURVE('',#3017,#3022);
#3017 = PLANE('',#3018);
#3018 = AXIS2_PLACEMENT_3D('',#3019,#3020,#3021);
#3019 = CARTESIAN_POINT('',(-0.790008442844,1.991814836296,
    -3.02665829999));
#3020 = DIRECTION('',(-0.194963502477,0.203353179387,-0.959498159006));
#3021 = DIRECTION('',(1.326925477121E-18,-0.978270686442,-0.207331772888
    ));
#3022 = DEFINITIONAL_REPRESENTATION('',(#3023),#3027);
#3023 = LINE('',#3024,#3025);
#3024 = CARTESIAN_POINT('',(0.499164401613,0.581288895122));
#3025 = VECTOR('',#3026,1.);
#3026 = DIRECTION('',(4.128475494677E-02,-0.999147421059));
#3027 = ( GEOMETRIC_REPRESENTATION_CONTEXT(2) 
PARAMETRIC_REPRESENTATION_CONTEXT() REPRESENTATION_CONTEXT('2D SPACE',''
  ) );
#3028 = ORIENTED_EDGE('',*,*,#3029,.F.);
#3029 = EDGE_CURVE('',#2919,#3002,#3030,.T.);
#3030 = SURFACE_CURVE('',#3031,(#3035,#3042),.PCURVE_S1.);
#3031 = LINE('',#3032,#3033);
#3032 = CARTESIAN_POINT('',(3.E-02,0.75,-3.304749729518));
#3033 = VECTOR('',#3034,1.);
#3034 = DIRECTION('',(0.,0.999991562621,4.107880981573E-03));
#3035 = PCURVE('',#2984,#3036);
#3036 = DEFINITIONAL_REPRESENTATION('',(#3037),#3041);
#3037 = LINE('',#3038,#3039);
#3038 = CARTESIAN_POINT('',(-0.571408859211,-0.503280816425));
#3039 = VECTOR('',#3040,1.);
#3040 = DIRECTION('',(8.1797814832E-04,0.999999665456));
#3041 = ( GEOMETRIC_REPRESENTATION_CONTEXT(2) 
PARAMETRIC_REPRESENTATION_CONTEXT() REPRESENTATION_CONTEXT('2D SPACE',''
  ) );
#3042 = PCURVE('',#3043,#3048);
#3043 = PLANE('',#3044);
#3044 = AXIS2_PLACEMENT_3D('',#3045,#3046,#3047);
#3045 = CARTESIAN_POINT('',(0.865739331302,1.253404833993,
    -3.145034364778));
#3046 = DIRECTION('',(0.185361789112,4.036692821788E-03,-0.982662053937)
  );
#3047 = DIRECTION('',(-0.98267006022,1.151879059454E-20,-0.185363299355)
  );
#3048 = DEFINITIONAL_REPRESENTATION('',(#3049),#3053);
#3049 = LINE('',#3050,#3051);
#3050 = CARTESIAN_POINT('',(0.850861385984,-0.503408935506));
#3051 = VECTOR('',#3052,1.);
#3052 = DIRECTION('',(-7.614503721025E-04,0.999999710097));
#3053 = ( GEOMETRIC_REPRESENTATION_CONTEXT(2) 
PARAMETRIC_REPRESENTATION_CONTEXT() REPRESENTATION_CONTEXT('2D SPACE',''
  ) );
#3054 = ORIENTED_EDGE('',*,*,#2970,.F.);
#3055 = ORIENTED_EDGE('',*,*,#3056,.T.);
#3056 = EDGE_CURVE('',#2839,#3000,#3057,.T.);
#3057 = SURFACE_CURVE('',#3058,(#3062,#3069),.PCURVE_S1.);
#3058 = LINE('',#3059,#3060);
#3059 = CARTESIAN_POINT('',(-1.361399565016,0.75,-3.02202679775));
#3060 = VECTOR('',#3061,1.);
#3061 = DIRECTION('',(1.721727138876E-03,0.999991456369,
    3.758037296152E-03));
#3062 = PCURVE('',#2984,#3063);
#3063 = DEFINITIONAL_REPRESENTATION('',(#3064),#3068);
#3064 = LINE('',#3065,#3066);
#3065 = CARTESIAN_POINT('',(0.848423879415,-0.503280816425));
#3066 = VECTOR('',#3067,1.);
#3067 = DIRECTION('',(-9.389324768886E-04,0.999999559203));
#3068 = ( GEOMETRIC_REPRESENTATION_CONTEXT(2) 
PARAMETRIC_REPRESENTATION_CONTEXT() REPRESENTATION_CONTEXT('2D SPACE',''
  ) );
#3069 = PCURVE('',#2854,#3070);
#3070 = DEFINITIONAL_REPRESENTATION('',(#3071),#3075);
#3071 = LINE('',#3072,#3073);
#3072 = CARTESIAN_POINT('',(-0.826131831425,-0.502086093998));
#3073 = VECTOR('',#3074,1.);
#3074 = DIRECTION('',(4.69607745329E-04,0.999999889734));
#3075 = ( GEOMETRIC_REPRESENTATION_CONTEXT(2) 
PARAMETRIC_REPRESENTATION_CONTEXT() REPRESENTATION_CONTEXT('2D SPACE',''
  ) );
#3076 = ADVANCED_FACE('',(#3077),#3043,.T.);
#3077 = FACE_BOUND('',#3078,.T.);
#3078 = EDGE_LOOP('',(#3079,#3109,#3130,#3131));
#3079 = ORIENTED_EDGE('',*,*,#3080,.T.);
#3080 = EDGE_CURVE('',#3081,#3083,#3085,.T.);
#3081 = VERTEX_POINT('',#3082);
#3082 = CARTESIAN_POINT('',(1.428678668932,1.48,-3.037914997094));
#3083 = VERTEX_POINT('',#3084);
#3084 = CARTESIAN_POINT('',(1.429943258124,0.75,-3.040675233163));
#3085 = SURFACE_CURVE('',#3086,(#3090,#3097),.PCURVE_S1.);
#3086 = LINE('',#3087,#3088);
#3087 = CARTESIAN_POINT('',(1.428678668932,1.48,-3.037914997094));
#3088 = VECTOR('',#3089,1.);
#3089 = DIRECTION('',(1.732298979625E-03,-0.999991351126,
    -3.781112597068E-03));
#3090 = PCURVE('',#3043,#3091);
#3091 = DEFINITIONAL_REPRESENTATION('',(#3092),#3096);
#3092 = LINE('',#3093,#3094);
#3093 = CARTESIAN_POINT('',(-0.573039632228,0.226597012201));
#3094 = VECTOR('',#3095,1.);
#3095 = DIRECTION('',(-1.001398836402E-03,-0.9999994986));
#3096 = ( GEOMETRIC_REPRESENTATION_CONTEXT(2) 
PARAMETRIC_REPRESENTATION_CONTEXT() REPRESENTATION_CONTEXT('2D SPACE',''
  ) );
#3097 = PCURVE('',#3098,#3103);
#3098 = PLANE('',#3099);
#3099 = AXIS2_PLACEMENT_3D('',#3100,#3101,#3102);
#3100 = CARTESIAN_POINT('',(2.104046068252,1.251700567563,
    -2.575065594231));
#3101 = DIRECTION('',(0.566249941336,4.09743111862E-03,-0.824223401145)
  );
#3102 = DIRECTION('',(-0.824230320152,-4.260308584918E-20,
    -0.566254694764));
#3103 = DEFINITIONAL_REPRESENTATION('',(#3104),#3108);
#3104 = LINE('',#3105,#3106);
#3105 = CARTESIAN_POINT('',(0.818748935101,0.228301348914));
#3106 = VECTOR('',#3107,1.);
#3107 = DIRECTION('',(7.132594169476E-04,-0.99999974563));
#3108 = ( GEOMETRIC_REPRESENTATION_CONTEXT(2) 
PARAMETRIC_REPRESENTATION_CONTEXT() REPRESENTATION_CONTEXT('2D SPACE',''
  ) );
#3109 = ORIENTED_EDGE('',*,*,#3110,.F.);
#3110 = EDGE_CURVE('',#2919,#3083,#3111,.T.);
#3111 = SURFACE_CURVE('',#3112,(#3116,#3123),.PCURVE_S1.);
#3112 = LINE('',#3113,#3114);
#3113 = CARTESIAN_POINT('',(3.E-02,0.75,-3.304749729518));
#3114 = VECTOR('',#3115,1.);
#3115 = DIRECTION('',(0.98267006022,0.,0.185363299355));
#3116 = PCURVE('',#3043,#3117);
#3117 = DEFINITIONAL_REPRESENTATION('',(#3118),#3122);
#3118 = LINE('',#3119,#3120);
#3119 = CARTESIAN_POINT('',(0.850861385984,-0.503408935506));
#3120 = VECTOR('',#3121,1.);
#3121 = DIRECTION('',(-1.,1.177266510427E-18));
#3122 = ( GEOMETRIC_REPRESENTATION_CONTEXT(2) 
PARAMETRIC_REPRESENTATION_CONTEXT() REPRESENTATION_CONTEXT('2D SPACE',''
  ) );
#3123 = PCURVE('',#2936,#3124);
#3124 = DEFINITIONAL_REPRESENTATION('',(#3125),#3129);
#3125 = LINE('',#3126,#3127);
#3126 = CARTESIAN_POINT('',(-0.51981260971,0.834314396063));
#3127 = VECTOR('',#3128,1.);
#3128 = DIRECTION('',(3.559186733369E-02,-0.999366408771));
#3129 = ( GEOMETRIC_REPRESENTATION_CONTEXT(2) 
PARAMETRIC_REPRESENTATION_CONTEXT() REPRESENTATION_CONTEXT('2D SPACE',''
  ) );
#3130 = ORIENTED_EDGE('',*,*,#3029,.T.);
#3131 = ORIENTED_EDGE('',*,*,#3132,.T.);
#3132 = EDGE_CURVE('',#3002,#3081,#3133,.T.);
#3133 = SURFACE_CURVE('',#3134,(#3138,#3145),.PCURVE_S1.);
#3134 = LINE('',#3135,#3136);
#3135 = CARTESIAN_POINT('',(3.E-02,1.48,-3.3017509511));
#3136 = VECTOR('',#3137,1.);
#3137 = DIRECTION('',(0.98267006022,0.,0.185363299355));
#3138 = PCURVE('',#3043,#3139);
#3139 = DEFINITIONAL_REPRESENTATION('',(#3140),#3144);
#3140 = LINE('',#3141,#3142);
#3141 = CARTESIAN_POINT('',(0.850305522523,0.226597012201));
#3142 = VECTOR('',#3143,1.);
#3143 = DIRECTION('',(-1.,-1.254549530063E-19));
#3144 = ( GEOMETRIC_REPRESENTATION_CONTEXT(2) 
PARAMETRIC_REPRESENTATION_CONTEXT() REPRESENTATION_CONTEXT('2D SPACE',''
  ) );
#3145 = PCURVE('',#3146,#3151);
#3146 = PLANE('',#3147);
#3147 = AXIS2_PLACEMENT_3D('',#3148,#3149,#3150);
#3148 = CARTESIAN_POINT('',(0.558018164818,1.992188913253,
    -3.093597886533));
#3149 = DIRECTION('',(0.181469546491,0.203889353236,-0.962028032509));
#3150 = DIRECTION('',(1.690534803112E-18,-0.978270686442,-0.207331772888
    ));
#3151 = DEFINITIONAL_REPRESENTATION('',(#3152),#3156);
#3152 = LINE('',#3153,#3154);
#3153 = CARTESIAN_POINT('',(0.544216143664,0.536933098719));
#3154 = VECTOR('',#3155,1.);
#3155 = DIRECTION('',(-3.843170148364E-02,-0.999261229269));
#3156 = ( GEOMETRIC_REPRESENTATION_CONTEXT(2) 
PARAMETRIC_REPRESENTATION_CONTEXT() REPRESENTATION_CONTEXT('2D SPACE',''
  ) );
#3157 = ADVANCED_FACE('',(#3158),#3146,.T.);
#3158 = FACE_BOUND('',#3159,.T.);
#3159 = EDGE_LOOP('',(#3160,#3183,#3211,#3237));
#3160 = ORIENTED_EDGE('',*,*,#3161,.T.);
#3161 = EDGE_CURVE('',#3002,#3162,#3164,.T.);
#3162 = VERTEX_POINT('',#3163);
#3163 = CARTESIAN_POINT('',(3.E-02,2.23,-3.142798186982));
#3164 = SURFACE_CURVE('',#3165,(#3169,#3176),.PCURVE_S1.);
#3165 = LINE('',#3166,#3167);
#3166 = CARTESIAN_POINT('',(3.E-02,1.48,-3.3017509511));
#3167 = VECTOR('',#3168,1.);
#3168 = DIRECTION('',(4.072869901513E-17,0.978270686442,0.207331772888)
  );
#3169 = PCURVE('',#3146,#3170);
#3170 = DEFINITIONAL_REPRESENTATION('',(#3171),#3175);
#3171 = LINE('',#3172,#3173);
#3172 = CARTESIAN_POINT('',(0.544216143664,0.536933098719));
#3173 = VECTOR('',#3174,1.);
#3174 = DIRECTION('',(-1.,-1.120913269061E-17));
#3175 = ( GEOMETRIC_REPRESENTATION_CONTEXT(2) 
PARAMETRIC_REPRESENTATION_CONTEXT() REPRESENTATION_CONTEXT('2D SPACE',''
  ) );
#3176 = PCURVE('',#3017,#3177);
#3177 = DEFINITIONAL_REPRESENTATION('',(#3178),#3182);
#3178 = LINE('',#3179,#3180);
#3179 = CARTESIAN_POINT('',(0.557728898297,-0.83605186184));
#3180 = VECTOR('',#3181,1.);
#3181 = DIRECTION('',(-1.,4.598979054273E-17));
#3182 = ( GEOMETRIC_REPRESENTATION_CONTEXT(2) 
PARAMETRIC_REPRESENTATION_CONTEXT() REPRESENTATION_CONTEXT('2D SPACE',''
  ) );
#3183 = ORIENTED_EDGE('',*,*,#3184,.T.);
#3184 = EDGE_CURVE('',#3162,#3185,#3187,.T.);
#3185 = VERTEX_POINT('',#3186);
#3186 = CARTESIAN_POINT('',(1.361648058609,2.23,-2.8916063702));
#3187 = SURFACE_CURVE('',#3188,(#3192,#3199),.PCURVE_S1.);
#3188 = LINE('',#3189,#3190);
#3189 = CARTESIAN_POINT('',(3.E-02,2.23,-3.142798186982));
#3190 = VECTOR('',#3191,1.);
#3191 = DIRECTION('',(0.98267006022,0.,0.185363299355));
#3192 = PCURVE('',#3146,#3193);
#3193 = DEFINITIONAL_REPRESENTATION('',(#3194),#3198);
#3194 = LINE('',#3195,#3196);
#3195 = CARTESIAN_POINT('',(-0.222442829557,0.536933098719));
#3196 = VECTOR('',#3197,1.);
#3197 = DIRECTION('',(-3.843170148364E-02,-0.999261229269));
#3198 = ( GEOMETRIC_REPRESENTATION_CONTEXT(2) 
PARAMETRIC_REPRESENTATION_CONTEXT() REPRESENTATION_CONTEXT('2D SPACE',''
  ) );
#3199 = PCURVE('',#3200,#3205);
#3200 = PLANE('',#3201);
#3201 = AXIS2_PLACEMENT_3D('',#3202,#3203,#3204);
#3202 = CARTESIAN_POINT('',(-2.436046638633,2.23,-1.516092052659));
#3203 = DIRECTION('',(0.,1.,0.));
#3204 = DIRECTION('',(0.,-0.,1.));
#3205 = DEFINITIONAL_REPRESENTATION('',(#3206),#3210);
#3206 = LINE('',#3207,#3208);
#3207 = CARTESIAN_POINT('',(-1.626706134322,2.466046638633));
#3208 = VECTOR('',#3209,1.);
#3209 = DIRECTION('',(0.185363299355,0.98267006022));
#3210 = ( GEOMETRIC_REPRESENTATION_CONTEXT(2) 
PARAMETRIC_REPRESENTATION_CONTEXT() REPRESENTATION_CONTEXT('2D SPACE',''
  ) );
#3211 = ORIENTED_EDGE('',*,*,#3212,.F.);
#3212 = EDGE_CURVE('',#3081,#3185,#3213,.T.);
#3213 = SURFACE_CURVE('',#3214,(#3218,#3225),.PCURVE_S1.);
#3214 = LINE('',#3215,#3216);
#3215 = CARTESIAN_POINT('',(1.428678668932,1.48,-3.037914997094));
#3216 = VECTOR('',#3217,1.);
#3217 = DIRECTION('',(-8.738504088047E-02,0.977744053724,0.190736519939)
  );
#3218 = PCURVE('',#3146,#3219);
#3219 = DEFINITIONAL_REPRESENTATION('',(#3220),#3224);
#3220 = LINE('',#3221,#3222);
#3221 = CARTESIAN_POINT('',(0.489514567568,-0.885360530291));
#3222 = VECTOR('',#3223,1.);
#3223 = DIRECTION('',(-0.996044087434,8.886042925787E-02));
#3224 = ( GEOMETRIC_REPRESENTATION_CONTEXT(2) 
PARAMETRIC_REPRESENTATION_CONTEXT() REPRESENTATION_CONTEXT('2D SPACE',''
  ) );
#3225 = PCURVE('',#3226,#3231);
#3226 = PLANE('',#3227);
#3227 = AXIS2_PLACEMENT_3D('',#3228,#3229,#3230);
#3228 = CARTESIAN_POINT('',(1.804010643763,1.990355199417,
    -2.649162620181));
#3229 = DIRECTION('',(0.554010878094,0.206826931248,-0.806408437124));
#3230 = DIRECTION('',(-0.824230320152,-3.265079718047E-18,
    -0.566254694764));
#3231 = DEFINITIONAL_REPRESENTATION('',(#3232),#3236);
#3232 = LINE('',#3233,#3234);
#3233 = CARTESIAN_POINT('',(0.529492852306,-0.521634211699));
#3234 = VECTOR('',#3235,1.);
#3235 = DIRECTION('',(-3.59800496574E-02,0.999352508391));
#3236 = ( GEOMETRIC_REPRESENTATION_CONTEXT(2) 
PARAMETRIC_REPRESENTATION_CONTEXT() REPRESENTATION_CONTEXT('2D SPACE',''
  ) );
#3237 = ORIENTED_EDGE('',*,*,#3132,.F.);
#3238 = ADVANCED_FACE('',(#3239),#3226,.T.);
#3239 = FACE_BOUND('',#3240,.T.);
#3240 = EDGE_LOOP('',(#3241,#3266,#3287,#3288));
#3241 = ORIENTED_EDGE('',*,*,#3242,.F.);
#3242 = EDGE_CURVE('',#3243,#3245,#3247,.T.);
#3243 = VERTEX_POINT('',#3244);
#3244 = CARTESIAN_POINT('',(2.29,1.48,-2.446178396907));
#3245 = VERTEX_POINT('',#3246);
#3246 = CARTESIAN_POINT('',(2.29,2.23,-2.253819052318));
#3247 = SURFACE_CURVE('',#3248,(#3252,#3259),.PCURVE_S1.);
#3248 = LINE('',#3249,#3250);
#3249 = CARTESIAN_POINT('',(2.29,1.48,-2.446178396907));
#3250 = VECTOR('',#3251,1.);
#3251 = DIRECTION('',(0.,0.968647813996,0.24843794485));
#3252 = PCURVE('',#3226,#3253);
#3253 = DEFINITIONAL_REPRESENTATION('',(#3254),#3258);
#3254 = LINE('',#3255,#3256);
#3255 = CARTESIAN_POINT('',(-0.515507932074,-0.521634211699));
#3256 = VECTOR('',#3257,1.);
#3257 = DIRECTION('',(-0.140679152629,0.990055238871));
#3258 = ( GEOMETRIC_REPRESENTATION_CONTEXT(2) 
PARAMETRIC_REPRESENTATION_CONTEXT() REPRESENTATION_CONTEXT('2D SPACE',''
  ) );
#3259 = PCURVE('',#546,#3260);
#3260 = DEFINITIONAL_REPRESENTATION('',(#3261),#3265);
#3261 = LINE('',#3262,#3263);
#3262 = CARTESIAN_POINT('',(7.553821603093,-1.48));
#3263 = VECTOR('',#3264,1.);
#3264 = DIRECTION('',(0.24843794485,-0.968647813996));
#3265 = ( GEOMETRIC_REPRESENTATION_CONTEXT(2) 
PARAMETRIC_REPRESENTATION_CONTEXT() REPRESENTATION_CONTEXT('2D SPACE',''
  ) );
#3266 = ORIENTED_EDGE('',*,*,#3267,.T.);
#3267 = EDGE_CURVE('',#3243,#3081,#3268,.T.);
#3268 = SURFACE_CURVE('',#3269,(#3273,#3280),.PCURVE_S1.);
#3269 = LINE('',#3270,#3271);
#3270 = CARTESIAN_POINT('',(2.552639375222,1.48,-2.265742448831));
#3271 = VECTOR('',#3272,1.);
#3272 = DIRECTION('',(-0.824230320152,0.,-0.566254694764));
#3273 = PCURVE('',#3226,#3274);
#3274 = DEFINITIONAL_REPRESENTATION('',(#3275),#3279);
#3275 = LINE('',#3276,#3277);
#3276 = CARTESIAN_POINT('',(-0.8341559711,-0.521634211699));
#3277 = VECTOR('',#3278,1.);
#3278 = DIRECTION('',(1.,5.325239872131E-17));
#3279 = ( GEOMETRIC_REPRESENTATION_CONTEXT(2) 
PARAMETRIC_REPRESENTATION_CONTEXT() REPRESENTATION_CONTEXT('2D SPACE',''
  ) );
#3280 = PCURVE('',#3098,#3281);
#3281 = DEFINITIONAL_REPRESENTATION('',(#3282),#3286);
#3282 = LINE('',#3283,#3284);
#3283 = CARTESIAN_POINT('',(-0.544899888304,0.228301348914));
#3284 = VECTOR('',#3285,1.);
#3285 = DIRECTION('',(1.,5.748650738401E-19));
#3286 = ( GEOMETRIC_REPRESENTATION_CONTEXT(2) 
PARAMETRIC_REPRESENTATION_CONTEXT() REPRESENTATION_CONTEXT('2D SPACE',''
  ) );
#3287 = ORIENTED_EDGE('',*,*,#3212,.T.);
#3288 = ORIENTED_EDGE('',*,*,#3289,.T.);
#3289 = EDGE_CURVE('',#3185,#3245,#3290,.T.);
#3290 = SURFACE_CURVE('',#3291,(#3295,#3302),.PCURVE_S1.);
#3291 = LINE('',#3292,#3293);
#3292 = CARTESIAN_POINT('',(1.361648058609,2.23,-2.8916063702));
#3293 = VECTOR('',#3294,1.);
#3294 = DIRECTION('',(0.824230320152,0.,0.566254694764));
#3295 = PCURVE('',#3226,#3296);
#3296 = DEFINITIONAL_REPRESENTATION('',(#3297),#3301);
#3297 = LINE('',#3298,#3299);
#3298 = CARTESIAN_POINT('',(0.501893566848,0.244941026921));
#3299 = VECTOR('',#3300,1.);
#3300 = DIRECTION('',(-1.,-2.549682310568E-17));
#3301 = ( GEOMETRIC_REPRESENTATION_CONTEXT(2) 
PARAMETRIC_REPRESENTATION_CONTEXT() REPRESENTATION_CONTEXT('2D SPACE',''
  ) );
#3302 = PCURVE('',#3200,#3303);
#3303 = DEFINITIONAL_REPRESENTATION('',(#3304),#3308);
#3304 = LINE('',#3305,#3306);
#3305 = CARTESIAN_POINT('',(-1.375514317541,3.797694697242));
#3306 = VECTOR('',#3307,1.);
#3307 = DIRECTION('',(0.566254694764,0.824230320152));
#3308 = ( GEOMETRIC_REPRESENTATION_CONTEXT(2) 
PARAMETRIC_REPRESENTATION_CONTEXT() REPRESENTATION_CONTEXT('2D SPACE',''
  ) );
#3309 = ADVANCED_FACE('',(#3310),#3200,.T.);
#3310 = FACE_BOUND('',#3311,.T.);
#3311 = EDGE_LOOP('',(#3312,#3342,#3370,#3398,#3426,#3454,#3477,#3500,
    #3523,#3544,#3545,#3546));
#3312 = ORIENTED_EDGE('',*,*,#3313,.F.);
#3313 = EDGE_CURVE('',#3314,#3316,#3318,.T.);
#3314 = VERTEX_POINT('',#3315);
#3315 = CARTESIAN_POINT('',(-2.415523184358,2.23,-2.1960209612));
#3316 = VERTEX_POINT('',#3317);
#3317 = CARTESIAN_POINT('',(-1.293521163269,2.23,-2.873867684957));
#3318 = SURFACE_CURVE('',#3319,(#3323,#3330),.PCURVE_S1.);
#3319 = LINE('',#3320,#3321);
#3320 = CARTESIAN_POINT('',(-2.415523184358,2.23,-2.1960209612));
#3321 = VECTOR('',#3322,1.);
#3322 = DIRECTION('',(0.855925501422,0.,-0.517099154916));
#3323 = PCURVE('',#3200,#3324);
#3324 = DEFINITIONAL_REPRESENTATION('',(#3325),#3329);
#3325 = LINE('',#3326,#3327);
#3326 = CARTESIAN_POINT('',(-0.679928908541,2.052345427522E-02));
#3327 = VECTOR('',#3328,1.);
#3328 = DIRECTION('',(-0.517099154916,0.855925501422));
#3329 = ( GEOMETRIC_REPRESENTATION_CONTEXT(2) 
PARAMETRIC_REPRESENTATION_CONTEXT() REPRESENTATION_CONTEXT('2D SPACE',''
  ) );
#3330 = PCURVE('',#3331,#3336);
#3331 = PLANE('',#3332);
#3332 = AXIS2_PLACEMENT_3D('',#3333,#3334,#3335);
#3333 = CARTESIAN_POINT('',(-1.756638532354,1.991093390151,
    -2.653221744607));
#3334 = DIRECTION('',(-0.505868116178,0.207284583921,-0.837335386989));
#3335 = DIRECTION('',(-0.855925501422,2.207378869714E-17,0.517099154916)
  );
#3336 = DEFINITIONAL_REPRESENTATION('',(#3337),#3341);
#3337 = LINE('',#3338,#3339);
#3338 = CARTESIAN_POINT('',(0.800374314872,0.244210698611));
#3339 = VECTOR('',#3340,1.);
#3340 = DIRECTION('',(-1.,6.71800292306E-18));
#3341 = ( GEOMETRIC_REPRESENTATION_CONTEXT(2) 
PARAMETRIC_REPRESENTATION_CONTEXT() REPRESENTATION_CONTEXT('2D SPACE',''
  ) );
#3342 = ORIENTED_EDGE('',*,*,#3343,.F.);
#3343 = EDGE_CURVE('',#3344,#3314,#3346,.T.);
#3344 = VERTEX_POINT('',#3345);
#3345 = CARTESIAN_POINT('',(-3.133046421496,2.23,-1.169543341495));
#3346 = SURFACE_CURVE('',#3347,(#3351,#3358),.PCURVE_S1.);
#3347 = LINE('',#3348,#3349);
#3348 = CARTESIAN_POINT('',(-3.133046421496,2.23,-1.169543341495));
#3349 = VECTOR('',#3350,1.);
#3350 = DIRECTION('',(0.572920386861,0.,-0.819611023791));
#3351 = PCURVE('',#3200,#3352);
#3352 = DEFINITIONAL_REPRESENTATION('',(#3353),#3357);
#3353 = LINE('',#3354,#3355);
#3354 = CARTESIAN_POINT('',(0.346548711164,-0.696999782863));
#3355 = VECTOR('',#3356,1.);
#3356 = DIRECTION('',(-0.819611023791,0.572920386861));
#3357 = ( GEOMETRIC_REPRESENTATION_CONTEXT(2) 
PARAMETRIC_REPRESENTATION_CONTEXT() REPRESENTATION_CONTEXT('2D SPACE',''
  ) );
#3358 = PCURVE('',#3359,#3364);
#3359 = PLANE('',#3360);
#3360 = AXIS2_PLACEMENT_3D('',#3361,#3362,#3363);
#3361 = CARTESIAN_POINT('',(-2.735282099474,1.988907263066,
    -1.830965278219));
#3362 = DIRECTION('',(-0.80054535952,0.214435481658,-0.559593201851));
#3363 = DIRECTION('',(0.572920386861,-1.493829991396E-17,-0.819611023791
    ));
#3364 = DEFINITIONAL_REPRESENTATION('',(#3365),#3369);
#3365 = LINE('',#3366,#3367);
#3366 = CARTESIAN_POINT('',(-0.769995999968,-0.246834564209));
#3367 = VECTOR('',#3368,1.);
#3368 = DIRECTION('',(1.,-3.055333521E-17));
#3369 = ( GEOMETRIC_REPRESENTATION_CONTEXT(2) 
PARAMETRIC_REPRESENTATION_CONTEXT() REPRESENTATION_CONTEXT('2D SPACE',''
  ) );
#3370 = ORIENTED_EDGE('',*,*,#3371,.T.);
#3371 = EDGE_CURVE('',#3344,#3372,#3374,.T.);
#3372 = VERTEX_POINT('',#3373);
#3373 = CARTESIAN_POINT('',(-3.380754756182,2.23,1.5E-02));
#3374 = SURFACE_CURVE('',#3375,(#3379,#3386),.PCURVE_S1.);
#3375 = LINE('',#3376,#3377);
#3376 = CARTESIAN_POINT('',(-3.133046421496,2.23,-1.169543341495));
#3377 = VECTOR('',#3378,1.);
#3378 = DIRECTION('',(-0.204689508707,0.,0.978826953565));
#3379 = PCURVE('',#3200,#3380);
#3380 = DEFINITIONAL_REPRESENTATION('',(#3381),#3385);
#3381 = LINE('',#3382,#3383);
#3382 = CARTESIAN_POINT('',(0.346548711164,-0.696999782863));
#3383 = VECTOR('',#3384,1.);
#3384 = DIRECTION('',(0.978826953565,-0.204689508707));
#3385 = ( GEOMETRIC_REPRESENTATION_CONTEXT(2) 
PARAMETRIC_REPRESENTATION_CONTEXT() REPRESENTATION_CONTEXT('2D SPACE',''
  ) );
#3386 = PCURVE('',#3387,#3392);
#3387 = PLANE('',#3388);
#3388 = AXIS2_PLACEMENT_3D('',#3389,#3390,#3391);
#3389 = CARTESIAN_POINT('',(-3.280728097719,1.987128493642,
    -0.729192513467));
#3390 = DIRECTION('',(-0.955143494291,0.218646014514,-0.199736891061));
#3391 = DIRECTION('',(-0.223142431075,-0.974785851074,1.796848060712E-19
    ));
#3392 = DEFINITIONAL_REPRESENTATION('',(#3393),#3397);
#3393 = LINE('',#3394,#3395);
#3394 = CARTESIAN_POINT('',(-0.269701756284,-0.44940656481));
#3395 = VECTOR('',#3396,1.);
#3396 = DIRECTION('',(4.567491458855E-02,0.998956356493));
#3397 = ( GEOMETRIC_REPRESENTATION_CONTEXT(2) 
PARAMETRIC_REPRESENTATION_CONTEXT() REPRESENTATION_CONTEXT('2D SPACE',''
  ) );
#3398 = ORIENTED_EDGE('',*,*,#3399,.T.);
#3399 = EDGE_CURVE('',#3372,#3400,#3402,.T.);
#3400 = VERTEX_POINT('',#3401);
#3401 = CARTESIAN_POINT('',(-3.198227240473,2.23,1.223953196687));
#3402 = SURFACE_CURVE('',#3403,(#3407,#3414),.PCURVE_S1.);
#3403 = LINE('',#3404,#3405);
#3404 = CARTESIAN_POINT('',(-3.380754756182,2.23,1.5E-02));
#3405 = VECTOR('',#3406,1.);
#3406 = DIRECTION('',(0.149287889294,0.,0.988793773297));
#3407 = PCURVE('',#3200,#3408);
#3408 = DEFINITIONAL_REPRESENTATION('',(#3409),#3413);
#3409 = LINE('',#3410,#3411);
#3410 = CARTESIAN_POINT('',(1.531092052659,-0.944708117549));
#3411 = VECTOR('',#3412,1.);
#3412 = DIRECTION('',(0.988793773297,0.149287889294));
#3413 = ( GEOMETRIC_REPRESENTATION_CONTEXT(2) 
PARAMETRIC_REPRESENTATION_CONTEXT() REPRESENTATION_CONTEXT('2D SPACE',''
  ) );
#3414 = PCURVE('',#3415,#3420);
#3415 = PLANE('',#3416);
#3416 = AXIS2_PLACEMENT_3D('',#3417,#3418,#3419);
#3417 = CARTESIAN_POINT('',(-3.321828030817,1.987231869593,
    0.773378419808));
#3418 = DIRECTION('',(-0.964397434014,0.220764373746,0.145604534791));
#3419 = DIRECTION('',(-0.223142431075,-0.974785851074,4.048815707724E-19
    ));
#3420 = DEFINITIONAL_REPRESENTATION('',(#3421),#3425);
#3421 = LINE('',#3422,#3423);
#3422 = CARTESIAN_POINT('',(-0.223497885859,-0.766547615449));
#3423 = VECTOR('',#3424,1.);
#3424 = DIRECTION('',(-3.331246254719E-02,0.999444985899));
#3425 = ( GEOMETRIC_REPRESENTATION_CONTEXT(2) 
PARAMETRIC_REPRESENTATION_CONTEXT() REPRESENTATION_CONTEXT('2D SPACE',''
  ) );
#3426 = ORIENTED_EDGE('',*,*,#3427,.F.);
#3427 = EDGE_CURVE('',#3428,#3400,#3430,.T.);
#3428 = VERTEX_POINT('',#3429);
#3429 = CARTESIAN_POINT('',(-2.662384653508,2.23,1.97));
#3430 = SURFACE_CURVE('',#3431,(#3435,#3442),.PCURVE_S1.);
#3431 = LINE('',#3432,#3433);
#3432 = CARTESIAN_POINT('',(-2.453705224107,2.23,2.260541709467));
#3433 = VECTOR('',#3434,1.);
#3434 = DIRECTION('',(-0.583364272888,0.,-0.812210640855));
#3435 = PCURVE('',#3200,#3436);
#3436 = DEFINITIONAL_REPRESENTATION('',(#3437),#3441);
#3437 = LINE('',#3438,#3439);
#3438 = CARTESIAN_POINT('',(3.776633762126,-1.765858547463E-02));
#3439 = VECTOR('',#3440,1.);
#3440 = DIRECTION('',(-0.812210640855,-0.583364272888));
#3441 = ( GEOMETRIC_REPRESENTATION_CONTEXT(2) 
PARAMETRIC_REPRESENTATION_CONTEXT() REPRESENTATION_CONTEXT('2D SPACE',''
  ) );
#3442 = PCURVE('',#3443,#3448);
#3443 = PLANE('',#3444);
#3444 = AXIS2_PLACEMENT_3D('',#3445,#3446,#3447);
#3445 = CARTESIAN_POINT('',(-2.847631017152,1.716823568637,
    1.908526662113));
#3446 = DIRECTION('',(-0.792686399092,0.217942536699,0.569341130951));
#3447 = DIRECTION('',(-0.583364272888,-1.797160284011E-17,
    -0.812210640855));
#3448 = DEFINITIONAL_REPRESENTATION('',(#3449),#3453);
#3449 = LINE('',#3450,#3451);
#3450 = CARTESIAN_POINT('',(-0.515712601033,-0.525816210126));
#3451 = VECTOR('',#3452,1.);
#3452 = DIRECTION('',(1.,4.224438275491E-17));
#3453 = ( GEOMETRIC_REPRESENTATION_CONTEXT(2) 
PARAMETRIC_REPRESENTATION_CONTEXT() REPRESENTATION_CONTEXT('2D SPACE',''
  ) );
#3454 = ORIENTED_EDGE('',*,*,#3455,.F.);
#3455 = EDGE_CURVE('',#3456,#3428,#3458,.T.);
#3456 = VERTEX_POINT('',#3457);
#3457 = CARTESIAN_POINT('',(-2.205,2.23,1.97));
#3458 = SURFACE_CURVE('',#3459,(#3463,#3470),.PCURVE_S1.);
#3459 = LINE('',#3460,#3461);
#3460 = CARTESIAN_POINT('',(-2.205,2.23,1.97));
#3461 = VECTOR('',#3462,1.);
#3462 = DIRECTION('',(-1.,9.709315921376E-16,0.));
#3463 = PCURVE('',#3200,#3464);
#3464 = DEFINITIONAL_REPRESENTATION('',(#3465),#3469);
#3465 = LINE('',#3466,#3467);
#3466 = CARTESIAN_POINT('',(3.486092052659,0.231046638633));
#3467 = VECTOR('',#3468,1.);
#3468 = DIRECTION('',(0.,-1.));
#3469 = ( GEOMETRIC_REPRESENTATION_CONTEXT(2) 
PARAMETRIC_REPRESENTATION_CONTEXT() REPRESENTATION_CONTEXT('2D SPACE',''
  ) );
#3470 = PCURVE('',#630,#3471);
#3471 = DEFINITIONAL_REPRESENTATION('',(#3472),#3476);
#3472 = LINE('',#3473,#3474);
#3473 = CARTESIAN_POINT('',(7.795,2.23));
#3474 = VECTOR('',#3475,1.);
#3475 = DIRECTION('',(-1.,9.709315921376E-16));
#3476 = ( GEOMETRIC_REPRESENTATION_CONTEXT(2) 
PARAMETRIC_REPRESENTATION_CONTEXT() REPRESENTATION_CONTEXT('2D SPACE',''
  ) );
#3477 = ORIENTED_EDGE('',*,*,#3478,.F.);
#3478 = EDGE_CURVE('',#3479,#3456,#3481,.T.);
#3479 = VERTEX_POINT('',#3480);
#3480 = CARTESIAN_POINT('',(-2.205,2.23,-1.855));
#3481 = SURFACE_CURVE('',#3482,(#3486,#3493),.PCURVE_S1.);
#3482 = LINE('',#3483,#3484);
#3483 = CARTESIAN_POINT('',(-2.205,2.23,-1.855));
#3484 = VECTOR('',#3485,1.);
#3485 = DIRECTION('',(0.,0.,1.));
#3486 = PCURVE('',#3200,#3487);
#3487 = DEFINITIONAL_REPRESENTATION('',(#3488),#3492);
#3488 = LINE('',#3489,#3490);
#3489 = CARTESIAN_POINT('',(-0.338907947341,0.231046638633));
#3490 = VECTOR('',#3491,1.);
#3491 = DIRECTION('',(1.,0.));
#3492 = ( GEOMETRIC_REPRESENTATION_CONTEXT(2) 
PARAMETRIC_REPRESENTATION_CONTEXT() REPRESENTATION_CONTEXT('2D SPACE',''
  ) );
#3493 = PCURVE('',#602,#3494);
#3494 = DEFINITIONAL_REPRESENTATION('',(#3495),#3499);
#3495 = LINE('',#3496,#3497);
#3496 = CARTESIAN_POINT('',(0.,-2.23));
#3497 = VECTOR('',#3498,1.);
#3498 = DIRECTION('',(1.,0.));
#3499 = ( GEOMETRIC_REPRESENTATION_CONTEXT(2) 
PARAMETRIC_REPRESENTATION_CONTEXT() REPRESENTATION_CONTEXT('2D SPACE',''
  ) );
#3500 = ORIENTED_EDGE('',*,*,#3501,.F.);
#3501 = EDGE_CURVE('',#3502,#3479,#3504,.T.);
#3502 = VERTEX_POINT('',#3503);
#3503 = CARTESIAN_POINT('',(2.29,2.23,-1.855));
#3504 = SURFACE_CURVE('',#3505,(#3509,#3516),.PCURVE_S1.);
#3505 = LINE('',#3506,#3507);
#3506 = CARTESIAN_POINT('',(2.29,2.23,-1.855));
#3507 = VECTOR('',#3508,1.);
#3508 = DIRECTION('',(-1.,0.,0.));
#3509 = PCURVE('',#3200,#3510);
#3510 = DEFINITIONAL_REPRESENTATION('',(#3511),#3515);
#3511 = LINE('',#3512,#3513);
#3512 = CARTESIAN_POINT('',(-0.338907947341,4.726046638633));
#3513 = VECTOR('',#3514,1.);
#3514 = DIRECTION('',(0.,-1.));
#3515 = ( GEOMETRIC_REPRESENTATION_CONTEXT(2) 
PARAMETRIC_REPRESENTATION_CONTEXT() REPRESENTATION_CONTEXT('2D SPACE',''
  ) );
#3516 = PCURVE('',#574,#3517);
#3517 = DEFINITIONAL_REPRESENTATION('',(#3518),#3522);
#3518 = LINE('',#3519,#3520);
#3519 = CARTESIAN_POINT('',(4.495,2.23));
#3520 = VECTOR('',#3521,1.);
#3521 = DIRECTION('',(-1.,0.));
#3522 = ( GEOMETRIC_REPRESENTATION_CONTEXT(2) 
PARAMETRIC_REPRESENTATION_CONTEXT() REPRESENTATION_CONTEXT('2D SPACE',''
  ) );
#3523 = ORIENTED_EDGE('',*,*,#3524,.T.);
#3524 = EDGE_CURVE('',#3502,#3245,#3525,.T.);
#3525 = SURFACE_CURVE('',#3526,(#3530,#3537),.PCURVE_S1.);
#3526 = LINE('',#3527,#3528);
#3527 = CARTESIAN_POINT('',(2.29,2.23,-1.855));
#3528 = VECTOR('',#3529,1.);
#3529 = DIRECTION('',(0.,1.113510518789E-15,-1.));
#3530 = PCURVE('',#3200,#3531);
#3531 = DEFINITIONAL_REPRESENTATION('',(#3532),#3536);
#3532 = LINE('',#3533,#3534);
#3533 = CARTESIAN_POINT('',(-0.338907947341,4.726046638633));
#3534 = VECTOR('',#3535,1.);
#3535 = DIRECTION('',(-1.,0.));
#3536 = ( GEOMETRIC_REPRESENTATION_CONTEXT(2) 
PARAMETRIC_REPRESENTATION_CONTEXT() REPRESENTATION_CONTEXT('2D SPACE',''
  ) );
#3537 = PCURVE('',#546,#3538);
#3538 = DEFINITIONAL_REPRESENTATION('',(#3539),#3543);
#3539 = LINE('',#3540,#3541);
#3540 = CARTESIAN_POINT('',(8.145,-2.23));
#3541 = VECTOR('',#3542,1.);
#3542 = DIRECTION('',(-1.,-1.113510518789E-15));
#3543 = ( GEOMETRIC_REPRESENTATION_CONTEXT(2) 
PARAMETRIC_REPRESENTATION_CONTEXT() REPRESENTATION_CONTEXT('2D SPACE',''
  ) );
#3544 = ORIENTED_EDGE('',*,*,#3289,.F.);
#3545 = ORIENTED_EDGE('',*,*,#3184,.F.);
#3546 = ORIENTED_EDGE('',*,*,#3547,.F.);
#3547 = EDGE_CURVE('',#3316,#3162,#3548,.T.);
#3548 = SURFACE_CURVE('',#3549,(#3553,#3560),.PCURVE_S1.);
#3549 = LINE('',#3550,#3551);
#3550 = CARTESIAN_POINT('',(-1.293521163269,2.23,-2.873867684957));
#3551 = VECTOR('',#3552,1.);
#3552 = DIRECTION('',(0.979974279479,0.,-0.199124110944));
#3553 = PCURVE('',#3200,#3554);
#3554 = DEFINITIONAL_REPRESENTATION('',(#3555),#3559);
#3555 = LINE('',#3556,#3557);
#3556 = CARTESIAN_POINT('',(-1.357775632298,1.142525475364));
#3557 = VECTOR('',#3558,1.);
#3558 = DIRECTION('',(-0.199124110944,0.979974279479));
#3559 = ( GEOMETRIC_REPRESENTATION_CONTEXT(2) 
PARAMETRIC_REPRESENTATION_CONTEXT() REPRESENTATION_CONTEXT('2D SPACE',''
  ) );
#3560 = PCURVE('',#3017,#3561);
#3561 = DEFINITIONAL_REPRESENTATION('',(#3562),#3566);
#3562 = LINE('',#3563,#3564);
#3563 = CARTESIAN_POINT('',(-0.264687912693,0.513363918439));
#3564 = VECTOR('',#3565,1.);
#3565 = DIRECTION('',(4.128475494677E-02,-0.999147421059));
#3566 = ( GEOMETRIC_REPRESENTATION_CONTEXT(2) 
PARAMETRIC_REPRESENTATION_CONTEXT() REPRESENTATION_CONTEXT('2D SPACE',''
  ) );
#3567 = ADVANCED_FACE('',(#3568),#3443,.T.);
#3568 = FACE_BOUND('',#3569,.T.);
#3569 = EDGE_LOOP('',(#3570,#3600,#3621,#3622));
#3570 = ORIENTED_EDGE('',*,*,#3571,.F.);
#3571 = EDGE_CURVE('',#3572,#3574,#3576,.T.);
#3572 = VERTEX_POINT('',#3573);
#3573 = CARTESIAN_POINT('',(-2.868590919582,1.48,1.97));
#3574 = VERTEX_POINT('',#3575);
#3575 = CARTESIAN_POINT('',(-3.360725162345,1.48,1.284807767158));
#3576 = SURFACE_CURVE('',#3577,(#3581,#3588),.PCURVE_S1.);
#3577 = LINE('',#3578,#3579);
#3578 = CARTESIAN_POINT('',(-2.57872645322,1.48,2.373574601542));
#3579 = VECTOR('',#3580,1.);
#3580 = DIRECTION('',(-0.583364272888,0.,-0.812210640855));
#3581 = PCURVE('',#3443,#3582);
#3582 = DEFINITIONAL_REPRESENTATION('',(#3583),#3587);
#3583 = LINE('',#3584,#3585);
#3584 = CARTESIAN_POINT('',(-0.534586200326,0.242656645393));
#3585 = VECTOR('',#3586,1.);
#3586 = DIRECTION('',(1.,-4.102234409197E-17));
#3587 = ( GEOMETRIC_REPRESENTATION_CONTEXT(2) 
PARAMETRIC_REPRESENTATION_CONTEXT() REPRESENTATION_CONTEXT('2D SPACE',''
  ) );
#3588 = PCURVE('',#3589,#3594);
#3589 = PLANE('',#3590);
#3590 = AXIS2_PLACEMENT_3D('',#3591,#3592,#3593);
#3591 = CARTESIAN_POINT('',(-3.050870115064,0.978905515891,
    1.719932951523));
#3592 = DIRECTION('',(-0.812203032679,4.328325338113E-03,0.583358808373)
  );
#3593 = DIRECTION('',(-0.583364272888,-1.172731322341E-19,
    -0.812210640855));
#3594 = DEFINITIONAL_REPRESENTATION('',(#3595),#3599);
#3595 = LINE('',#3596,#3597);
#3596 = CARTESIAN_POINT('',(-0.806326447441,-0.501099178027));
#3597 = VECTOR('',#3598,1.);
#3598 = DIRECTION('',(1.,-2.290458487099E-18));
#3599 = ( GEOMETRIC_REPRESENTATION_CONTEXT(2) 
PARAMETRIC_REPRESENTATION_CONTEXT() REPRESENTATION_CONTEXT('2D SPACE',''
  ) );
#3600 = ORIENTED_EDGE('',*,*,#3601,.F.);
#3601 = EDGE_CURVE('',#3428,#3572,#3602,.T.);
#3602 = SURFACE_CURVE('',#3603,(#3607,#3614),.PCURVE_S1.);
#3603 = LINE('',#3604,#3605);
#3604 = CARTESIAN_POINT('',(-2.662384653508,2.23,1.97));
#3605 = VECTOR('',#3606,1.);
#3606 = DIRECTION('',(-0.265104210242,-0.964219766294,0.));
#3607 = PCURVE('',#3443,#3608);
#3608 = DEFINITIONAL_REPRESENTATION('',(#3609),#3613);
#3609 = LINE('',#3610,#3611);
#3610 = CARTESIAN_POINT('',(-0.157995409393,-0.525816210126));
#3611 = VECTOR('',#3612,1.);
#3612 = DIRECTION('',(0.154652324848,0.987968956202));
#3613 = ( GEOMETRIC_REPRESENTATION_CONTEXT(2) 
PARAMETRIC_REPRESENTATION_CONTEXT() REPRESENTATION_CONTEXT('2D SPACE',''
  ) );
#3614 = PCURVE('',#630,#3615);
#3615 = DEFINITIONAL_REPRESENTATION('',(#3616),#3620);
#3616 = LINE('',#3617,#3618);
#3617 = CARTESIAN_POINT('',(7.337615346492,2.23));
#3618 = VECTOR('',#3619,1.);
#3619 = DIRECTION('',(-0.265104210242,-0.964219766294));
#3620 = ( GEOMETRIC_REPRESENTATION_CONTEXT(2) 
PARAMETRIC_REPRESENTATION_CONTEXT() REPRESENTATION_CONTEXT('2D SPACE',''
  ) );
#3621 = ORIENTED_EDGE('',*,*,#3427,.T.);
#3622 = ORIENTED_EDGE('',*,*,#3623,.T.);
#3623 = EDGE_CURVE('',#3400,#3574,#3624,.T.);
#3624 = SURFACE_CURVE('',#3625,(#3629,#3636),.PCURVE_S1.);
#3625 = LINE('',#3626,#3627);
#3626 = CARTESIAN_POINT('',(-3.198227240473,2.23,1.223953196687));
#3627 = VECTOR('',#3628,1.);
#3628 = DIRECTION('',(-0.211088096491,-0.974265212409,7.905132136805E-02
    ));
#3629 = PCURVE('',#3443,#3630);
#3630 = DEFINITIONAL_REPRESENTATION('',(#3631),#3635);
#3631 = LINE('',#3632,#3633);
#3632 = CARTESIAN_POINT('',(0.760543163961,-0.525816210126));
#3633 = VECTOR('',#3634,1.);
#3634 = DIRECTION('',(5.893492953629E-02,0.998261826417));
#3635 = ( GEOMETRIC_REPRESENTATION_CONTEXT(2) 
PARAMETRIC_REPRESENTATION_CONTEXT() REPRESENTATION_CONTEXT('2D SPACE',''
  ) );
#3636 = PCURVE('',#3415,#3637);
#3637 = DEFINITIONAL_REPRESENTATION('',(#3638),#3642);
#3638 = LINE('',#3639,#3640);
#3639 = CARTESIAN_POINT('',(-0.264227519453,0.455428334689));
#3640 = VECTOR('',#3641,1.);
#3641 = DIRECTION('',(0.996802655272,7.990285629186E-02));
#3642 = ( GEOMETRIC_REPRESENTATION_CONTEXT(2) 
PARAMETRIC_REPRESENTATION_CONTEXT() REPRESENTATION_CONTEXT('2D SPACE',''
  ) );
#3643 = ADVANCED_FACE('',(#3644),#3589,.T.);
#3644 = FACE_BOUND('',#3645,.T.);
#3645 = EDGE_LOOP('',(#3646,#3674,#3697,#3718));
#3646 = ORIENTED_EDGE('',*,*,#3647,.F.);
#3647 = EDGE_CURVE('',#3648,#3574,#3650,.T.);
#3648 = VERTEX_POINT('',#3649);
#3649 = CARTESIAN_POINT('',(-3.363790823164,0.75,1.285955840131));
#3650 = SURFACE_CURVE('',#3651,(#3655,#3662),.PCURVE_S1.);
#3651 = LINE('',#3652,#3653);
#3652 = CARTESIAN_POINT('',(-3.363790823164,0.75,1.285955840131));
#3653 = VECTOR('',#3654,1.);
#3654 = DIRECTION('',(4.199493144829E-03,0.999989945406,
    -1.57268689089E-03));
#3655 = PCURVE('',#3589,#3656);
#3656 = DEFINITIONAL_REPRESENTATION('',(#3657),#3661);
#3657 = LINE('',#3658,#3659);
#3658 = CARTESIAN_POINT('',(0.535027589112,0.228907660125));
#3659 = VECTOR('',#3660,1.);
#3660 = DIRECTION('',(-1.172481237419E-03,-0.999999312644));
#3661 = ( GEOMETRIC_REPRESENTATION_CONTEXT(2) 
PARAMETRIC_REPRESENTATION_CONTEXT() REPRESENTATION_CONTEXT('2D SPACE',''
  ) );
#3662 = PCURVE('',#3663,#3668);
#3663 = PLANE('',#3664);
#3664 = AXIS2_PLACEMENT_3D('',#3665,#3666,#3667);
#3665 = CARTESIAN_POINT('',(-3.438714676506,0.980685663826,
    0.782925634728));
#3666 = DIRECTION('',(-0.988784257258,4.387217668699E-03,0.149286452565)
  );
#3667 = DIRECTION('',(-0.149287889294,5.289549806195E-20,-0.988793773297
    ));
#3668 = DEFINITIONAL_REPRESENTATION('',(#3669),#3673);
#3669 = LINE('',#3670,#3671);
#3670 = CARTESIAN_POINT('',(-0.508578358806,0.23068788394));
#3671 = VECTOR('',#3672,1.);
#3672 = DIRECTION('',(9.281295373597E-04,-0.999999569288));
#3673 = ( GEOMETRIC_REPRESENTATION_CONTEXT(2) 
PARAMETRIC_REPRESENTATION_CONTEXT() REPRESENTATION_CONTEXT('2D SPACE',''
  ) );
#3674 = ORIENTED_EDGE('',*,*,#3675,.F.);
#3675 = EDGE_CURVE('',#3676,#3648,#3678,.T.);
#3676 = VERTEX_POINT('',#3677);
#3677 = CARTESIAN_POINT('',(-2.872481175306,0.75,1.97));
#3678 = SURFACE_CURVE('',#3679,(#3683,#3690),.PCURVE_S1.);
#3679 = LINE('',#3680,#3681);
#3680 = CARTESIAN_POINT('',(-2.581085084514,0.75,2.375707062712));
#3681 = VECTOR('',#3682,1.);
#3682 = DIRECTION('',(-0.583364272888,0.,-0.812210640855));
#3683 = PCURVE('',#3589,#3684);
#3684 = DEFINITIONAL_REPRESENTATION('',(#3685),#3689);
#3685 = LINE('',#3686,#3687);
#3686 = CARTESIAN_POINT('',(-0.806682513865,0.228907660125));
#3687 = VECTOR('',#3688,1.);
#3688 = DIRECTION('',(1.,7.453075958603E-19));
#3689 = ( GEOMETRIC_REPRESENTATION_CONTEXT(2) 
PARAMETRIC_REPRESENTATION_CONTEXT() REPRESENTATION_CONTEXT('2D SPACE',''
  ) );
#3690 = PCURVE('',#853,#3691);
#3691 = DEFINITIONAL_REPRESENTATION('',(#3692),#3696);
#3692 = LINE('',#3693,#3694);
#3693 = CARTESIAN_POINT('',(-0.803055468216,-0.488400580884));
#3694 = VECTOR('',#3695,1.);
#3695 = DIRECTION('',(1.,-1.055516828605E-16));
#3696 = ( GEOMETRIC_REPRESENTATION_CONTEXT(2) 
PARAMETRIC_REPRESENTATION_CONTEXT() REPRESENTATION_CONTEXT('2D SPACE',''
  ) );
#3697 = ORIENTED_EDGE('',*,*,#3698,.F.);
#3698 = EDGE_CURVE('',#3572,#3676,#3699,.T.);
#3699 = SURFACE_CURVE('',#3700,(#3704,#3711),.PCURVE_S1.);
#3700 = LINE('',#3701,#3702);
#3701 = CARTESIAN_POINT('',(-2.868590919582,1.48,1.97));
#3702 = VECTOR('',#3703,1.);
#3703 = DIRECTION('',(-5.329041759449E-03,-0.999985800556,0.));
#3704 = PCURVE('',#3589,#3705);
#3705 = DEFINITIONAL_REPRESENTATION('',(#3706),#3710);
#3706 = LINE('',#3707,#3708);
#3707 = CARTESIAN_POINT('',(-0.309442288035,-0.501099178027));
#3708 = VECTOR('',#3709,1.);
#3709 = DIRECTION('',(3.108772571192E-03,0.999995167755));
#3710 = ( GEOMETRIC_REPRESENTATION_CONTEXT(2) 
PARAMETRIC_REPRESENTATION_CONTEXT() REPRESENTATION_CONTEXT('2D SPACE',''
  ) );
#3711 = PCURVE('',#630,#3712);
#3712 = DEFINITIONAL_REPRESENTATION('',(#3713),#3717);
#3713 = LINE('',#3714,#3715);
#3714 = CARTESIAN_POINT('',(7.131409080418,1.48));
#3715 = VECTOR('',#3716,1.);
#3716 = DIRECTION('',(-5.329041759449E-03,-0.999985800556));
#3717 = ( GEOMETRIC_REPRESENTATION_CONTEXT(2) 
PARAMETRIC_REPRESENTATION_CONTEXT() REPRESENTATION_CONTEXT('2D SPACE',''
  ) );
#3718 = ORIENTED_EDGE('',*,*,#3571,.T.);
#3719 = ADVANCED_FACE('',(#3720),#3663,.T.);
#3720 = FACE_BOUND('',#3721,.T.);
#3721 = EDGE_LOOP('',(#3722,#3750,#3751,#3774));
#3722 = ORIENTED_EDGE('',*,*,#3723,.F.);
#3723 = EDGE_CURVE('',#3648,#3724,#3726,.T.);
#3724 = VERTEX_POINT('',#3725);
#3725 = CARTESIAN_POINT('',(-3.555679485779,0.75,1.5E-02));
#3726 = SURFACE_CURVE('',#3727,(#3731,#3738),.PCURVE_S1.);
#3727 = LINE('',#3728,#3729);
#3728 = CARTESIAN_POINT('',(-3.363790823164,0.75,1.285955840131));
#3729 = VECTOR('',#3730,1.);
#3730 = DIRECTION('',(-0.149287889294,0.,-0.988793773297));
#3731 = PCURVE('',#3663,#3732);
#3732 = DEFINITIONAL_REPRESENTATION('',(#3733),#3737);
#3733 = LINE('',#3734,#3735);
#3734 = CARTESIAN_POINT('',(-0.508578358806,0.23068788394));
#3735 = VECTOR('',#3736,1.);
#3736 = DIRECTION('',(1.,1.413654031475E-19));
#3737 = ( GEOMETRIC_REPRESENTATION_CONTEXT(2) 
PARAMETRIC_REPRESENTATION_CONTEXT() REPRESENTATION_CONTEXT('2D SPACE',''
  ) );
#3738 = PCURVE('',#3739,#3744);
#3739 = PLANE('',#3740);
#3740 = AXIS2_PLACEMENT_3D('',#3741,#3742,#3743);
#3741 = CARTESIAN_POINT('',(-3.341029363511,0.273133348529,
    0.769249264373));
#3742 = DIRECTION('',(-0.967889124965,-0.204538908823,0.146131709603));
#3743 = DIRECTION('',(0.206758430982,-0.97839202328,1.279721689892E-18)
  );
#3744 = DEFINITIONAL_REPRESENTATION('',(#3745),#3749);
#3745 = LINE('',#3746,#3747);
#3746 = CARTESIAN_POINT('',(-0.471268651653,0.522313536808));
#3747 = VECTOR('',#3748,1.);
#3748 = DIRECTION('',(-3.086652975517E-02,-0.999523515152));
#3749 = ( GEOMETRIC_REPRESENTATION_CONTEXT(2) 
PARAMETRIC_REPRESENTATION_CONTEXT() REPRESENTATION_CONTEXT('2D SPACE',''
  ) );
#3750 = ORIENTED_EDGE('',*,*,#3647,.T.);
#3751 = ORIENTED_EDGE('',*,*,#3752,.T.);
#3752 = EDGE_CURVE('',#3574,#3753,#3755,.T.);
#3753 = VERTEX_POINT('',#3754);
#3754 = CARTESIAN_POINT('',(-3.552440489127,1.48,1.5E-02));
#3755 = SURFACE_CURVE('',#3756,(#3760,#3767),.PCURVE_S1.);
#3756 = LINE('',#3757,#3758);
#3757 = CARTESIAN_POINT('',(-3.360725162345,1.48,1.284807767158));
#3758 = VECTOR('',#3759,1.);
#3759 = DIRECTION('',(-0.149287889294,0.,-0.988793773297));
#3760 = PCURVE('',#3663,#3761);
#3761 = DEFINITIONAL_REPRESENTATION('',(#3762),#3766);
#3762 = LINE('',#3763,#3764);
#3763 = CARTESIAN_POINT('',(-0.507900817432,-0.499319141564));
#3764 = VECTOR('',#3765,1.);
#3765 = DIRECTION('',(1.,7.561814862623E-19));
#3766 = ( GEOMETRIC_REPRESENTATION_CONTEXT(2) 
PARAMETRIC_REPRESENTATION_CONTEXT() REPRESENTATION_CONTEXT('2D SPACE',''
  ) );
#3767 = PCURVE('',#3415,#3768);
#3768 = DEFINITIONAL_REPRESENTATION('',(#3769),#3773);
#3769 = LINE('',#3770,#3771);
#3770 = CARTESIAN_POINT('',(0.503122050184,0.516938426044));
#3771 = VECTOR('',#3772,1.);
#3772 = DIRECTION('',(3.331246254719E-02,-0.999444985899));
#3773 = ( GEOMETRIC_REPRESENTATION_CONTEXT(2) 
PARAMETRIC_REPRESENTATION_CONTEXT() REPRESENTATION_CONTEXT('2D SPACE',''
  ) );
#3774 = ORIENTED_EDGE('',*,*,#3775,.F.);
#3775 = EDGE_CURVE('',#3724,#3753,#3776,.T.);
#3776 = SURFACE_CURVE('',#3777,(#3781,#3788),.PCURVE_S1.);
#3777 = LINE('',#3778,#3779);
#3778 = CARTESIAN_POINT('',(-3.555679485779,0.75,1.5E-02));
#3779 = VECTOR('',#3780,1.);
#3780 = DIRECTION('',(4.436938039798E-03,0.999990156742,0.));
#3781 = PCURVE('',#3663,#3782);
#3782 = DEFINITIONAL_REPRESENTATION('',(#3783),#3787);
#3783 = LINE('',#3784,#3785);
#3784 = CARTESIAN_POINT('',(0.776781515472,0.23068788394));
#3785 = VECTOR('',#3786,1.);
#3786 = DIRECTION('',(-6.623811148911E-04,-0.999999780626));
#3787 = ( GEOMETRIC_REPRESENTATION_CONTEXT(2) 
PARAMETRIC_REPRESENTATION_CONTEXT() REPRESENTATION_CONTEXT('2D SPACE',''
  ) );
#3788 = PCURVE('',#3789,#3794);
#3789 = PLANE('',#3790);
#3790 = AXIS2_PLACEMENT_3D('',#3791,#3792,#3793);
#3791 = CARTESIAN_POINT('',(-3.45185237878,0.981117863259,
    -0.476598313841));
#3792 = DIRECTION('',(-0.978817722392,4.342996335742E-03,-0.204687578311
    ));
#3793 = DIRECTION('',(0.204689508707,6.503774700037E-20,-0.978826953565)
  );
#3794 = DEFINITIONAL_REPRESENTATION('',(#3795),#3799);
#3795 = LINE('',#3796,#3797);
#3796 = CARTESIAN_POINT('',(-0.502441999436,0.231120042918));
#3797 = VECTOR('',#3798,1.);
#3798 = DIRECTION('',(9.081946675319E-04,-0.999999587591));
#3799 = ( GEOMETRIC_REPRESENTATION_CONTEXT(2) 
PARAMETRIC_REPRESENTATION_CONTEXT() REPRESENTATION_CONTEXT('2D SPACE',''
  ) );
#3800 = ADVANCED_FACE('',(#3801),#3789,.T.);
#3801 = FACE_BOUND('',#3802,.T.);
#3802 = EDGE_LOOP('',(#3803,#3824,#3825,#3848));
#3803 = ORIENTED_EDGE('',*,*,#3804,.F.);
#3804 = EDGE_CURVE('',#3724,#2752,#3805,.T.);
#3805 = SURFACE_CURVE('',#3806,(#3810,#3817),.PCURVE_S1.);
#3806 = LINE('',#3807,#3808);
#3807 = CARTESIAN_POINT('',(-3.555679485779,0.75,1.5E-02));
#3808 = VECTOR('',#3809,1.);
#3809 = DIRECTION('',(0.204689508707,0.,-0.978826953565));
#3810 = PCURVE('',#3789,#3811);
#3811 = DEFINITIONAL_REPRESENTATION('',(#3812),#3816);
#3812 = LINE('',#3813,#3814);
#3813 = CARTESIAN_POINT('',(-0.502441999436,0.231120042918));
#3814 = VECTOR('',#3815,1.);
#3815 = DIRECTION('',(1.,2.953982133686E-19));
#3816 = ( GEOMETRIC_REPRESENTATION_CONTEXT(2) 
PARAMETRIC_REPRESENTATION_CONTEXT() REPRESENTATION_CONTEXT('2D SPACE',''
  ) );
#3817 = PCURVE('',#2767,#3818);
#3818 = DEFINITIONAL_REPRESENTATION('',(#3819),#3823);
#3819 = LINE('',#3820,#3821);
#3820 = CARTESIAN_POINT('',(-0.245971490663,0.502616072493));
#3821 = VECTOR('',#3822,1.);
#3822 = DIRECTION('',(4.232128165893E-02,-0.999104053199));
#3823 = ( GEOMETRIC_REPRESENTATION_CONTEXT(2) 
PARAMETRIC_REPRESENTATION_CONTEXT() REPRESENTATION_CONTEXT('2D SPACE',''
  ) );
#3824 = ORIENTED_EDGE('',*,*,#3775,.T.);
#3825 = ORIENTED_EDGE('',*,*,#3826,.T.);
#3826 = EDGE_CURVE('',#3753,#3827,#3829,.T.);
#3827 = VERTEX_POINT('',#3828);
#3828 = CARTESIAN_POINT('',(-3.292263363796,1.48,-1.229169203314));
#3829 = SURFACE_CURVE('',#3830,(#3834,#3841),.PCURVE_S1.);
#3830 = LINE('',#3831,#3832);
#3831 = CARTESIAN_POINT('',(-3.552440489127,1.48,1.5E-02));
#3832 = VECTOR('',#3833,1.);
#3833 = DIRECTION('',(0.204689508707,0.,-0.978826953565));
#3834 = PCURVE('',#3789,#3835);
#3835 = DEFINITIONAL_REPRESENTATION('',(#3836),#3840);
#3836 = LINE('',#3837,#3838);
#3837 = CARTESIAN_POINT('',(-0.501779010803,-0.498886841669));
#3838 = VECTOR('',#3839,1.);
#3839 = DIRECTION('',(1.,9.459195168599E-19));
#3840 = ( GEOMETRIC_REPRESENTATION_CONTEXT(2) 
PARAMETRIC_REPRESENTATION_CONTEXT() REPRESENTATION_CONTEXT('2D SPACE',''
  ) );
#3841 = PCURVE('',#3387,#3842);
#3842 = DEFINITIONAL_REPRESENTATION('',(#3843),#3847);
#3843 = LINE('',#3844,#3845);
#3844 = CARTESIAN_POINT('',(0.554972243851,0.759496700694));
#3845 = VECTOR('',#3846,1.);
#3846 = DIRECTION('',(-4.567491458855E-02,-0.998956356493));
#3847 = ( GEOMETRIC_REPRESENTATION_CONTEXT(2) 
PARAMETRIC_REPRESENTATION_CONTEXT() REPRESENTATION_CONTEXT('2D SPACE',''
  ) );
#3848 = ORIENTED_EDGE('',*,*,#3849,.F.);
#3849 = EDGE_CURVE('',#2752,#3827,#3850,.T.);
#3850 = SURFACE_CURVE('',#3851,(#3855,#3862),.PCURVE_S1.);
#3851 = LINE('',#3852,#3853);
#3852 = CARTESIAN_POINT('',(-3.295267126159,0.75,-1.230294095659));
#3853 = VECTOR('',#3854,1.);
#3854 = DIRECTION('',(4.114703245211E-03,0.999990347324,
    1.540933543757E-03));
#3855 = PCURVE('',#3789,#3856);
#3856 = DEFINITIONAL_REPRESENTATION('',(#3857),#3861);
#3857 = LINE('',#3858,#3859);
#3858 = CARTESIAN_POINT('',(0.769789104462,0.231120042918));
#3859 = VECTOR('',#3860,1.);
#3860 = DIRECTION('',(-6.660707005422E-04,-0.999999778175));
#3861 = ( GEOMETRIC_REPRESENTATION_CONTEXT(2) 
PARAMETRIC_REPRESENTATION_CONTEXT() REPRESENTATION_CONTEXT('2D SPACE',''
  ) );
#3862 = PCURVE('',#2795,#3863);
#3863 = DEFINITIONAL_REPRESENTATION('',(#3864),#3868);
#3864 = LINE('',#3865,#3866);
#3865 = CARTESIAN_POINT('',(-0.793883053144,0.500245827153));
#3866 = VECTOR('',#3867,1.);
#3867 = DIRECTION('',(1.094431255671E-03,-0.99999940111));
#3868 = ( GEOMETRIC_REPRESENTATION_CONTEXT(2) 
PARAMETRIC_REPRESENTATION_CONTEXT() REPRESENTATION_CONTEXT('2D SPACE',''
  ) );
#3869 = ADVANCED_FACE('',(#3870),#3739,.T.);
#3870 = FACE_BOUND('',#3871,.T.);
#3871 = EDGE_LOOP('',(#3872,#3893,#3894,#3917));
#3872 = ORIENTED_EDGE('',*,*,#3873,.F.);
#3873 = EDGE_CURVE('',#3648,#838,#3874,.T.);
#3874 = SURFACE_CURVE('',#3875,(#3879,#3886),.PCURVE_S1.);
#3875 = LINE('',#3876,#3877);
#3876 = CARTESIAN_POINT('',(-3.363790823164,0.75,1.285955840131));
#3877 = VECTOR('',#3878,1.);
#3878 = DIRECTION('',(0.195603948391,-0.97794332805,-7.325259378477E-02)
  );
#3879 = PCURVE('',#3739,#3880);
#3880 = DEFINITIONAL_REPRESENTATION('',(#3881),#3885);
#3881 = LINE('',#3882,#3883);
#3882 = CARTESIAN_POINT('',(-0.471268651653,0.522313536808));
#3883 = VECTOR('',#3884,1.);
#3884 = DIRECTION('',(0.997254716847,-7.404748291407E-02));
#3885 = ( GEOMETRIC_REPRESENTATION_CONTEXT(2) 
PARAMETRIC_REPRESENTATION_CONTEXT() REPRESENTATION_CONTEXT('2D SPACE',''
  ) );
#3886 = PCURVE('',#853,#3887);
#3887 = DEFINITIONAL_REPRESENTATION('',(#3888),#3892);
#3888 = LINE('',#3889,#3890);
#3889 = CARTESIAN_POINT('',(0.538654634761,-0.488400580884));
#3890 = VECTOR('',#3891,1.);
#3891 = DIRECTION('',(-5.461181898473E-02,0.998507661076));
#3892 = ( GEOMETRIC_REPRESENTATION_CONTEXT(2) 
PARAMETRIC_REPRESENTATION_CONTEXT() REPRESENTATION_CONTEXT('2D SPACE',''
  ) );
#3893 = ORIENTED_EDGE('',*,*,#3723,.T.);
#3894 = ORIENTED_EDGE('',*,*,#3895,.F.);
#3895 = EDGE_CURVE('',#3896,#3724,#3898,.T.);
#3896 = VERTEX_POINT('',#3897);
#3897 = CARTESIAN_POINT('',(-3.407752174186,5.E-02,1.5E-02));
#3898 = SURFACE_CURVE('',#3899,(#3903,#3910),.PCURVE_S1.);
#3899 = LINE('',#3900,#3901);
#3900 = CARTESIAN_POINT('',(-3.407752174186,5.E-02,1.5E-02));
#3901 = VECTOR('',#3902,1.);
#3902 = DIRECTION('',(-0.206758430982,0.97839202328,2.424628016417E-17)
  );
#3903 = PCURVE('',#3739,#3904);
#3904 = DEFINITIONAL_REPRESENTATION('',(#3905),#3909);
#3905 = LINE('',#3906,#3907);
#3906 = CARTESIAN_POINT('',(0.204516384682,-0.762433882965));
#3907 = VECTOR('',#3908,1.);
#3908 = DIRECTION('',(-1.,-5.405479578392E-18));
#3909 = ( GEOMETRIC_REPRESENTATION_CONTEXT(2) 
PARAMETRIC_REPRESENTATION_CONTEXT() REPRESENTATION_CONTEXT('2D SPACE',''
  ) );
#3910 = PCURVE('',#2767,#3911);
#3911 = DEFINITIONAL_REPRESENTATION('',(#3912),#3916);
#3912 = LINE('',#3913,#3914);
#3913 = CARTESIAN_POINT('',(0.469488144477,0.502616072493));
#3914 = VECTOR('',#3915,1.);
#3915 = DIRECTION('',(-1.,1.045962896352E-18));
#3916 = ( GEOMETRIC_REPRESENTATION_CONTEXT(2) 
PARAMETRIC_REPRESENTATION_CONTEXT() REPRESENTATION_CONTEXT('2D SPACE',''
  ) );
#3917 = ORIENTED_EDGE('',*,*,#3918,.T.);
#3918 = EDGE_CURVE('',#3896,#838,#3919,.T.);
#3919 = SURFACE_CURVE('',#3920,(#3924,#3931),.PCURVE_S1.);
#3920 = LINE('',#3921,#3922);
#3921 = CARTESIAN_POINT('',(-3.407752174186,5.E-02,1.5E-02));
#3922 = VECTOR('',#3923,1.);
#3923 = DIRECTION('',(0.149287889294,0.,0.988793773297));
#3924 = PCURVE('',#3739,#3925);
#3925 = DEFINITIONAL_REPRESENTATION('',(#3926),#3930);
#3926 = LINE('',#3927,#3928);
#3927 = CARTESIAN_POINT('',(0.204516384682,-0.762433882965));
#3928 = VECTOR('',#3929,1.);
#3929 = DIRECTION('',(3.086652975517E-02,0.999523515152));
#3930 = ( GEOMETRIC_REPRESENTATION_CONTEXT(2) 
PARAMETRIC_REPRESENTATION_CONTEXT() REPRESENTATION_CONTEXT('2D SPACE',''
  ) );
#3931 = PCURVE('',#881,#3932);
#3932 = DEFINITIONAL_REPRESENTATION('',(#3933),#3937);
#3933 = LINE('',#3934,#3935);
#3934 = CARTESIAN_POINT('',(-0.321775180735,-0.721957945009));
#3935 = VECTOR('',#3936,1.);
#3936 = DIRECTION('',(6.316381016843E-02,0.998003172883));
#3937 = ( GEOMETRIC_REPRESENTATION_CONTEXT(2) 
PARAMETRIC_REPRESENTATION_CONTEXT() REPRESENTATION_CONTEXT('2D SPACE',''
  ) );
#3938 = ADVANCED_FACE('',(#3939),#3415,.T.);
#3939 = FACE_BOUND('',#3940,.T.);
#3940 = EDGE_LOOP('',(#3941,#3942,#3943,#3964));
#3941 = ORIENTED_EDGE('',*,*,#3623,.F.);
#3942 = ORIENTED_EDGE('',*,*,#3399,.F.);
#3943 = ORIENTED_EDGE('',*,*,#3944,.T.);
#3944 = EDGE_CURVE('',#3372,#3753,#3945,.T.);
#3945 = SURFACE_CURVE('',#3946,(#3950,#3957),.PCURVE_S1.);
#3946 = LINE('',#3947,#3948);
#3947 = CARTESIAN_POINT('',(-3.380754756182,2.23,1.5E-02));
#3948 = VECTOR('',#3949,1.);
#3949 = DIRECTION('',(-0.223142431075,-0.974785851074,2.480109719865E-17
    ));
#3950 = PCURVE('',#3415,#3951);
#3951 = DEFINITIONAL_REPRESENTATION('',(#3952),#3956);
#3952 = LINE('',#3953,#3954);
#3953 = CARTESIAN_POINT('',(-0.223497885859,-0.766547615449));
#3954 = VECTOR('',#3955,1.);
#3955 = DIRECTION('',(1.,-1.23545554414E-16));
#3956 = ( GEOMETRIC_REPRESENTATION_CONTEXT(2) 
PARAMETRIC_REPRESENTATION_CONTEXT() REPRESENTATION_CONTEXT('2D SPACE',''
  ) );
#3957 = PCURVE('',#3387,#3958);
#3958 = DEFINITIONAL_REPRESENTATION('',(#3959),#3963);
#3959 = LINE('',#3960,#3961);
#3960 = CARTESIAN_POINT('',(-0.214427516285,0.759496700694));
#3961 = VECTOR('',#3962,1.);
#3962 = DIRECTION('',(1.,1.661910516179E-16));
#3963 = ( GEOMETRIC_REPRESENTATION_CONTEXT(2) 
PARAMETRIC_REPRESENTATION_CONTEXT() REPRESENTATION_CONTEXT('2D SPACE',''
  ) );
#3964 = ORIENTED_EDGE('',*,*,#3752,.F.);
#3965 = ADVANCED_FACE('',(#3966),#3387,.T.);
#3966 = FACE_BOUND('',#3967,.T.);
#3967 = EDGE_LOOP('',(#3968,#3969,#3990,#3991));
#3968 = ORIENTED_EDGE('',*,*,#3371,.F.);
#3969 = ORIENTED_EDGE('',*,*,#3970,.F.);
#3970 = EDGE_CURVE('',#3827,#3344,#3971,.T.);
#3971 = SURFACE_CURVE('',#3972,(#3976,#3983),.PCURVE_S1.);
#3972 = LINE('',#3973,#3974);
#3973 = CARTESIAN_POINT('',(-3.292263363796,1.48,-1.229169203314));
#3974 = VECTOR('',#3975,1.);
#3975 = DIRECTION('',(0.207036387459,0.975256077345,7.753397880766E-02)
  );
#3976 = PCURVE('',#3387,#3977);
#3977 = DEFINITIONAL_REPRESENTATION('',(#3978),#3982);
#3978 = LINE('',#3979,#3980);
#3979 = CARTESIAN_POINT('',(0.496915687594,-0.510258621917));
#3980 = VECTOR('',#3981,1.);
#3981 = DIRECTION('',(-0.996864428188,7.912845134884E-02));
#3982 = ( GEOMETRIC_REPRESENTATION_CONTEXT(2) 
PARAMETRIC_REPRESENTATION_CONTEXT() REPRESENTATION_CONTEXT('2D SPACE',''
  ) );
#3983 = PCURVE('',#3359,#3984);
#3984 = DEFINITIONAL_REPRESENTATION('',(#3985),#3989);
#3985 = LINE('',#3986,#3987);
#3986 = CARTESIAN_POINT('',(-0.812344618495,0.52102731961));
#3987 = VECTOR('',#3988,1.);
#3988 = DIRECTION('',(5.506766344816E-02,-0.998482625008));
#3989 = ( GEOMETRIC_REPRESENTATION_CONTEXT(2) 
PARAMETRIC_REPRESENTATION_CONTEXT() REPRESENTATION_CONTEXT('2D SPACE',''
  ) );
#3990 = ORIENTED_EDGE('',*,*,#3826,.F.);
#3991 = ORIENTED_EDGE('',*,*,#3944,.F.);
#3992 = ADVANCED_FACE('',(#3993),#3359,.T.);
#3993 = FACE_BOUND('',#3994,.T.);
#3994 = EDGE_LOOP('',(#3995,#4018,#4039,#4040));
#3995 = ORIENTED_EDGE('',*,*,#3996,.F.);
#3996 = EDGE_CURVE('',#3997,#3314,#3999,.T.);
#3997 = VERTEX_POINT('',#3998);
#3998 = CARTESIAN_POINT('',(-2.538622460135,1.48,-2.307316196834));
#3999 = SURFACE_CURVE('',#4000,(#4004,#4011),.PCURVE_S1.);
#4000 = LINE('',#4001,#4002);
#4001 = CARTESIAN_POINT('',(-2.538622460135,1.48,-2.307316196834));
#4002 = VECTOR('',#4003,1.);
#4003 = DIRECTION('',(0.160256165932,0.976383684551,0.144889136322));
#4004 = PCURVE('',#3359,#4005);
#4005 = DEFINITIONAL_REPRESENTATION('',(#4006),#4010);
#4006 = LINE('',#4007,#4008);
#4007 = CARTESIAN_POINT('',(0.50309278074,0.52102731961));
#4008 = VECTOR('',#4009,1.);
#4009 = DIRECTION('',(-2.693870877462E-02,-0.999637087132));
#4010 = ( GEOMETRIC_REPRESENTATION_CONTEXT(2) 
PARAMETRIC_REPRESENTATION_CONTEXT() REPRESENTATION_CONTEXT('2D SPACE',''
  ) );
#4011 = PCURVE('',#3331,#4012);
#4012 = DEFINITIONAL_REPRESENTATION('',(#4013),#4017);
#4013 = LINE('',#4014,#4015);
#4014 = CARTESIAN_POINT('',(0.848187451924,-0.522440437889));
#4015 = VECTOR('',#4016,1.);
#4016 = DIRECTION('',(-6.224528923279E-02,0.998060881895));
#4017 = ( GEOMETRIC_REPRESENTATION_CONTEXT(2) 
PARAMETRIC_REPRESENTATION_CONTEXT() REPRESENTATION_CONTEXT('2D SPACE',''
  ) );
#4018 = ORIENTED_EDGE('',*,*,#4019,.F.);
#4019 = EDGE_CURVE('',#3827,#3997,#4020,.T.);
#4020 = SURFACE_CURVE('',#4021,(#4025,#4032),.PCURVE_S1.);
#4021 = LINE('',#4022,#4023);
#4022 = CARTESIAN_POINT('',(-3.292263363796,1.48,-1.229169203314));
#4023 = VECTOR('',#4024,1.);
#4024 = DIRECTION('',(0.572920386861,0.,-0.819611023791));
#4025 = PCURVE('',#3359,#4026);
#4026 = DEFINITIONAL_REPRESENTATION('',(#4027),#4031);
#4027 = LINE('',#4028,#4029);
#4028 = CARTESIAN_POINT('',(-0.812344618495,0.52102731961));
#4029 = VECTOR('',#4030,1.);
#4030 = DIRECTION('',(1.,-4.443112301782E-17));
#4031 = ( GEOMETRIC_REPRESENTATION_CONTEXT(2) 
PARAMETRIC_REPRESENTATION_CONTEXT() REPRESENTATION_CONTEXT('2D SPACE',''
  ) );
#4032 = PCURVE('',#2795,#4033);
#4033 = DEFINITIONAL_REPRESENTATION('',(#4034),#4038);
#4034 = LINE('',#4035,#4036);
#4035 = CARTESIAN_POINT('',(-0.793084110616,-0.229760782175));
#4036 = VECTOR('',#4037,1.);
#4037 = DIRECTION('',(1.,-1.021861527437E-18));
#4038 = ( GEOMETRIC_REPRESENTATION_CONTEXT(2) 
PARAMETRIC_REPRESENTATION_CONTEXT() REPRESENTATION_CONTEXT('2D SPACE',''
  ) );
#4039 = ORIENTED_EDGE('',*,*,#3970,.T.);
#4040 = ORIENTED_EDGE('',*,*,#3343,.T.);
#4041 = ADVANCED_FACE('',(#4042),#3331,.T.);
#4042 = FACE_BOUND('',#4043,.T.);
#4043 = EDGE_LOOP('',(#4044,#4045,#4066,#4087));
#4044 = ORIENTED_EDGE('',*,*,#3313,.T.);
#4045 = ORIENTED_EDGE('',*,*,#4046,.F.);
#4046 = EDGE_CURVE('',#3000,#3316,#4047,.T.);
#4047 = SURFACE_CURVE('',#4048,(#4052,#4059),.PCURVE_S1.);
#4048 = LINE('',#4049,#4050);
#4049 = CARTESIAN_POINT('',(-1.360142693466,1.48,-3.019283407085));
#4050 = VECTOR('',#4051,1.);
#4051 = DIRECTION('',(8.687500896915E-02,0.978006006976,0.189623266334)
  );
#4052 = PCURVE('',#3331,#4053);
#4053 = DEFINITIONAL_REPRESENTATION('',(#4054),#4058);
#4054 = LINE('',#4055,#4056);
#4055 = CARTESIAN_POINT('',(-0.528661076027,-0.522440437889));
#4056 = VECTOR('',#4057,1.);
#4057 = DIRECTION('',(2.369549516079E-02,0.999719222336));
#4058 = ( GEOMETRIC_REPRESENTATION_CONTEXT(2) 
PARAMETRIC_REPRESENTATION_CONTEXT() REPRESENTATION_CONTEXT('2D SPACE',''
  ) );
#4059 = PCURVE('',#3017,#4060);
#4060 = DEFINITIONAL_REPRESENTATION('',(#4061),#4065);
#4061 = LINE('',#4062,#4063);
#4062 = CARTESIAN_POINT('',(0.499164401613,0.581288895122));
#4063 = VECTOR('',#4064,1.);
#4064 = DIRECTION('',(-0.996069535779,-8.85747136263E-02));
#4065 = ( GEOMETRIC_REPRESENTATION_CONTEXT(2) 
PARAMETRIC_REPRESENTATION_CONTEXT() REPRESENTATION_CONTEXT('2D SPACE',''
  ) );
#4066 = ORIENTED_EDGE('',*,*,#4067,.F.);
#4067 = EDGE_CURVE('',#3997,#3000,#4068,.T.);
#4068 = SURFACE_CURVE('',#4069,(#4073,#4080),.PCURVE_S1.);
#4069 = LINE('',#4070,#4071);
#4070 = CARTESIAN_POINT('',(-2.538622460135,1.48,-2.307316196834));
#4071 = VECTOR('',#4072,1.);
#4072 = DIRECTION('',(0.855925501422,0.,-0.517099154916));
#4073 = PCURVE('',#3331,#4074);
#4074 = DEFINITIONAL_REPRESENTATION('',(#4075),#4079);
#4075 = LINE('',#4076,#4077);
#4076 = CARTESIAN_POINT('',(0.848187451924,-0.522440437889));
#4077 = VECTOR('',#4078,1.);
#4078 = DIRECTION('',(-1.,2.059579073087E-17));
#4079 = ( GEOMETRIC_REPRESENTATION_CONTEXT(2) 
PARAMETRIC_REPRESENTATION_CONTEXT() REPRESENTATION_CONTEXT('2D SPACE',''
  ) );
#4080 = PCURVE('',#2854,#4081);
#4081 = DEFINITIONAL_REPRESENTATION('',(#4082),#4086);
#4082 = LINE('',#4083,#4084);
#4083 = CARTESIAN_POINT('',(0.551059513109,0.227920062411));
#4084 = VECTOR('',#4085,1.);
#4085 = DIRECTION('',(-1.,8.945749433603E-19));
#4086 = ( GEOMETRIC_REPRESENTATION_CONTEXT(2) 
PARAMETRIC_REPRESENTATION_CONTEXT() REPRESENTATION_CONTEXT('2D SPACE',''
  ) );
#4087 = ORIENTED_EDGE('',*,*,#3996,.T.);
#4088 = ADVANCED_FACE('',(#4089),#3098,.T.);
#4089 = FACE_BOUND('',#4090,.T.);
#4090 = EDGE_LOOP('',(#4091,#4114,#4140,#4141));
#4091 = ORIENTED_EDGE('',*,*,#4092,.F.);
#4092 = EDGE_CURVE('',#4093,#3243,#4095,.T.);
#4093 = VERTEX_POINT('',#4094);
#4094 = CARTESIAN_POINT('',(2.29,0.75,-2.449807418738));
#4095 = SURFACE_CURVE('',#4096,(#4100,#4107),.PCURVE_S1.);
#4096 = LINE('',#4097,#4098);
#4097 = CARTESIAN_POINT('',(2.29,0.75,-2.449807418738));
#4098 = VECTOR('',#4099,1.);
#4099 = DIRECTION('',(0.,0.999987643502,4.971201355153E-03));
#4100 = PCURVE('',#3098,#4101);
#4101 = DEFINITIONAL_REPRESENTATION('',(#4102),#4106);
#4102 = LINE('',#4103,#4104);
#4103 = CARTESIAN_POINT('',(-0.224196898629,-0.501704779127));
#4104 = VECTOR('',#4105,1.);
#4105 = DIRECTION('',(-2.814966105975E-03,0.999996037975));
#4106 = ( GEOMETRIC_REPRESENTATION_CONTEXT(2) 
PARAMETRIC_REPRESENTATION_CONTEXT() REPRESENTATION_CONTEXT('2D SPACE',''
  ) );
#4107 = PCURVE('',#546,#4108);
#4108 = DEFINITIONAL_REPRESENTATION('',(#4109),#4113);
#4109 = LINE('',#4110,#4111);
#4110 = CARTESIAN_POINT('',(7.550192581262,-0.75));
#4111 = VECTOR('',#4112,1.);
#4112 = DIRECTION('',(4.971201355153E-03,-0.999987643502));
#4113 = ( GEOMETRIC_REPRESENTATION_CONTEXT(2) 
PARAMETRIC_REPRESENTATION_CONTEXT() REPRESENTATION_CONTEXT('2D SPACE',''
  ) );
#4114 = ORIENTED_EDGE('',*,*,#4115,.T.);
#4115 = EDGE_CURVE('',#4093,#3083,#4116,.T.);
#4116 = SURFACE_CURVE('',#4117,(#4121,#4128),.PCURVE_S1.);
#4117 = LINE('',#4118,#4119);
#4118 = CARTESIAN_POINT('',(2.554920172492,0.75,-2.267804539514));
#4119 = VECTOR('',#4120,1.);
#4120 = DIRECTION('',(-0.824230320152,0.,-0.566254694764));
#4121 = PCURVE('',#3098,#4122);
#4122 = DEFINITIONAL_REPRESENTATION('',(#4123),#4127);
#4123 = LINE('',#4124,#4125);
#4124 = CARTESIAN_POINT('',(-0.545612122038,-0.501704779127));
#4125 = VECTOR('',#4126,1.);
#4126 = DIRECTION('',(1.,-2.924966641483E-19));
#4127 = ( GEOMETRIC_REPRESENTATION_CONTEXT(2) 
PARAMETRIC_REPRESENTATION_CONTEXT() REPRESENTATION_CONTEXT('2D SPACE',''
  ) );
#4128 = PCURVE('',#4129,#4134);
#4129 = PLANE('',#4130);
#4130 = AXIS2_PLACEMENT_3D('',#4131,#4132,#4133);
#4131 = CARTESIAN_POINT('',(1.862933105636,0.532791432642,
    -2.691777965097));
#4132 = DIRECTION('',(0.555770282198,-0.191540888552,-0.808969394624));
#4133 = DIRECTION('',(-0.824230320152,-9.040903273256E-19,
    -0.566254694764));
#4134 = DEFINITIONAL_REPRESENTATION('',(#4135),#4139);
#4135 = LINE('',#4136,#4137);
#4136 = CARTESIAN_POINT('',(-0.810433664348,0.221306131236));
#4137 = VECTOR('',#4138,1.);
#4138 = DIRECTION('',(1.,-5.548719396783E-18));
#4139 = ( GEOMETRIC_REPRESENTATION_CONTEXT(2) 
PARAMETRIC_REPRESENTATION_CONTEXT() REPRESENTATION_CONTEXT('2D SPACE',''
  ) );
#4140 = ORIENTED_EDGE('',*,*,#3080,.F.);
#4141 = ORIENTED_EDGE('',*,*,#3267,.F.);
#4142 = ADVANCED_FACE('',(#4143),#4129,.T.);
#4143 = FACE_BOUND('',#4144,.T.);
#4144 = EDGE_LOOP('',(#4145,#4168,#4169,#4192));
#4145 = ORIENTED_EDGE('',*,*,#4146,.F.);
#4146 = EDGE_CURVE('',#3083,#4147,#4149,.T.);
#4147 = VERTEX_POINT('',#4148);
#4148 = CARTESIAN_POINT('',(1.372188558247,5.E-02,-2.914613262444));
#4149 = SURFACE_CURVE('',#4150,(#4154,#4161),.PCURVE_S1.);
#4150 = LINE('',#4151,#4152);
#4151 = CARTESIAN_POINT('',(1.429943258124,0.75,-3.040675233163));
#4152 = VECTOR('',#4153,1.);
#4153 = DIRECTION('',(-8.093409667397E-02,-0.980939521671,0.176655956082
    ));
#4154 = PCURVE('',#4129,#4155);
#4155 = DEFINITIONAL_REPRESENTATION('',(#4156),#4160);
#4156 = LINE('',#4157,#4158);
#4157 = CARTESIAN_POINT('',(0.55444807667,0.221306131236));
#4158 = VECTOR('',#4159,1.);
#4159 = DIRECTION('',(-3.3323928077E-02,-0.999444603676));
#4160 = ( GEOMETRIC_REPRESENTATION_CONTEXT(2) 
PARAMETRIC_REPRESENTATION_CONTEXT() REPRESENTATION_CONTEXT('2D SPACE',''
  ) );
#4161 = PCURVE('',#2936,#4162);
#4162 = DEFINITIONAL_REPRESENTATION('',(#4163),#4167);
#4163 = LINE('',#4164,#4165);
#4164 = CARTESIAN_POINT('',(-0.469107294941,-0.589415015254));
#4165 = VECTOR('',#4166,1.);
#4166 = DIRECTION('',(0.996606838427,8.23092315666E-02));
#4167 = ( GEOMETRIC_REPRESENTATION_CONTEXT(2) 
PARAMETRIC_REPRESENTATION_CONTEXT() REPRESENTATION_CONTEXT('2D SPACE',''
  ) );
#4168 = ORIENTED_EDGE('',*,*,#4115,.F.);
#4169 = ORIENTED_EDGE('',*,*,#4170,.F.);
#4170 = EDGE_CURVE('',#4171,#4093,#4173,.T.);
#4171 = VERTEX_POINT('',#4172);
#4172 = CARTESIAN_POINT('',(2.29,5.E-02,-2.284067376065));
#4173 = SURFACE_CURVE('',#4174,(#4178,#4185),.PCURVE_S1.);
#4174 = LINE('',#4175,#4176);
#4175 = CARTESIAN_POINT('',(2.29,5.E-02,-2.284067376065));
#4176 = VECTOR('',#4177,1.);
#4177 = DIRECTION('',(0.,0.973095695692,-0.230401317327));
#4178 = PCURVE('',#4129,#4179);
#4179 = DEFINITIONAL_REPRESENTATION('',(#4180),#4184);
#4180 = LINE('',#4181,#4182);
#4181 = CARTESIAN_POINT('',(-0.582869518213,-0.491899124661));
#4182 = VECTOR('',#4183,1.);
#4183 = DIRECTION('',(0.130465827617,0.991452806655));
#4184 = ( GEOMETRIC_REPRESENTATION_CONTEXT(2) 
PARAMETRIC_REPRESENTATION_CONTEXT() REPRESENTATION_CONTEXT('2D SPACE',''
  ) );
#4185 = PCURVE('',#546,#4186);
#4186 = DEFINITIONAL_REPRESENTATION('',(#4187),#4191);
#4187 = LINE('',#4188,#4189);
#4188 = CARTESIAN_POINT('',(7.715932623935,-5.E-02));
#4189 = VECTOR('',#4190,1.);
#4190 = DIRECTION('',(-0.230401317327,-0.973095695692));
#4191 = ( GEOMETRIC_REPRESENTATION_CONTEXT(2) 
PARAMETRIC_REPRESENTATION_CONTEXT() REPRESENTATION_CONTEXT('2D SPACE',''
  ) );
#4192 = ORIENTED_EDGE('',*,*,#4193,.F.);
#4193 = EDGE_CURVE('',#4147,#4171,#4194,.T.);
#4194 = SURFACE_CURVE('',#4195,(#4199,#4206),.PCURVE_S1.);
#4195 = LINE('',#4196,#4197);
#4196 = CARTESIAN_POINT('',(1.372188558247,5.E-02,-2.914613262444));
#4197 = VECTOR('',#4198,1.);
#4198 = DIRECTION('',(0.824230320152,0.,0.566254694764));
#4199 = PCURVE('',#4129,#4200);
#4200 = DEFINITIONAL_REPRESENTATION('',(#4201),#4205);
#4201 = LINE('',#4202,#4203);
#4202 = CARTESIAN_POINT('',(0.530668068689,-0.491899124661));
#4203 = VECTOR('',#4204,1.);
#4204 = DIRECTION('',(-1.,-9.159579525792E-17));
#4205 = ( GEOMETRIC_REPRESENTATION_CONTEXT(2) 
PARAMETRIC_REPRESENTATION_CONTEXT() REPRESENTATION_CONTEXT('2D SPACE',''
  ) );
#4206 = PCURVE('',#518,#4207);
#4207 = DEFINITIONAL_REPRESENTATION('',(#4208),#4212);
#4208 = LINE('',#4209,#4210);
#4209 = CARTESIAN_POINT('',(0.522373286099,0.269160559147));
#4210 = VECTOR('',#4211,1.);
#4211 = DIRECTION('',(-1.,-1.539726857408E-17));
#4212 = ( GEOMETRIC_REPRESENTATION_CONTEXT(2) 
PARAMETRIC_REPRESENTATION_CONTEXT() REPRESENTATION_CONTEXT('2D SPACE',''
  ) );
#4213 = ADVANCED_FACE('',(#4214),#3017,.T.);
#4214 = FACE_BOUND('',#4215,.T.);
#4215 = EDGE_LOOP('',(#4216,#4217,#4218,#4219));
#4216 = ORIENTED_EDGE('',*,*,#4046,.T.);
#4217 = ORIENTED_EDGE('',*,*,#3547,.T.);
#4218 = ORIENTED_EDGE('',*,*,#3161,.F.);
#4219 = ORIENTED_EDGE('',*,*,#2999,.F.);
#4220 = ADVANCED_FACE('',(#4221),#2936,.T.);
#4221 = FACE_BOUND('',#4222,.T.);
#4222 = EDGE_LOOP('',(#4223,#4244,#4245,#4246));
#4223 = ORIENTED_EDGE('',*,*,#4224,.F.);
#4224 = EDGE_CURVE('',#2921,#4147,#4225,.T.);
#4225 = SURFACE_CURVE('',#4226,(#4230,#4237),.PCURVE_S1.);
#4226 = LINE('',#4227,#4228);
#4227 = CARTESIAN_POINT('',(3.E-02,5.E-02,-3.167793357763));
#4228 = VECTOR('',#4229,1.);
#4229 = DIRECTION('',(0.98267006022,0.,0.185363299355));
#4230 = PCURVE('',#2936,#4231);
#4231 = DEFINITIONAL_REPRESENTATION('',(#4232),#4236);
#4232 = LINE('',#4233,#4234);
#4233 = CARTESIAN_POINT('',(0.193459461637,0.834314396063));
#4234 = VECTOR('',#4235,1.);
#4235 = DIRECTION('',(3.559186733369E-02,-0.999366408771));
#4236 = ( GEOMETRIC_REPRESENTATION_CONTEXT(2) 
PARAMETRIC_REPRESENTATION_CONTEXT() REPRESENTATION_CONTEXT('2D SPACE',''
  ) );
#4237 = PCURVE('',#2362,#4238);
#4238 = DEFINITIONAL_REPRESENTATION('',(#4239),#4243);
#4239 = LINE('',#4240,#4241);
#4240 = CARTESIAN_POINT('',(-0.32442824648,0.78895103893));
#4241 = VECTOR('',#4242,1.);
#4242 = DIRECTION('',(7.355728188115E-02,-0.997290993784));
#4243 = ( GEOMETRIC_REPRESENTATION_CONTEXT(2) 
PARAMETRIC_REPRESENTATION_CONTEXT() REPRESENTATION_CONTEXT('2D SPACE',''
  ) );
#4244 = ORIENTED_EDGE('',*,*,#2918,.F.);
#4245 = ORIENTED_EDGE('',*,*,#3110,.T.);
#4246 = ORIENTED_EDGE('',*,*,#4146,.T.);
#4247 = ADVANCED_FACE('',(#4248),#2854,.T.);
#4248 = FACE_BOUND('',#4249,.T.);
#4249 = EDGE_LOOP('',(#4250,#4271,#4272,#4273));
#4250 = ORIENTED_EDGE('',*,*,#4251,.F.);
#4251 = EDGE_CURVE('',#3997,#2780,#4252,.T.);
#4252 = SURFACE_CURVE('',#4253,(#4257,#4264),.PCURVE_S1.);
#4253 = LINE('',#4254,#4255);
#4254 = CARTESIAN_POINT('',(-2.538622460135,1.48,-2.307316196834));
#4255 = VECTOR('',#4256,1.);
#4256 = DIRECTION('',(-3.181302273049E-03,-0.99999080322,
    -2.876245890702E-03));
#4257 = PCURVE('',#2854,#4258);
#4258 = DEFINITIONAL_REPRESENTATION('',(#4259),#4263);
#4259 = LINE('',#4260,#4261);
#4260 = CARTESIAN_POINT('',(0.551059513109,0.227920062411));
#4261 = VECTOR('',#4262,1.);
#4262 = DIRECTION('',(1.235653423822E-03,-0.99999923658));
#4263 = ( GEOMETRIC_REPRESENTATION_CONTEXT(2) 
PARAMETRIC_REPRESENTATION_CONTEXT() REPRESENTATION_CONTEXT('2D SPACE',''
  ) );
#4264 = PCURVE('',#2795,#4265);
#4265 = DEFINITIONAL_REPRESENTATION('',(#4266),#4270);
#4266 = LINE('',#4267,#4268);
#4267 = CARTESIAN_POINT('',(0.52235328862,-0.229760782175));
#4268 = VECTOR('',#4269,1.);
#4269 = DIRECTION('',(5.347699101567E-04,0.999999857011));
#4270 = ( GEOMETRIC_REPRESENTATION_CONTEXT(2) 
PARAMETRIC_REPRESENTATION_CONTEXT() REPRESENTATION_CONTEXT('2D SPACE',''
  ) );
#4271 = ORIENTED_EDGE('',*,*,#4067,.T.);
#4272 = ORIENTED_EDGE('',*,*,#3056,.F.);
#4273 = ORIENTED_EDGE('',*,*,#2838,.F.);
#4274 = ADVANCED_FACE('',(#4275),#2795,.T.);
#4275 = FACE_BOUND('',#4276,.T.);
#4276 = EDGE_LOOP('',(#4277,#4278,#4279,#4280));
#4277 = ORIENTED_EDGE('',*,*,#4019,.T.);
#4278 = ORIENTED_EDGE('',*,*,#4251,.T.);
#4279 = ORIENTED_EDGE('',*,*,#2779,.F.);
#4280 = ORIENTED_EDGE('',*,*,#3849,.T.);
#4281 = ADVANCED_FACE('',(#4282),#2767,.T.);
#4282 = FACE_BOUND('',#4283,.T.);
#4283 = EDGE_LOOP('',(#4284,#4285,#4286,#4307));
#4284 = ORIENTED_EDGE('',*,*,#3804,.T.);
#4285 = ORIENTED_EDGE('',*,*,#2751,.F.);
#4286 = ORIENTED_EDGE('',*,*,#4287,.T.);
#4287 = EDGE_CURVE('',#2671,#3896,#4288,.T.);
#4288 = SURFACE_CURVE('',#4289,(#4293,#4300),.PCURVE_S1.);
#4289 = LINE('',#4290,#4291);
#4290 = CARTESIAN_POINT('',(-3.158083134045,5.E-02,-1.178919451483));
#4291 = VECTOR('',#4292,1.);
#4292 = DIRECTION('',(-0.204689508707,0.,0.978826953565));
#4293 = PCURVE('',#2767,#4294);
#4294 = DEFINITIONAL_REPRESENTATION('',(#4295),#4299);
#4295 = LINE('',#4296,#4297);
#4296 = CARTESIAN_POINT('',(0.521109323482,-0.716036273384));
#4297 = VECTOR('',#4298,1.);
#4298 = DIRECTION('',(-4.232128165893E-02,0.999104053199));
#4299 = ( GEOMETRIC_REPRESENTATION_CONTEXT(2) 
PARAMETRIC_REPRESENTATION_CONTEXT() REPRESENTATION_CONTEXT('2D SPACE',''
  ) );
#4300 = PCURVE('',#2686,#4301);
#4301 = DEFINITIONAL_REPRESENTATION('',(#4302),#4306);
#4302 = LINE('',#4303,#4304);
#4303 = CARTESIAN_POINT('',(-0.491870873168,-0.807800574998));
#4304 = VECTOR('',#4305,1.);
#4305 = DIRECTION('',(-8.660427401437E-02,0.996242791554));
#4306 = ( GEOMETRIC_REPRESENTATION_CONTEXT(2) 
PARAMETRIC_REPRESENTATION_CONTEXT() REPRESENTATION_CONTEXT('2D SPACE',''
  ) );
#4307 = ORIENTED_EDGE('',*,*,#3895,.T.);
#4308 = ADVANCED_FACE('',(#4309),#2686,.T.);
#4309 = FACE_BOUND('',#4310,.T.);
#4310 = EDGE_LOOP('',(#4311,#4334,#4355,#4356));
#4311 = ORIENTED_EDGE('',*,*,#4312,.F.);
#4312 = EDGE_CURVE('',#4313,#2590,#4315,.T.);
#4313 = VERTEX_POINT('',#4314);
#4314 = CARTESIAN_POINT('',(-3.048196087998,-0.72,1.5E-02));
#4315 = SURFACE_CURVE('',#4316,(#4320,#4327),.PCURVE_S1.);
#4316 = LINE('',#4317,#4318);
#4317 = CARTESIAN_POINT('',(-3.048196087998,-0.72,1.5E-02));
#4318 = VECTOR('',#4319,1.);
#4319 = DIRECTION('',(0.204689508707,0.,-0.978826953565));
#4320 = PCURVE('',#2686,#4321);
#4321 = DEFINITIONAL_REPRESENTATION('',(#4322),#4326);
#4322 = LINE('',#4323,#4324);
#4323 = CARTESIAN_POINT('',(0.252306066261,0.407361760799));
#4324 = VECTOR('',#4325,1.);
#4325 = DIRECTION('',(8.660427401437E-02,-0.996242791554));
#4326 = ( GEOMETRIC_REPRESENTATION_CONTEXT(2) 
PARAMETRIC_REPRESENTATION_CONTEXT() REPRESENTATION_CONTEXT('2D SPACE',''
  ) );
#4327 = PCURVE('',#2607,#4328);
#4328 = DEFINITIONAL_REPRESENTATION('',(#4329),#4333);
#4329 = LINE('',#4330,#4331);
#4330 = CARTESIAN_POINT('',(-0.669314483728,0.297506285897));
#4331 = VECTOR('',#4332,1.);
#4332 = DIRECTION('',(0.132210001567,-0.991221728719));
#4333 = ( GEOMETRIC_REPRESENTATION_CONTEXT(2) 
PARAMETRIC_REPRESENTATION_CONTEXT() REPRESENTATION_CONTEXT('2D SPACE',''
  ) );
#4334 = ORIENTED_EDGE('',*,*,#4335,.T.);
#4335 = EDGE_CURVE('',#4313,#3896,#4336,.T.);
#4336 = SURFACE_CURVE('',#4337,(#4341,#4348),.PCURVE_S1.);
#4337 = LINE('',#4338,#4339);
#4338 = CARTESIAN_POINT('',(-3.048196087998,-0.72,1.5E-02));
#4339 = VECTOR('',#4340,1.);
#4340 = DIRECTION('',(-0.423100698034,0.906082666937,4.694995596201E-17)
  );
#4341 = PCURVE('',#2686,#4342);
#4342 = DEFINITIONAL_REPRESENTATION('',(#4343),#4347);
#4343 = LINE('',#4344,#4345);
#4344 = CARTESIAN_POINT('',(0.252306066261,0.407361760799));
#4345 = VECTOR('',#4346,1.);
#4346 = DIRECTION('',(-1.,4.171000634915E-17));
#4347 = ( GEOMETRIC_REPRESENTATION_CONTEXT(2) 
PARAMETRIC_REPRESENTATION_CONTEXT() REPRESENTATION_CONTEXT('2D SPACE',''
  ) );
#4348 = PCURVE('',#881,#4349);
#4349 = DEFINITIONAL_REPRESENTATION('',(#4350),#4354);
#4350 = LINE('',#4351,#4352);
#4351 = CARTESIAN_POINT('',(0.528036903855,-0.721957945009));
#4352 = VECTOR('',#4353,1.);
#4353 = DIRECTION('',(-1.,3.592751024935E-17));
#4354 = ( GEOMETRIC_REPRESENTATION_CONTEXT(2) 
PARAMETRIC_REPRESENTATION_CONTEXT() REPRESENTATION_CONTEXT('2D SPACE',''
  ) );
#4355 = ORIENTED_EDGE('',*,*,#4287,.F.);
#4356 = ORIENTED_EDGE('',*,*,#2670,.F.);
#4357 = ADVANCED_FACE('',(#4358),#2607,.T.);
#4358 = FACE_BOUND('',#4359,.T.);
#4359 = EDGE_LOOP('',(#4360,#4383,#4384,#4385));
#4360 = ORIENTED_EDGE('',*,*,#4361,.F.);
#4361 = EDGE_CURVE('',#4313,#4362,#4364,.T.);
#4362 = VERTEX_POINT('',#4363);
#4363 = CARTESIAN_POINT('',(-2.405182578982,-1.48,1.5E-02));
#4364 = SURFACE_CURVE('',#4365,(#4369,#4376),.PCURVE_S1.);
#4365 = LINE('',#4366,#4367);
#4366 = CARTESIAN_POINT('',(-3.048196087998,-0.72,1.5E-02));
#4367 = VECTOR('',#4368,1.);
#4368 = DIRECTION('',(0.645905119426,-0.763417694777,-7.144350326493E-17
    ));
#4369 = PCURVE('',#2607,#4370);
#4370 = DEFINITIONAL_REPRESENTATION('',(#4371),#4375);
#4371 = LINE('',#4372,#4373);
#4372 = CARTESIAN_POINT('',(-0.669314483728,0.297506285897));
#4373 = VECTOR('',#4374,1.);
#4374 = DIRECTION('',(1.,-6.114490920569E-17));
#4375 = ( GEOMETRIC_REPRESENTATION_CONTEXT(2) 
PARAMETRIC_REPRESENTATION_CONTEXT() REPRESENTATION_CONTEXT('2D SPACE',''
  ) );
#4376 = PCURVE('',#940,#4377);
#4377 = DEFINITIONAL_REPRESENTATION('',(#4378),#4382);
#4378 = LINE('',#4379,#4380);
#4379 = CARTESIAN_POINT('',(-0.401199176246,-0.628089712346));
#4380 = VECTOR('',#4381,1.);
#4381 = DIRECTION('',(1.,-6.240546404147E-17));
#4382 = ( GEOMETRIC_REPRESENTATION_CONTEXT(2) 
PARAMETRIC_REPRESENTATION_CONTEXT() REPRESENTATION_CONTEXT('2D SPACE',''
  ) );
#4383 = ORIENTED_EDGE('',*,*,#4312,.T.);
#4384 = ORIENTED_EDGE('',*,*,#2589,.T.);
#4385 = ORIENTED_EDGE('',*,*,#4386,.T.);
#4386 = EDGE_CURVE('',#2592,#4362,#4387,.T.);
#4387 = SURFACE_CURVE('',#4388,(#4392,#4399),.PCURVE_S1.);
#4388 = LINE('',#4389,#4390);
#4389 = CARTESIAN_POINT('',(-2.228325823097,-1.48,-0.83073049529));
#4390 = VECTOR('',#4391,1.);
#4391 = DIRECTION('',(-0.204689508707,0.,0.978826953565));
#4392 = PCURVE('',#2607,#4393);
#4393 = DEFINITIONAL_REPRESENTATION('',(#4394),#4398);
#4394 = LINE('',#4395,#4396);
#4395 = CARTESIAN_POINT('',(0.440441365668,-0.55893359913));
#4396 = VECTOR('',#4397,1.);
#4397 = DIRECTION('',(-0.132210001567,0.991221728719));
#4398 = ( GEOMETRIC_REPRESENTATION_CONTEXT(2) 
PARAMETRIC_REPRESENTATION_CONTEXT() REPRESENTATION_CONTEXT('2D SPACE',''
  ) );
#4399 = PCURVE('',#1214,#4400);
#4400 = DEFINITIONAL_REPRESENTATION('',(#4401),#4405);
#4401 = LINE('',#4402,#4403);
#4402 = CARTESIAN_POINT('',(0.592503385063,0.356153413157));
#4403 = VECTOR('',#4404,1.);
#4404 = DIRECTION('',(0.171988627371,-0.985098935161));
#4405 = ( GEOMETRIC_REPRESENTATION_CONTEXT(2) 
PARAMETRIC_REPRESENTATION_CONTEXT() REPRESENTATION_CONTEXT('2D SPACE',''
  ) );
#4406 = ADVANCED_FACE('',(#4407),#2524,.T.);
#4407 = FACE_BOUND('',#4408,.T.);
#4408 = EDGE_LOOP('',(#4409,#4410,#4431,#4432));
#4409 = ORIENTED_EDGE('',*,*,#2894,.T.);
#4410 = ORIENTED_EDGE('',*,*,#4411,.T.);
#4411 = EDGE_CURVE('',#2867,#2428,#4412,.T.);
#4412 = SURFACE_CURVE('',#4413,(#4417,#4424),.PCURVE_S1.);
#4413 = LINE('',#4414,#4415);
#4414 = CARTESIAN_POINT('',(-1.303997335447,5.E-02,-2.896734168777));
#4415 = VECTOR('',#4416,1.);
#4416 = DIRECTION('',(0.166156848889,-0.916984366209,0.362672819076));
#4417 = PCURVE('',#2524,#4418);
#4418 = DEFINITIONAL_REPRESENTATION('',(#4419),#4423);
#4419 = LINE('',#4420,#4421);
#4420 = CARTESIAN_POINT('',(-0.522671686593,0.269406969163));
#4421 = VECTOR('',#4422,1.);
#4422 = DIRECTION('',(4.531992405519E-02,-0.998972524389));
#4423 = ( GEOMETRIC_REPRESENTATION_CONTEXT(2) 
PARAMETRIC_REPRESENTATION_CONTEXT() REPRESENTATION_CONTEXT('2D SPACE',''
  ) );
#4424 = PCURVE('',#2443,#4425);
#4425 = DEFINITIONAL_REPRESENTATION('',(#4426),#4430);
#4426 = LINE('',#4427,#4428);
#4427 = CARTESIAN_POINT('',(-0.491149171851,0.891386957216));
#4428 = VECTOR('',#4429,1.);
#4429 = DIRECTION('',(0.98561226172,-0.169022097807));
#4430 = ( GEOMETRIC_REPRESENTATION_CONTEXT(2) 
PARAMETRIC_REPRESENTATION_CONTEXT() REPRESENTATION_CONTEXT('2D SPACE',''
  ) );
#4431 = ORIENTED_EDGE('',*,*,#2508,.T.);
#4432 = ORIENTED_EDGE('',*,*,#2726,.F.);
#4433 = ADVANCED_FACE('',(#4434),#2443,.T.);
#4434 = FACE_BOUND('',#4435,.T.);
#4435 = EDGE_LOOP('',(#4436,#4457,#4458,#4459));
#4436 = ORIENTED_EDGE('',*,*,#4437,.T.);
#4437 = EDGE_CURVE('',#2921,#2347,#4438,.T.);
#4438 = SURFACE_CURVE('',#4439,(#4443,#4450),.PCURVE_S1.);
#4439 = LINE('',#4440,#4441);
#4440 = CARTESIAN_POINT('',(3.E-02,5.E-02,-3.167793357763));
#4441 = VECTOR('',#4442,1.);
#4442 = DIRECTION('',(7.858058397604E-17,-0.917893141252,0.396827646773)
  );
#4443 = PCURVE('',#2443,#4444);
#4444 = DEFINITIONAL_REPRESENTATION('',(#4445),#4449);
#4445 = LINE('',#4446,#4447);
#4446 = CARTESIAN_POINT('',(-0.598712951952,-0.465614151156));
#4447 = VECTOR('',#4448,1.);
#4448 = DIRECTION('',(1.,-8.179995846458E-17));
#4449 = ( GEOMETRIC_REPRESENTATION_CONTEXT(2) 
PARAMETRIC_REPRESENTATION_CONTEXT() REPRESENTATION_CONTEXT('2D SPACE',''
  ) );
#4450 = PCURVE('',#2362,#4451);
#4451 = DEFINITIONAL_REPRESENTATION('',(#4452),#4456);
#4452 = LINE('',#4453,#4454);
#4453 = CARTESIAN_POINT('',(-0.32442824648,0.78895103893));
#4454 = VECTOR('',#4455,1.);
#4455 = DIRECTION('',(1.,-8.917876797673E-17));
#4456 = ( GEOMETRIC_REPRESENTATION_CONTEXT(2) 
PARAMETRIC_REPRESENTATION_CONTEXT() REPRESENTATION_CONTEXT('2D SPACE',''
  ) );
#4457 = ORIENTED_EDGE('',*,*,#2427,.T.);
#4458 = ORIENTED_EDGE('',*,*,#4411,.F.);
#4459 = ORIENTED_EDGE('',*,*,#2948,.T.);
#4460 = ADVANCED_FACE('',(#4461),#2362,.T.);
#4461 = FACE_BOUND('',#4462,.T.);
#4462 = EDGE_LOOP('',(#4463,#4464,#4485,#4486));
#4463 = ORIENTED_EDGE('',*,*,#4224,.T.);
#4464 = ORIENTED_EDGE('',*,*,#4465,.T.);
#4465 = EDGE_CURVE('',#4147,#2271,#4466,.T.);
#4466 = SURFACE_CURVE('',#4467,(#4471,#4478),.PCURVE_S1.);
#4467 = LINE('',#4468,#4469);
#4468 = CARTESIAN_POINT('',(1.372188558247,5.E-02,-2.914613262444));
#4469 = VECTOR('',#4470,1.);
#4470 = DIRECTION('',(-0.167013489351,-0.916086880519,0.36454261989));
#4471 = PCURVE('',#2362,#4472);
#4472 = DEFINITIONAL_REPRESENTATION('',(#4473),#4477);
#4473 = LINE('',#4474,#4475);
#4474 = CARTESIAN_POINT('',(-0.223959385045,-0.573207650224));
#4475 = VECTOR('',#4476,1.);
#4476 = DIRECTION('',(0.985530454418,0.169498446643));
#4477 = ( GEOMETRIC_REPRESENTATION_CONTEXT(2) 
PARAMETRIC_REPRESENTATION_CONTEXT() REPRESENTATION_CONTEXT('2D SPACE',''
  ) );
#4478 = PCURVE('',#518,#4479);
#4479 = DEFINITIONAL_REPRESENTATION('',(#4480),#4484);
#4480 = LINE('',#4481,#4482);
#4481 = CARTESIAN_POINT('',(0.522373286099,0.269160559147));
#4482 = VECTOR('',#4483,1.);
#4483 = DIRECTION('',(-6.876638815706E-02,-0.997632790089));
#4484 = ( GEOMETRIC_REPRESENTATION_CONTEXT(2) 
PARAMETRIC_REPRESENTATION_CONTEXT() REPRESENTATION_CONTEXT('2D SPACE',''
  ) );
#4485 = ORIENTED_EDGE('',*,*,#2346,.T.);
#4486 = ORIENTED_EDGE('',*,*,#4437,.F.);
#4487 = ADVANCED_FACE('',(#4488),#1613,.T.);
#4488 = FACE_BOUND('',#4489,.T.);
#4489 = EDGE_LOOP('',(#4490,#4511,#4512,#4513));
#4490 = ORIENTED_EDGE('',*,*,#4491,.T.);
#4491 = EDGE_CURVE('',#1541,#2119,#4492,.T.);
#4492 = SURFACE_CURVE('',#4493,(#4497,#4504),.PCURVE_S1.);
#4493 = LINE('',#4494,#4495);
#4494 = CARTESIAN_POINT('',(1.422473176031,-2.08,-0.506473481283));
#4495 = VECTOR('',#4496,1.);
#4496 = DIRECTION('',(0.783996986681,0.546942669071,-0.293602523192));
#4497 = PCURVE('',#1613,#4498);
#4498 = DEFINITIONAL_REPRESENTATION('',(#4499),#4503);
#4499 = LINE('',#4500,#4501);
#4500 = CARTESIAN_POINT('',(0.731263353228,8.062933992534E-02));
#4501 = VECTOR('',#4502,1.);
#4502 = DIRECTION('',(-0.954846883226,0.297098350034));
#4503 = ( GEOMETRIC_REPRESENTATION_CONTEXT(2) 
PARAMETRIC_REPRESENTATION_CONTEXT() REPRESENTATION_CONTEXT('2D SPACE',''
  ) );
#4504 = PCURVE('',#1556,#4505);
#4505 = DEFINITIONAL_REPRESENTATION('',(#4506),#4510);
#4506 = LINE('',#4507,#4508);
#4507 = CARTESIAN_POINT('',(0.414573037386,-0.61036840102));
#4508 = VECTOR('',#4509,1.);
#4509 = DIRECTION('',(-0.949966880365,0.312350646245));
#4510 = ( GEOMETRIC_REPRESENTATION_CONTEXT(2) 
PARAMETRIC_REPRESENTATION_CONTEXT() REPRESENTATION_CONTEXT('2D SPACE',''
  ) );
#4511 = ORIENTED_EDGE('',*,*,#2170,.F.);
#4512 = ORIENTED_EDGE('',*,*,#2018,.T.);
#4513 = ORIENTED_EDGE('',*,*,#1597,.F.);
#4514 = ADVANCED_FACE('',(#4515),#1556,.T.);
#4515 = FACE_BOUND('',#4516,.T.);
#4516 = EDGE_LOOP('',(#4517,#4538,#4539,#4540));
#4517 = ORIENTED_EDGE('',*,*,#4518,.F.);
#4518 = EDGE_CURVE('',#2219,#1485,#4519,.T.);
#4519 = SURFACE_CURVE('',#4520,(#4524,#4531),.PCURVE_S1.);
#4520 = LINE('',#4521,#4522);
#4521 = CARTESIAN_POINT('',(1.744777252613,-1.48,-1.535346557157));
#4522 = VECTOR('',#4523,1.);
#4523 = DIRECTION('',(-0.613460182155,-0.56218000945,0.554635233181));
#4524 = PCURVE('',#1556,#4525);
#4525 = DEFINITIONAL_REPRESENTATION('',(#4526),#4530);
#4526 = LINE('',#4527,#4528);
#4527 = CARTESIAN_POINT('',(-0.15496304168,0.484203834459));
#4528 = VECTOR('',#4529,1.);
#4529 = DIRECTION('',(0.807365449408,-0.590051719006));
#4530 = ( GEOMETRIC_REPRESENTATION_CONTEXT(2) 
PARAMETRIC_REPRESENTATION_CONTEXT() REPRESENTATION_CONTEXT('2D SPACE',''
  ) );
#4531 = PCURVE('',#1500,#4532);
#4532 = DEFINITIONAL_REPRESENTATION('',(#4533),#4537);
#4533 = LINE('',#4534,#4535);
#4534 = CARTESIAN_POINT('',(0.137821264482,0.519775938379));
#4535 = VECTOR('',#4536,1.);
#4536 = DIRECTION('',(-0.761197869376,-0.648519701827));
#4537 = ( GEOMETRIC_REPRESENTATION_CONTEXT(2) 
PARAMETRIC_REPRESENTATION_CONTEXT() REPRESENTATION_CONTEXT('2D SPACE',''
  ) );
#4538 = ORIENTED_EDGE('',*,*,#2218,.F.);
#4539 = ORIENTED_EDGE('',*,*,#4491,.F.);
#4540 = ORIENTED_EDGE('',*,*,#1540,.F.);
#4541 = ADVANCED_FACE('',(#4542),#1500,.T.);
#4542 = FACE_BOUND('',#4543,.T.);
#4543 = EDGE_LOOP('',(#4544,#4545,#4546,#4547));
#4544 = ORIENTED_EDGE('',*,*,#2322,.F.);
#4545 = ORIENTED_EDGE('',*,*,#4518,.T.);
#4546 = ORIENTED_EDGE('',*,*,#1484,.F.);
#4547 = ORIENTED_EDGE('',*,*,#4548,.F.);
#4548 = EDGE_CURVE('',#2273,#1427,#4549,.T.);
#4549 = SURFACE_CURVE('',#4550,(#4554,#4561),.PCURVE_S1.);
#4550 = LINE('',#4551,#4552);
#4551 = CARTESIAN_POINT('',(0.980759109192,-1.48,-2.060234868129));
#4552 = VECTOR('',#4553,1.);
#4553 = DIRECTION('',(-0.343076666593,-0.567044861992,0.748838116903));
#4554 = PCURVE('',#1500,#4555);
#4555 = DEFINITIONAL_REPRESENTATION('',(#4556),#4560);
#4556 = LINE('',#4557,#4558);
#4557 = CARTESIAN_POINT('',(0.592663061702,-0.287906178529));
#4558 = VECTOR('',#4559,1.);
#4559 = DIRECTION('',(-0.931912319148,-0.362683649233));
#4560 = ( GEOMETRIC_REPRESENTATION_CONTEXT(2) 
PARAMETRIC_REPRESENTATION_CONTEXT() REPRESENTATION_CONTEXT('2D SPACE',''
  ) );
#4561 = PCURVE('',#1442,#4562);
#4562 = DEFINITIONAL_REPRESENTATION('',(#4563),#4567);
#4563 = LINE('',#4564,#4565);
#4564 = CARTESIAN_POINT('',(0.275547480836,0.628732591572));
#4565 = VECTOR('',#4566,1.);
#4566 = DIRECTION('',(-0.938578206142,-0.345066589162));
#4567 = ( GEOMETRIC_REPRESENTATION_CONTEXT(2) 
PARAMETRIC_REPRESENTATION_CONTEXT() REPRESENTATION_CONTEXT('2D SPACE',''
  ) );
#4568 = ADVANCED_FACE('',(#4569),#1442,.T.);
#4569 = FACE_BOUND('',#4570,.T.);
#4570 = EDGE_LOOP('',(#4571,#4592,#4593,#4594));
#4571 = ORIENTED_EDGE('',*,*,#4572,.F.);
#4572 = EDGE_CURVE('',#2376,#1371,#4573,.T.);
#4573 = SURFACE_CURVE('',#4574,(#4578,#4585),.PCURVE_S1.);
#4574 = LINE('',#4575,#4576);
#4575 = CARTESIAN_POINT('',(3.E-02,-1.48,-2.23957873186));
#4576 = VECTOR('',#4577,1.);
#4577 = DIRECTION('',(1.65321491461E-16,-0.571808108037,0.820387400917)
  );
#4578 = PCURVE('',#1442,#4579);
#4579 = DEFINITIONAL_REPRESENTATION('',(#4580),#4584);
#4580 = LINE('',#4581,#4582);
#4581 = CARTESIAN_POINT('',(0.422678927072,-0.327541136342));
#4582 = VECTOR('',#4583,1.);
#4583 = DIRECTION('',(-1.,1.544762163255E-16));
#4584 = ( GEOMETRIC_REPRESENTATION_CONTEXT(2) 
PARAMETRIC_REPRESENTATION_CONTEXT() REPRESENTATION_CONTEXT('2D SPACE',''
  ) );
#4585 = PCURVE('',#1386,#4586);
#4586 = DEFINITIONAL_REPRESENTATION('',(#4587),#4591);
#4587 = LINE('',#4588,#4589);
#4588 = CARTESIAN_POINT('',(0.426006013929,0.325210396558));
#4589 = VECTOR('',#4590,1.);
#4590 = DIRECTION('',(-1.,1.636538548414E-16));
#4591 = ( GEOMETRIC_REPRESENTATION_CONTEXT(2) 
PARAMETRIC_REPRESENTATION_CONTEXT() REPRESENTATION_CONTEXT('2D SPACE',''
  ) );
#4592 = ORIENTED_EDGE('',*,*,#2375,.F.);
#4593 = ORIENTED_EDGE('',*,*,#4548,.T.);
#4594 = ORIENTED_EDGE('',*,*,#1426,.F.);
#4595 = ADVANCED_FACE('',(#4596),#1386,.T.);
#4596 = FACE_BOUND('',#4597,.T.);
#4597 = EDGE_LOOP('',(#4598,#4599,#4600,#4621));
#4598 = ORIENTED_EDGE('',*,*,#4572,.T.);
#4599 = ORIENTED_EDGE('',*,*,#1370,.F.);
#4600 = ORIENTED_EDGE('',*,*,#4601,.T.);
#4601 = EDGE_CURVE('',#1313,#2457,#4602,.T.);
#4602 = SURFACE_CURVE('',#4603,(#4607,#4614),.PCURVE_S1.);
#4603 = LINE('',#4604,#4605);
#4604 = CARTESIAN_POINT('',(-0.554156807323,-2.08,-1.260047026415));
#4605 = VECTOR('',#4606,1.);
#4606 = DIRECTION('',(-0.342399238322,0.569400177209,-0.747359484981));
#4607 = PCURVE('',#1386,#4608);
#4608 = DEFINITIONAL_REPRESENTATION('',(#4609),#4613);
#4609 = LINE('',#4610,#4611);
#4610 = CARTESIAN_POINT('',(-0.720674320839,-0.262876116951));
#4611 = VECTOR('',#4612,1.);
#4612 = DIRECTION('',(0.93871194348,-0.344702606849));
#4613 = ( GEOMETRIC_REPRESENTATION_CONTEXT(2) 
PARAMETRIC_REPRESENTATION_CONTEXT() REPRESENTATION_CONTEXT('2D SPACE',''
  ) );
#4614 = PCURVE('',#1328,#4615);
#4615 = DEFINITIONAL_REPRESENTATION('',(#4616),#4620);
#4616 = LINE('',#4617,#4618);
#4617 = CARTESIAN_POINT('',(-0.311610661923,0.315313944115));
#4618 = VECTOR('',#4619,1.);
#4619 = DIRECTION('',(0.933556155112,-0.358431172267));
#4620 = ( GEOMETRIC_REPRESENTATION_CONTEXT(2) 
PARAMETRIC_REPRESENTATION_CONTEXT() REPRESENTATION_CONTEXT('2D SPACE',''
  ) );
#4621 = ORIENTED_EDGE('',*,*,#2456,.F.);
#4622 = ADVANCED_FACE('',(#4623),#1328,.T.);
#4623 = FACE_BOUND('',#4624,.T.);
#4624 = EDGE_LOOP('',(#4625,#4626,#4627,#4648));
#4625 = ORIENTED_EDGE('',*,*,#4601,.F.);
#4626 = ORIENTED_EDGE('',*,*,#1312,.F.);
#4627 = ORIENTED_EDGE('',*,*,#4628,.T.);
#4628 = EDGE_CURVE('',#1257,#2538,#4629,.T.);
#4629 = SURFACE_CURVE('',#4630,(#4634,#4641),.PCURVE_S1.);
#4630 = LINE('',#4631,#4632);
#4631 = CARTESIAN_POINT('',(-1.049369983084,-2.08,-0.96086875183));
#4632 = VECTOR('',#4633,1.);
#4633 = DIRECTION('',(-0.616929162351,0.555238041505,-0.55777157144));
#4634 = PCURVE('',#1328,#4635);
#4635 = DEFINITIONAL_REPRESENTATION('',(#4636),#4640);
#4636 = LINE('',#4637,#4638);
#4637 = CARTESIAN_POINT('',(-0.568524938415,-0.203086271901));
#4638 = VECTOR('',#4639,1.);
#4639 = DIRECTION('',(0.763493738436,-0.645815230053));
#4640 = ( GEOMETRIC_REPRESENTATION_CONTEXT(2) 
PARAMETRIC_REPRESENTATION_CONTEXT() REPRESENTATION_CONTEXT('2D SPACE',''
  ) );
#4641 = PCURVE('',#1272,#4642);
#4642 = DEFINITIONAL_REPRESENTATION('',(#4643),#4647);
#4643 = LINE('',#4644,#4645);
#4644 = CARTESIAN_POINT('',(-0.615310324957,0.188417087384));
#4645 = VECTOR('',#4646,1.);
#4646 = DIRECTION('',(0.80835667021,0.588693038627));
#4647 = ( GEOMETRIC_REPRESENTATION_CONTEXT(2) 
PARAMETRIC_REPRESENTATION_CONTEXT() REPRESENTATION_CONTEXT('2D SPACE',''
  ) );
#4648 = ORIENTED_EDGE('',*,*,#2537,.F.);
#4649 = ADVANCED_FACE('',(#4650),#1272,.T.);
#4650 = FACE_BOUND('',#4651,.T.);
#4651 = EDGE_LOOP('',(#4652,#4673,#4674,#4675));
#4652 = ORIENTED_EDGE('',*,*,#4653,.T.);
#4653 = EDGE_CURVE('',#1199,#2592,#4654,.T.);
#4654 = SURFACE_CURVE('',#4655,(#4659,#4666),.PCURVE_S1.);
#4655 = LINE('',#4656,#4657);
#4656 = CARTESIAN_POINT('',(-1.366060108652,-2.08,-0.507816767656));
#4657 = VECTOR('',#4658,1.);
#4658 = DIRECTION('',(-0.784599489711,0.545956641833,-0.293828157235));
#4659 = PCURVE('',#1272,#4660);
#4660 = DEFINITIONAL_REPRESENTATION('',(#4661),#4665);
#4661 = LINE('',#4662,#4663);
#4662 = CARTESIAN_POINT('',(-0.337994540805,-0.289750970788));
#4663 = VECTOR('',#4664,1.);
#4664 = DIRECTION('',(0.950698314848,0.310117258702));
#4665 = ( GEOMETRIC_REPRESENTATION_CONTEXT(2) 
PARAMETRIC_REPRESENTATION_CONTEXT() REPRESENTATION_CONTEXT('2D SPACE',''
  ) );
#4666 = PCURVE('',#1214,#4667);
#4667 = DEFINITIONAL_REPRESENTATION('',(#4668),#4672);
#4668 = LINE('',#4669,#4670);
#4669 = CARTESIAN_POINT('',(-0.457335453769,3.117056702354E-02));
#4670 = VECTOR('',#4671,1.);
#4671 = DIRECTION('',(0.955277478192,0.295710905547));
#4672 = ( GEOMETRIC_REPRESENTATION_CONTEXT(2) 
PARAMETRIC_REPRESENTATION_CONTEXT() REPRESENTATION_CONTEXT('2D SPACE',''
  ) );
#4673 = ORIENTED_EDGE('',*,*,#2646,.F.);
#4674 = ORIENTED_EDGE('',*,*,#4628,.F.);
#4675 = ORIENTED_EDGE('',*,*,#1256,.F.);
#4676 = ADVANCED_FACE('',(#4677),#1214,.T.);
#4677 = FACE_BOUND('',#4678,.T.);
#4678 = EDGE_LOOP('',(#4679,#4680,#4681,#4702));
#4679 = ORIENTED_EDGE('',*,*,#4653,.F.);
#4680 = ORIENTED_EDGE('',*,*,#1198,.F.);
#4681 = ORIENTED_EDGE('',*,*,#4682,.T.);
#4682 = EDGE_CURVE('',#1148,#4362,#4683,.T.);
#4683 = SURFACE_CURVE('',#4684,(#4688,#4695),.PCURVE_S1.);
#4684 = LINE('',#4685,#4686);
#4685 = CARTESIAN_POINT('',(-1.475390064193,-2.08,1.5E-02));
#4686 = VECTOR('',#4687,1.);
#4687 = DIRECTION('',(-0.840241536839,0.542212282939,9.249119032414E-17)
  );
#4688 = PCURVE('',#1214,#4689);
#4689 = DEFINITIONAL_REPRESENTATION('',(#4690),#4694);
#4690 = LINE('',#4691,#4692);
#4691 = CARTESIAN_POINT('',(-0.365471883903,-0.494996228063));
#4692 = VECTOR('',#4693,1.);
#4693 = DIRECTION('',(1.,-6.4935074314E-17));
#4694 = ( GEOMETRIC_REPRESENTATION_CONTEXT(2) 
PARAMETRIC_REPRESENTATION_CONTEXT() REPRESENTATION_CONTEXT('2D SPACE',''
  ) );
#4695 = PCURVE('',#1049,#4696);
#4696 = DEFINITIONAL_REPRESENTATION('',(#4697),#4701);
#4697 = LINE('',#4698,#4699);
#4698 = CARTESIAN_POINT('',(-0.389294320184,0.503347298723));
#4699 = VECTOR('',#4700,1.);
#4700 = DIRECTION('',(1.,-8.471438338413E-17));
#4701 = ( GEOMETRIC_REPRESENTATION_CONTEXT(2) 
PARAMETRIC_REPRESENTATION_CONTEXT() REPRESENTATION_CONTEXT('2D SPACE',''
  ) );
#4702 = ORIENTED_EDGE('',*,*,#4386,.F.);
#4703 = ADVANCED_FACE('',(#4704),#1105,.T.);
#4704 = FACE_BOUND('',#4705,.T.);
#4705 = EDGE_LOOP('',(#4706,#4727,#4728));
#4706 = ORIENTED_EDGE('',*,*,#4707,.T.);
#4707 = EDGE_CURVE('',#1874,#1005,#4708,.T.);
#4708 = SURFACE_CURVE('',#4709,(#4713,#4720),.PCURVE_S1.);
#4709 = LINE('',#4710,#4711);
#4710 = CARTESIAN_POINT('',(-0.54922090003,-2.08,1.279273354281));
#4711 = VECTOR('',#4712,1.);
#4712 = DIRECTION('',(-0.884168269298,0.,-0.467168568685));
#4713 = PCURVE('',#1105,#4714);
#4714 = DEFINITIONAL_REPRESENTATION('',(#4715),#4719);
#4715 = LINE('',#4716,#4717);
#4716 = CARTESIAN_POINT('',(-0.622907236188,-8.822082318097E-02));
#4717 = VECTOR('',#4718,1.);
#4718 = DIRECTION('',(0.457760643099,-0.889075471279));
#4719 = ( GEOMETRIC_REPRESENTATION_CONTEXT(2) 
PARAMETRIC_REPRESENTATION_CONTEXT() REPRESENTATION_CONTEXT('2D SPACE',''
  ) );
#4720 = PCURVE('',#1020,#4721);
#4721 = DEFINITIONAL_REPRESENTATION('',(#4722),#4726);
#4722 = LINE('',#4723,#4724);
#4723 = CARTESIAN_POINT('',(0.497745663895,0.536905049411));
#4724 = VECTOR('',#4725,1.);
#4725 = DIRECTION('',(0.397292393341,-0.917692080272));
#4726 = ( GEOMETRIC_REPRESENTATION_CONTEXT(2) 
PARAMETRIC_REPRESENTATION_CONTEXT() REPRESENTATION_CONTEXT('2D SPACE',''
  ) );
#4727 = ORIENTED_EDGE('',*,*,#1090,.T.);
#4728 = ORIENTED_EDGE('',*,*,#1896,.T.);
#4729 = ADVANCED_FACE('',(#4730),#1049,.T.);
#4730 = FACE_BOUND('',#4731,.T.);
#4731 = EDGE_LOOP('',(#4732,#4733,#4734,#4755));
#4732 = ORIENTED_EDGE('',*,*,#1147,.F.);
#4733 = ORIENTED_EDGE('',*,*,#1033,.F.);
#4734 = ORIENTED_EDGE('',*,*,#4735,.F.);
#4735 = EDGE_CURVE('',#4362,#925,#4736,.T.);
#4736 = SURFACE_CURVE('',#4737,(#4741,#4748),.PCURVE_S1.);
#4737 = LINE('',#4738,#4739);
#4738 = CARTESIAN_POINT('',(-2.405182578982,-1.48,1.5E-02));
#4739 = VECTOR('',#4740,1.);
#4740 = DIRECTION('',(0.149287889294,0.,0.988793773297));
#4741 = PCURVE('',#1049,#4742);
#4742 = DEFINITIONAL_REPRESENTATION('',(#4743),#4747);
#4743 = LINE('',#4744,#4745);
#4744 = CARTESIAN_POINT('',(0.717283341148,0.503347298723));
#4745 = VECTOR('',#4746,1.);
#4746 = DIRECTION('',(-0.125437885532,-0.992101475089));
#4747 = ( GEOMETRIC_REPRESENTATION_CONTEXT(2) 
PARAMETRIC_REPRESENTATION_CONTEXT() REPRESENTATION_CONTEXT('2D SPACE',''
  ) );
#4748 = PCURVE('',#940,#4749);
#4749 = DEFINITIONAL_REPRESENTATION('',(#4750),#4754);
#4750 = LINE('',#4751,#4752);
#4751 = CARTESIAN_POINT('',(0.594323989119,-0.628089712346));
#4752 = VECTOR('',#4753,1.);
#4753 = DIRECTION('',(9.642581196354E-02,0.995340174406));
#4754 = ( GEOMETRIC_REPRESENTATION_CONTEXT(2) 
PARAMETRIC_REPRESENTATION_CONTEXT() REPRESENTATION_CONTEXT('2D SPACE',''
  ) );
#4755 = ORIENTED_EDGE('',*,*,#4682,.F.);
#4756 = ADVANCED_FACE('',(#4757),#1020,.T.);
#4757 = FACE_BOUND('',#4758,.T.);
#4758 = EDGE_LOOP('',(#4759,#4780,#4801,#4802));
#4759 = ORIENTED_EDGE('',*,*,#4760,.F.);
#4760 = EDGE_CURVE('',#57,#1874,#4761,.T.);
#4761 = SURFACE_CURVE('',#4762,(#4766,#4773),.PCURVE_S1.);
#4762 = LINE('',#4763,#4764);
#4763 = CARTESIAN_POINT('',(-0.906972203209,-1.48,2.0601420005));
#4764 = VECTOR('',#4765,1.);
#4765 = DIRECTION('',(0.341453144193,-0.57266566102,-0.745294432428));
#4766 = PCURVE('',#1020,#4767);
#4767 = DEFINITIONAL_REPRESENTATION('',(#4768),#4772);
#4768 = LINE('',#4769,#4770);
#4769 = CARTESIAN_POINT('',(-0.481982108067,0.165589374518));
#4770 = VECTOR('',#4771,1.);
#4771 = DIRECTION('',(0.935094086917,0.354399560684));
#4772 = ( GEOMETRIC_REPRESENTATION_CONTEXT(2) 
PARAMETRIC_REPRESENTATION_CONTEXT() REPRESENTATION_CONTEXT('2D SPACE',''
  ) );
#4773 = PCURVE('',#100,#4774);
#4774 = DEFINITIONAL_REPRESENTATION('',(#4775),#4779);
#4775 = LINE('',#4776,#4777);
#4776 = CARTESIAN_POINT('',(-0.304169894072,-0.446548682439));
#4777 = VECTOR('',#4778,1.);
#4778 = DIRECTION('',(0.939288439561,0.343128587133));
#4779 = ( GEOMETRIC_REPRESENTATION_CONTEXT(2) 
PARAMETRIC_REPRESENTATION_CONTEXT() REPRESENTATION_CONTEXT('2D SPACE',''
  ) );
#4780 = ORIENTED_EDGE('',*,*,#4781,.F.);
#4781 = EDGE_CURVE('',#953,#57,#4782,.T.);
#4782 = SURFACE_CURVE('',#4783,(#4787,#4794),.PCURVE_S1.);
#4783 = LINE('',#4784,#4785);
#4784 = CARTESIAN_POINT('',(-1.743295392203,-1.48,1.618253368293));
#4785 = VECTOR('',#4786,1.);
#4786 = DIRECTION('',(0.884168269298,0.,0.467168568685));
#4787 = PCURVE('',#1020,#4788);
#4788 = DEFINITIONAL_REPRESENTATION('',(#4789),#4793);
#4789 = LINE('',#4790,#4791);
#4790 = CARTESIAN_POINT('',(-0.106188435188,-0.70244354833));
#4791 = VECTOR('',#4792,1.);
#4792 = DIRECTION('',(-0.397292393341,0.917692080272));
#4793 = ( GEOMETRIC_REPRESENTATION_CONTEXT(2) 
PARAMETRIC_REPRESENTATION_CONTEXT() REPRESENTATION_CONTEXT('2D SPACE',''
  ) );
#4794 = PCURVE('',#72,#4795);
#4795 = DEFINITIONAL_REPRESENTATION('',(#4796),#4800);
#4796 = LINE('',#4797,#4798);
#4797 = CARTESIAN_POINT('',(-0.519217980899,0.487118453729));
#4798 = VECTOR('',#4799,1.);
#4799 = DIRECTION('',(0.309129794483,-0.951019857922));
#4800 = ( GEOMETRIC_REPRESENTATION_CONTEXT(2) 
PARAMETRIC_REPRESENTATION_CONTEXT() REPRESENTATION_CONTEXT('2D SPACE',''
  ) );
#4801 = ORIENTED_EDGE('',*,*,#1004,.T.);
#4802 = ORIENTED_EDGE('',*,*,#4707,.F.);
#4803 = ADVANCED_FACE('',(#4804),#940,.T.);
#4804 = FACE_BOUND('',#4805,.T.);
#4805 = EDGE_LOOP('',(#4806,#4807,#4828,#4829));
#4806 = ORIENTED_EDGE('',*,*,#924,.T.);
#4807 = ORIENTED_EDGE('',*,*,#4808,.T.);
#4808 = EDGE_CURVE('',#866,#4313,#4809,.T.);
#4809 = SURFACE_CURVE('',#4810,(#4814,#4821),.PCURVE_S1.);
#4810 = LINE('',#4811,#4812);
#4811 = CARTESIAN_POINT('',(-2.883465544475,-0.72,1.106076687313));
#4812 = VECTOR('',#4813,1.);
#4813 = DIRECTION('',(-0.149287889294,0.,-0.988793773297));
#4814 = PCURVE('',#940,#4815);
#4815 = DEFINITIONAL_REPRESENTATION('',(#4816),#4820);
#4816 = LINE('',#4817,#4818);
#4817 = CARTESIAN_POINT('',(-0.294798874858,0.470210549619));
#4818 = VECTOR('',#4819,1.);
#4819 = DIRECTION('',(-9.642581196354E-02,-0.995340174406));
#4820 = ( GEOMETRIC_REPRESENTATION_CONTEXT(2) 
PARAMETRIC_REPRESENTATION_CONTEXT() REPRESENTATION_CONTEXT('2D SPACE',''
  ) );
#4821 = PCURVE('',#881,#4822);
#4822 = DEFINITIONAL_REPRESENTATION('',(#4823),#4827);
#4823 = LINE('',#4824,#4825);
#4824 = CARTESIAN_POINT('',(0.597734511807,0.379280781614));
#4825 = VECTOR('',#4826,1.);
#4826 = DIRECTION('',(-6.316381016843E-02,-0.998003172883));
#4827 = ( GEOMETRIC_REPRESENTATION_CONTEXT(2) 
PARAMETRIC_REPRESENTATION_CONTEXT() REPRESENTATION_CONTEXT('2D SPACE',''
  ) );
#4828 = ORIENTED_EDGE('',*,*,#4361,.T.);
#4829 = ORIENTED_EDGE('',*,*,#4735,.T.);
#4830 = ADVANCED_FACE('',(#4831),#881,.T.);
#4831 = FACE_BOUND('',#4832,.T.);
#4832 = EDGE_LOOP('',(#4833,#4834,#4835,#4836));
#4833 = ORIENTED_EDGE('',*,*,#865,.F.);
#4834 = ORIENTED_EDGE('',*,*,#3918,.F.);
#4835 = ORIENTED_EDGE('',*,*,#4335,.F.);
#4836 = ORIENTED_EDGE('',*,*,#4808,.F.);
#4837 = ADVANCED_FACE('',(#4838),#853,.T.);
#4838 = FACE_BOUND('',#4839,.T.);
#4839 = EDGE_LOOP('',(#4840,#4841,#4862,#4863));
#4840 = ORIENTED_EDGE('',*,*,#837,.F.);
#4841 = ORIENTED_EDGE('',*,*,#4842,.F.);
#4842 = EDGE_CURVE('',#3676,#816,#4843,.T.);
#4843 = SURFACE_CURVE('',#4844,(#4848,#4855),.PCURVE_S1.);
#4844 = LINE('',#4845,#4846);
#4845 = CARTESIAN_POINT('',(-2.872481175306,0.75,1.97));
#4846 = VECTOR('',#4847,1.);
#4847 = DIRECTION('',(0.246014668169,-0.969266105384,0.));
#4848 = PCURVE('',#853,#4849);
#4849 = DEFINITIONAL_REPRESENTATION('',(#4850),#4854);
#4850 = LINE('',#4851,#4852);
#4851 = CARTESIAN_POINT('',(-0.303545806185,-0.488400580884));
#4852 = VECTOR('',#4853,1.);
#4853 = DIRECTION('',(-0.143516168016,0.989647972523));
#4854 = ( GEOMETRIC_REPRESENTATION_CONTEXT(2) 
PARAMETRIC_REPRESENTATION_CONTEXT() REPRESENTATION_CONTEXT('2D SPACE',''
  ) );
#4855 = PCURVE('',#630,#4856);
#4856 = DEFINITIONAL_REPRESENTATION('',(#4857),#4861);
#4857 = LINE('',#4858,#4859);
#4858 = CARTESIAN_POINT('',(7.127518824694,0.75));
#4859 = VECTOR('',#4860,1.);
#4860 = DIRECTION('',(0.246014668169,-0.969266105384));
#4861 = ( GEOMETRIC_REPRESENTATION_CONTEXT(2) 
PARAMETRIC_REPRESENTATION_CONTEXT() REPRESENTATION_CONTEXT('2D SPACE',''
  ) );
#4862 = ORIENTED_EDGE('',*,*,#3675,.T.);
#4863 = ORIENTED_EDGE('',*,*,#3873,.T.);
#4864 = ADVANCED_FACE('',(#4865),#630,.T.);
#4865 = FACE_BOUND('',#4866,.T.);
#4866 = EDGE_LOOP('',(#4867,#4868,#4869,#4888,#4889,#4890,#4891));
#4867 = ORIENTED_EDGE('',*,*,#815,.F.);
#4868 = ORIENTED_EDGE('',*,*,#614,.T.);
#4869 = ORIENTED_EDGE('',*,*,#4870,.F.);
#4870 = EDGE_CURVE('',#3456,#587,#4871,.T.);
#4871 = SURFACE_CURVE('',#4872,(#4876,#4882),.PCURVE_S1.);
#4872 = LINE('',#4873,#4874);
#4873 = CARTESIAN_POINT('',(-2.205,0.,1.97));
#4874 = VECTOR('',#4875,1.);
#4875 = DIRECTION('',(0.,-1.,0.));
#4876 = PCURVE('',#630,#4877);
#4877 = DEFINITIONAL_REPRESENTATION('',(#4878),#4881);
#4878 = B_SPLINE_CURVE_WITH_KNOTS('',1,(#4879,#4880),.UNSPECIFIED.,.F.,
  .F.,(2,2),(-2.23,0.),.PIECEWISE_BEZIER_KNOTS.);
#4879 = CARTESIAN_POINT('',(7.795,2.23));
#4880 = CARTESIAN_POINT('',(7.795,0.));
#4881 = ( GEOMETRIC_REPRESENTATION_CONTEXT(2) 
PARAMETRIC_REPRESENTATION_CONTEXT() REPRESENTATION_CONTEXT('2D SPACE',''
  ) );
#4882 = PCURVE('',#602,#4883);
#4883 = DEFINITIONAL_REPRESENTATION('',(#4884),#4887);
#4884 = B_SPLINE_CURVE_WITH_KNOTS('',1,(#4885,#4886),.UNSPECIFIED.,.F.,
  .F.,(2,2),(-2.23,0.),.PIECEWISE_BEZIER_KNOTS.);
#4885 = CARTESIAN_POINT('',(3.825,-2.23));
#4886 = CARTESIAN_POINT('',(3.825,0.));
#4887 = ( GEOMETRIC_REPRESENTATION_CONTEXT(2) 
PARAMETRIC_REPRESENTATION_CONTEXT() REPRESENTATION_CONTEXT('2D SPACE',''
  ) );
#4888 = ORIENTED_EDGE('',*,*,#3455,.T.);
#4889 = ORIENTED_EDGE('',*,*,#3601,.T.);
#4890 = ORIENTED_EDGE('',*,*,#3698,.T.);
#4891 = ORIENTED_EDGE('',*,*,#4842,.T.);
#4892 = ADVANCED_FACE('',(#4893),#602,.T.);
#4893 = FACE_BOUND('',#4894,.T.);
#4894 = EDGE_LOOP('',(#4895,#4896,#4917,#4918));
#4895 = ORIENTED_EDGE('',*,*,#586,.F.);
#4896 = ORIENTED_EDGE('',*,*,#4897,.T.);
#4897 = EDGE_CURVE('',#559,#3479,#4898,.T.);
#4898 = SURFACE_CURVE('',#4899,(#4903,#4910),.PCURVE_S1.);
#4899 = LINE('',#4900,#4901);
#4900 = CARTESIAN_POINT('',(-2.205,0.,-1.855));
#4901 = VECTOR('',#4902,1.);
#4902 = DIRECTION('',(0.,1.,0.));
#4903 = PCURVE('',#602,#4904);
#4904 = DEFINITIONAL_REPRESENTATION('',(#4905),#4909);
#4905 = LINE('',#4906,#4907);
#4906 = CARTESIAN_POINT('',(0.,0.));
#4907 = VECTOR('',#4908,1.);
#4908 = DIRECTION('',(0.,-1.));
#4909 = ( GEOMETRIC_REPRESENTATION_CONTEXT(2) 
PARAMETRIC_REPRESENTATION_CONTEXT() REPRESENTATION_CONTEXT('2D SPACE',''
  ) );
#4910 = PCURVE('',#574,#4911);
#4911 = DEFINITIONAL_REPRESENTATION('',(#4912),#4916);
#4912 = LINE('',#4913,#4914);
#4913 = CARTESIAN_POINT('',(0.,0.));
#4914 = VECTOR('',#4915,1.);
#4915 = DIRECTION('',(0.,1.));
#4916 = ( GEOMETRIC_REPRESENTATION_CONTEXT(2) 
PARAMETRIC_REPRESENTATION_CONTEXT() REPRESENTATION_CONTEXT('2D SPACE',''
  ) );
#4917 = ORIENTED_EDGE('',*,*,#3478,.T.);
#4918 = ORIENTED_EDGE('',*,*,#4870,.T.);
#4919 = ADVANCED_FACE('',(#4920),#574,.T.);
#4920 = FACE_BOUND('',#4921,.T.);
#4921 = EDGE_LOOP('',(#4922,#4923,#4924,#4943));
#4922 = ORIENTED_EDGE('',*,*,#4897,.F.);
#4923 = ORIENTED_EDGE('',*,*,#558,.T.);
#4924 = ORIENTED_EDGE('',*,*,#4925,.T.);
#4925 = EDGE_CURVE('',#531,#3502,#4926,.T.);
#4926 = SURFACE_CURVE('',#4927,(#4931,#4937),.PCURVE_S1.);
#4927 = LINE('',#4928,#4929);
#4928 = CARTESIAN_POINT('',(2.29,0.,-1.855));
#4929 = VECTOR('',#4930,1.);
#4930 = DIRECTION('',(0.,1.,0.));
#4931 = PCURVE('',#574,#4932);
#4932 = DEFINITIONAL_REPRESENTATION('',(#4933),#4936);
#4933 = B_SPLINE_CURVE_WITH_KNOTS('',1,(#4934,#4935),.UNSPECIFIED.,.F.,
  .F.,(2,2),(0.,2.23),.PIECEWISE_BEZIER_KNOTS.);
#4934 = CARTESIAN_POINT('',(4.495,0.));
#4935 = CARTESIAN_POINT('',(4.495,2.23));
#4936 = ( GEOMETRIC_REPRESENTATION_CONTEXT(2) 
PARAMETRIC_REPRESENTATION_CONTEXT() REPRESENTATION_CONTEXT('2D SPACE',''
  ) );
#4937 = PCURVE('',#546,#4938);
#4938 = DEFINITIONAL_REPRESENTATION('',(#4939),#4942);
#4939 = B_SPLINE_CURVE_WITH_KNOTS('',1,(#4940,#4941),.UNSPECIFIED.,.F.,
  .F.,(2,2),(0.,2.23),.PIECEWISE_BEZIER_KNOTS.);
#4940 = CARTESIAN_POINT('',(8.145,0.));
#4941 = CARTESIAN_POINT('',(8.145,-2.23));
#4942 = ( GEOMETRIC_REPRESENTATION_CONTEXT(2) 
PARAMETRIC_REPRESENTATION_CONTEXT() REPRESENTATION_CONTEXT('2D SPACE',''
  ) );
#4943 = ORIENTED_EDGE('',*,*,#3501,.T.);
#4944 = ADVANCED_FACE('',(#4945),#546,.T.);
#4945 = FACE_BOUND('',#4946,.T.);
#4946 = EDGE_LOOP('',(#4947,#4948,#4949,#4969,#4970,#4971,#4972));
#4947 = ORIENTED_EDGE('',*,*,#4925,.F.);
#4948 = ORIENTED_EDGE('',*,*,#530,.F.);
#4949 = ORIENTED_EDGE('',*,*,#4950,.F.);
#4950 = EDGE_CURVE('',#4171,#503,#4951,.T.);
#4951 = SURFACE_CURVE('',#4952,(#4956,#4962),.PCURVE_S1.);
#4952 = LINE('',#4953,#4954);
#4953 = CARTESIAN_POINT('',(2.29,1.568727332324,-3.078642217705));
#4954 = VECTOR('',#4955,1.);
#4955 = DIRECTION('',(0.,-0.886059003606,0.463572477752));
#4956 = PCURVE('',#546,#4957);
#4957 = DEFINITIONAL_REPRESENTATION('',(#4958),#4961);
#4958 = B_SPLINE_CURVE_WITH_KNOTS('',1,(#4959,#4960),.UNSPECIFIED.,.F.,
  .F.,(2,2),(1.714025054927,1.770454705544),.PIECEWISE_BEZIER_KNOTS.);
#4959 = CARTESIAN_POINT('',(7.715932623935,-5.E-02));
#4960 = CARTESIAN_POINT('',(7.742091856891,2.04731325494E-16));
#4961 = ( GEOMETRIC_REPRESENTATION_CONTEXT(2) 
PARAMETRIC_REPRESENTATION_CONTEXT() REPRESENTATION_CONTEXT('2D SPACE',''
  ) );
#4962 = PCURVE('',#518,#4963);
#4963 = DEFINITIONAL_REPRESENTATION('',(#4964),#4968);
#4964 = LINE('',#4965,#4966);
#4965 = CARTESIAN_POINT('',(-0.141232566382,1.923078127612));
#4966 = VECTOR('',#4967,1.);
#4967 = DIRECTION('',(-0.26250009189,-0.964931967424));
#4968 = ( GEOMETRIC_REPRESENTATION_CONTEXT(2) 
PARAMETRIC_REPRESENTATION_CONTEXT() REPRESENTATION_CONTEXT('2D SPACE',''
  ) );
#4969 = ORIENTED_EDGE('',*,*,#4170,.T.);
#4970 = ORIENTED_EDGE('',*,*,#4092,.T.);
#4971 = ORIENTED_EDGE('',*,*,#3242,.T.);
#4972 = ORIENTED_EDGE('',*,*,#3524,.F.);
#4973 = ADVANCED_FACE('',(#4974),#518,.T.);
#4974 = FACE_BOUND('',#4975,.T.);
#4975 = EDGE_LOOP('',(#4976,#4977,#4978,#4979,#4980,#5001));
#4976 = ORIENTED_EDGE('',*,*,#4465,.F.);
#4977 = ORIENTED_EDGE('',*,*,#4193,.T.);
#4978 = ORIENTED_EDGE('',*,*,#4950,.T.);
#4979 = ORIENTED_EDGE('',*,*,#502,.F.);
#4980 = ORIENTED_EDGE('',*,*,#4981,.T.);
#4981 = EDGE_CURVE('',#475,#2195,#4982,.T.);
#4982 = SURFACE_CURVE('',#4983,(#4987,#4994),.PCURVE_S1.);
#4983 = LINE('',#4984,#4985);
#4984 = CARTESIAN_POINT('',(2.450754517256,5.E-02,-2.173627371766));
#4985 = VECTOR('',#4986,1.);
#4986 = DIRECTION('',(-0.300604943204,-0.914205886052,0.271779811664));
#4987 = PCURVE('',#518,#4988);
#4988 = DEFINITIONAL_REPRESENTATION('',(#4989),#4993);
#4989 = LINE('',#4990,#4991);
#4990 = CARTESIAN_POINT('',(-0.78620021895,0.269160559147));
#4991 = VECTOR('',#4992,1.);
#4992 = DIRECTION('',(9.387111427941E-02,-0.995584358005));
#4993 = ( GEOMETRIC_REPRESENTATION_CONTEXT(2) 
PARAMETRIC_REPRESENTATION_CONTEXT() REPRESENTATION_CONTEXT('2D SPACE',''
  ) );
#4994 = PCURVE('',#490,#4995);
#4995 = DEFINITIONAL_REPRESENTATION('',(#4996),#5000);
#4996 = LINE('',#4997,#4998);
#4997 = CARTESIAN_POINT('',(-0.744572533762,-0.271316779238));
#4998 = VECTOR('',#4999,1.);
#4999 = DIRECTION('',(3.427746868003E-02,0.999412354907));
#5000 = ( GEOMETRIC_REPRESENTATION_CONTEXT(2) 
PARAMETRIC_REPRESENTATION_CONTEXT() REPRESENTATION_CONTEXT('2D SPACE',''
  ) );
#5001 = ORIENTED_EDGE('',*,*,#2300,.T.);
#5002 = ADVANCED_FACE('',(#5003),#490,.T.);
#5003 = FACE_BOUND('',#5004,.T.);
#5004 = EDGE_LOOP('',(#5005,#5026,#5027,#5028));
#5005 = ORIENTED_EDGE('',*,*,#5006,.T.);
#5006 = EDGE_CURVE('',#447,#2121,#5007,.T.);
#5007 = SURFACE_CURVE('',#5008,(#5012,#5019),.PCURVE_S1.);
#5008 = LINE('',#5009,#5010);
#5009 = CARTESIAN_POINT('',(3.209891911245,5.E-02,-1.175851883975));
#5010 = VECTOR('',#5011,1.);
#5011 = DIRECTION('',(-0.392221945979,-0.908067595779,0.14688494337));
#5012 = PCURVE('',#490,#5013);
#5013 = DEFINITIONAL_REPRESENTATION('',(#5014),#5018);
#5014 = LINE('',#5015,#5016);
#5015 = CARTESIAN_POINT('',(0.509160096023,-0.271316779238));
#5016 = VECTOR('',#5017,1.);
#5017 = DIRECTION('',(-0.120593614878,0.992701959327));
#5018 = ( GEOMETRIC_REPRESENTATION_CONTEXT(2) 
PARAMETRIC_REPRESENTATION_CONTEXT() REPRESENTATION_CONTEXT('2D SPACE',''
  ) );
#5019 = PCURVE('',#462,#5020);
#5020 = DEFINITIONAL_REPRESENTATION('',(#5021),#5025);
#5021 = LINE('',#5022,#5023);
#5022 = CARTESIAN_POINT('',(0.216425104676,-0.511264820357));
#5023 = VECTOR('',#5024,1.);
#5024 = DIRECTION('',(-0.98840394056,0.151847457288));
#5025 = ( GEOMETRIC_REPRESENTATION_CONTEXT(2) 
PARAMETRIC_REPRESENTATION_CONTEXT() REPRESENTATION_CONTEXT('2D SPACE',''
  ) );
#5026 = ORIENTED_EDGE('',*,*,#2194,.T.);
#5027 = ORIENTED_EDGE('',*,*,#4981,.F.);
#5028 = ORIENTED_EDGE('',*,*,#474,.F.);
#5029 = ADVANCED_FACE('',(#5030),#462,.T.);
#5030 = FACE_BOUND('',#5031,.T.);
#5031 = EDGE_LOOP('',(#5032,#5033,#5034,#5055));
#5032 = ORIENTED_EDGE('',*,*,#5006,.F.);
#5033 = ORIENTED_EDGE('',*,*,#446,.F.);
#5034 = ORIENTED_EDGE('',*,*,#5035,.T.);
#5035 = EDGE_CURVE('',#419,#2043,#5036,.T.);
#5036 = SURFACE_CURVE('',#5037,(#5041,#5048),.PCURVE_S1.);
#5037 = LINE('',#5038,#5039);
#5038 = CARTESIAN_POINT('',(3.556003996158,5.E-02,1.5E-02));
#5039 = VECTOR('',#5040,1.);
#5040 = DIRECTION('',(-0.431956378937,-0.90189449865,0.));
#5041 = PCURVE('',#462,#5042);
#5042 = DEFINITIONAL_REPRESENTATION('',(#5043),#5047);
#5043 = LINE('',#5044,#5045);
#5044 = CARTESIAN_POINT('',(0.365930427581,0.719820044026));
#5045 = VECTOR('',#5046,1.);
#5046 = DIRECTION('',(-1.,1.597887098372E-16));
#5047 = ( GEOMETRIC_REPRESENTATION_CONTEXT(2) 
PARAMETRIC_REPRESENTATION_CONTEXT() REPRESENTATION_CONTEXT('2D SPACE',''
  ) );
#5048 = PCURVE('',#434,#5049);
#5049 = DEFINITIONAL_REPRESENTATION('',(#5050),#5054);
#5050 = LINE('',#5051,#5052);
#5051 = CARTESIAN_POINT('',(0.322542756623,-0.471149480111));
#5052 = VECTOR('',#5053,1.);
#5053 = DIRECTION('',(-1.,-8.071099424695E-18));
#5054 = ( GEOMETRIC_REPRESENTATION_CONTEXT(2) 
PARAMETRIC_REPRESENTATION_CONTEXT() REPRESENTATION_CONTEXT('2D SPACE',''
  ) );
#5055 = ORIENTED_EDGE('',*,*,#2148,.F.);
#5056 = ADVANCED_FACE('',(#5057),#434,.T.);
#5057 = FACE_BOUND('',#5058,.T.);
#5058 = EDGE_LOOP('',(#5059,#5060,#5061,#5082));
#5059 = ORIENTED_EDGE('',*,*,#5035,.F.);
#5060 = ORIENTED_EDGE('',*,*,#418,.F.);
#5061 = ORIENTED_EDGE('',*,*,#5062,.F.);
#5062 = EDGE_CURVE('',#2045,#396,#5063,.T.);
#5063 = SURFACE_CURVE('',#5064,(#5068,#5075),.PCURVE_S1.);
#5064 = LINE('',#5065,#5066);
#5065 = CARTESIAN_POINT('',(2.936131045447,-0.72,1.103329958107));
#5066 = VECTOR('',#5067,1.);
#5067 = DIRECTION('',(0.398867490904,0.90476087088,0.149373663086));
#5068 = PCURVE('',#434,#5069);
#5069 = DEFINITIONAL_REPRESENTATION('',(#5070),#5074);
#5070 = LINE('',#5071,#5072);
#5071 = CARTESIAN_POINT('',(-0.639674082527,0.64049044684));
#5072 = VECTOR('',#5073,1.);
#5073 = DIRECTION('',(0.988292209088,0.15257296437));
#5074 = ( GEOMETRIC_REPRESENTATION_CONTEXT(2) 
PARAMETRIC_REPRESENTATION_CONTEXT() REPRESENTATION_CONTEXT('2D SPACE',''
  ) );
#5075 = PCURVE('',#353,#5076);
#5076 = DEFINITIONAL_REPRESENTATION('',(#5077),#5081);
#5077 = LINE('',#5078,#5079);
#5078 = CARTESIAN_POINT('',(-0.671034059677,0.570527745254));
#5079 = VECTOR('',#5080,1.);
#5080 = DIRECTION('',(-0.127568819327,-0.991829721442));
#5081 = ( GEOMETRIC_REPRESENTATION_CONTEXT(2) 
PARAMETRIC_REPRESENTATION_CONTEXT() REPRESENTATION_CONTEXT('2D SPACE',''
  ) );
#5082 = ORIENTED_EDGE('',*,*,#2042,.F.);
#5083 = ADVANCED_FACE('',(#5084),#353,.T.);
#5084 = FACE_BOUND('',#5085,.T.);
#5085 = EDGE_LOOP('',(#5086,#5087,#5108,#5109));
#5086 = ORIENTED_EDGE('',*,*,#337,.T.);
#5087 = ORIENTED_EDGE('',*,*,#5088,.T.);
#5088 = EDGE_CURVE('',#257,#2045,#5089,.T.);
#5089 = SURFACE_CURVE('',#5090,(#5094,#5101),.PCURVE_S1.);
#5090 = LINE('',#5091,#5092);
#5091 = CARTESIAN_POINT('',(2.232025863321,-0.72,2.005872698345));
#5092 = VECTOR('',#5093,1.);
#5093 = DIRECTION('',(0.615097975418,0.,-0.788450683706));
#5094 = PCURVE('',#353,#5095);
#5095 = DEFINITIONAL_REPRESENTATION('',(#5096),#5100);
#5096 = LINE('',#5097,#5098);
#5097 = CARTESIAN_POINT('',(0.473670052945,0.570527745254));
#5098 = VECTOR('',#5099,1.);
#5099 = DIRECTION('',(-1.,8.409868832959E-17));
#5100 = ( GEOMETRIC_REPRESENTATION_CONTEXT(2) 
PARAMETRIC_REPRESENTATION_CONTEXT() REPRESENTATION_CONTEXT('2D SPACE',''
  ) );
#5101 = PCURVE('',#272,#5102);
#5102 = DEFINITIONAL_REPRESENTATION('',(#5103),#5107);
#5103 = LINE('',#5104,#5105);
#5104 = CARTESIAN_POINT('',(-0.109018155918,-0.534849982639));
#5105 = VECTOR('',#5106,1.);
#5106 = DIRECTION('',(-0.441764545029,0.897131030985));
#5107 = ( GEOMETRIC_REPRESENTATION_CONTEXT(2) 
PARAMETRIC_REPRESENTATION_CONTEXT() REPRESENTATION_CONTEXT('2D SPACE',''
  ) );
#5108 = ORIENTED_EDGE('',*,*,#5062,.T.);
#5109 = ORIENTED_EDGE('',*,*,#395,.F.);
#5110 = ADVANCED_FACE('',(#5111),#272,.T.);
#5111 = FACE_BOUND('',#5112,.T.);
#5112 = EDGE_LOOP('',(#5113,#5114,#5115,#5116));
#5113 = ORIENTED_EDGE('',*,*,#5088,.F.);
#5114 = ORIENTED_EDGE('',*,*,#256,.F.);
#5115 = ORIENTED_EDGE('',*,*,#1919,.T.);
#5116 = ORIENTED_EDGE('',*,*,#2067,.F.);
#5117 = ADVANCED_FACE('',(#5118),#244,.T.);
#5118 = FACE_BOUND('',#5119,.T.);
#5119 = EDGE_LOOP('',(#5120,#5141,#5142,#5143));
#5120 = ORIENTED_EDGE('',*,*,#5121,.F.);
#5121 = EDGE_CURVE('',#1769,#171,#5122,.T.);
#5122 = SURFACE_CURVE('',#5123,(#5127,#5134),.PCURVE_S1.);
#5123 = LINE('',#5124,#5125);
#5124 = CARTESIAN_POINT('',(0.612807832651,-2.08,1.28710260101));
#5125 = VECTOR('',#5126,1.);
#5126 = DIRECTION('',(0.34214228181,0.570289817927,0.746798622499));
#5127 = PCURVE('',#244,#5128);
#5128 = DEFINITIONAL_REPRESENTATION('',(#5129),#5133);
#5129 = LINE('',#5130,#5131);
#5130 = CARTESIAN_POINT('',(0.311336022443,-0.314632682435));
#5131 = VECTOR('',#5132,1.);
#5132 = DIRECTION('',(-0.933640008274,0.358212695126));
#5133 = ( GEOMETRIC_REPRESENTATION_CONTEXT(2) 
PARAMETRIC_REPRESENTATION_CONTEXT() REPRESENTATION_CONTEXT('2D SPACE',''
  ) );
#5134 = PCURVE('',#186,#5135);
#5135 = DEFINITIONAL_REPRESENTATION('',(#5136),#5140);
#5136 = LINE('',#5137,#5138);
#5137 = CARTESIAN_POINT('',(0.679328431283,8.691674415302E-02));
#5138 = VECTOR('',#5139,1.);
#5139 = DIRECTION('',(-0.939134697324,0.343549152643));
#5140 = ( GEOMETRIC_REPRESENTATION_CONTEXT(2) 
PARAMETRIC_REPRESENTATION_CONTEXT() REPRESENTATION_CONTEXT('2D SPACE',''
  ) );
#5141 = ORIENTED_EDGE('',*,*,#1768,.F.);
#5142 = ORIENTED_EDGE('',*,*,#1942,.F.);
#5143 = ORIENTED_EDGE('',*,*,#228,.F.);
#5144 = ADVANCED_FACE('',(#5145),#186,.T.);
#5145 = FACE_BOUND('',#5146,.T.);
#5146 = EDGE_LOOP('',(#5147,#5148,#5149,#5170));
#5147 = ORIENTED_EDGE('',*,*,#5121,.T.);
#5148 = ORIENTED_EDGE('',*,*,#170,.F.);
#5149 = ORIENTED_EDGE('',*,*,#5150,.F.);
#5150 = EDGE_CURVE('',#1821,#85,#5151,.T.);
#5151 = SURFACE_CURVE('',#5152,(#5156,#5163),.PCURVE_S1.);
#5152 = LINE('',#5153,#5154);
#5153 = CARTESIAN_POINT('',(3.E-02,-2.08,1.378271171602));
#5154 = VECTOR('',#5155,1.);
#5155 = DIRECTION('',(5.369006698329E-17,0.580316557583,0.814390995159)
  );
#5156 = PCURVE('',#186,#5157);
#5157 = DEFINITIONAL_REPRESENTATION('',(#5158),#5162);
#5158 = LINE('',#5159,#5160);
#5159 = CARTESIAN_POINT('',(0.605081568351,-0.498287563255));
#5160 = VECTOR('',#5161,1.);
#5161 = DIRECTION('',(-1.,6.848212292076E-17));
#5162 = ( GEOMETRIC_REPRESENTATION_CONTEXT(2) 
PARAMETRIC_REPRESENTATION_CONTEXT() REPRESENTATION_CONTEXT('2D SPACE',''
  ) );
#5163 = PCURVE('',#100,#5164);
#5164 = DEFINITIONAL_REPRESENTATION('',(#5165),#5169);
#5165 = LINE('',#5166,#5167);
#5166 = CARTESIAN_POINT('',(0.599329503393,0.495021057765));
#5167 = VECTOR('',#5168,1.);
#5168 = DIRECTION('',(-1.,6.820917829168E-17));
#5169 = ( GEOMETRIC_REPRESENTATION_CONTEXT(2) 
PARAMETRIC_REPRESENTATION_CONTEXT() REPRESENTATION_CONTEXT('2D SPACE',''
  ) );
#5170 = ORIENTED_EDGE('',*,*,#1820,.F.);
#5171 = ADVANCED_FACE('',(#5172),#157,.T.);
#5172 = FACE_BOUND('',#5173,.T.);
#5173 = EDGE_LOOP('',(#5174,#5175,#5176,#5177));
#5174 = ORIENTED_EDGE('',*,*,#141,.F.);
#5175 = ORIENTED_EDGE('',*,*,#313,.F.);
#5176 = ORIENTED_EDGE('',*,*,#721,.F.);
#5177 = ORIENTED_EDGE('',*,*,#5178,.F.);
#5178 = EDGE_CURVE('',#22,#699,#5179,.T.);
#5179 = SURFACE_CURVE('',#5180,(#5184,#5191),.PCURVE_S1.);
#5180 = LINE('',#5181,#5182);
#5181 = CARTESIAN_POINT('',(3.E-02,-0.72,2.802593785241));
#5182 = VECTOR('',#5183,1.);
#5183 = DIRECTION('',(2.904983398291E-17,0.921034903364,0.389480046709)
  );
#5184 = PCURVE('',#157,#5185);
#5185 = DEFINITIONAL_REPRESENTATION('',(#5186),#5190);
#5186 = LINE('',#5187,#5188);
#5187 = CARTESIAN_POINT('',(-0.248247844143,0.460263373924));
#5188 = VECTOR('',#5189,1.);
#5189 = DIRECTION('',(1.,-2.182472189795E-17));
#5190 = ( GEOMETRIC_REPRESENTATION_CONTEXT(2) 
PARAMETRIC_REPRESENTATION_CONTEXT() REPRESENTATION_CONTEXT('2D SPACE',''
  ) );
#5191 = PCURVE('',#44,#5192);
#5192 = DEFINITIONAL_REPRESENTATION('',(#5193),#5197);
#5193 = LINE('',#5194,#5195);
#5194 = CARTESIAN_POINT('',(-0.246228995951,-0.458135589731));
#5195 = VECTOR('',#5196,1.);
#5196 = DIRECTION('',(1.,-1.52466053028E-17));
#5197 = ( GEOMETRIC_REPRESENTATION_CONTEXT(2) 
PARAMETRIC_REPRESENTATION_CONTEXT() REPRESENTATION_CONTEXT('2D SPACE',''
  ) );
#5198 = ADVANCED_FACE('',(#5199),#100,.T.);
#5199 = FACE_BOUND('',#5200,.T.);
#5200 = EDGE_LOOP('',(#5201,#5202,#5203,#5204));
#5201 = ORIENTED_EDGE('',*,*,#84,.F.);
#5202 = ORIENTED_EDGE('',*,*,#4760,.T.);
#5203 = ORIENTED_EDGE('',*,*,#1873,.F.);
#5204 = ORIENTED_EDGE('',*,*,#5150,.T.);
#5205 = ADVANCED_FACE('',(#5206),#72,.T.);
#5206 = FACE_BOUND('',#5207,.T.);
#5207 = EDGE_LOOP('',(#5208,#5209,#5210,#5211));
#5208 = ORIENTED_EDGE('',*,*,#4781,.T.);
#5209 = ORIENTED_EDGE('',*,*,#56,.F.);
#5210 = ORIENTED_EDGE('',*,*,#769,.F.);
#5211 = ORIENTED_EDGE('',*,*,#980,.F.);
#5212 = ADVANCED_FACE('',(#5213),#44,.T.);
#5213 = FACE_BOUND('',#5214,.T.);
#5214 = EDGE_LOOP('',(#5215,#5216,#5217,#5218));
#5215 = ORIENTED_EDGE('',*,*,#21,.F.);
#5216 = ORIENTED_EDGE('',*,*,#5178,.T.);
#5217 = ORIENTED_EDGE('',*,*,#698,.T.);
#5218 = ORIENTED_EDGE('',*,*,#790,.F.);
#5219 = ( GEOMETRIC_REPRESENTATION_CONTEXT(3) 
GLOBAL_UNCERTAINTY_ASSIGNED_CONTEXT((#5223)) 
GLOBAL_UNIT_ASSIGNED_CONTEXT((#5220,#5221,#5222)) REPRESENTATION_CONTEXT
('Context #1','3D Context with UNIT and UNCERTAINTY') );
#5220 = ( LENGTH_UNIT() NAMED_UNIT(*) SI_UNIT(.MILLI.,.METRE.) );
#5221 = ( NAMED_UNIT(*) PLANE_ANGLE_UNIT() SI_UNIT($,.RADIAN.) );
#5222 = ( NAMED_UNIT(*) SI_UNIT($,.STERADIAN.) SOLID_ANGLE_UNIT() );
#5223 = UNCERTAINTY_MEASURE_WITH_UNIT(LENGTH_MEASURE(1.E-07),#5220,
  'distance_accuracy_value','confusion accuracy');
#5224 = PRODUCT_RELATED_PRODUCT_CATEGORY('part',$,(#7));
ENDSEC;
END-ISO-10303-21;
