ISO-10303-21;
HEADER;
FILE_DESCRIPTION(('Open CASCADE Model'),'2;1');
FILE_NAME('Open CASCADE Shape Model','2026-09-06T13:12:47',('Author'),(
    'Open CASCADE'),'Open CASCADE STEP processor 7.9','Open CASCADE 7.9'
  ,'Unknown');
FILE_SCHEMA(('AUTOMOTIVE_DESIGN { 1 0 10303 214 1 1 1 1 }'));
ENDSEC;
DATA;
#1 = APPLICATION_PROTOCOL_DEFINITION('international standard',
  'automotive_design',2000,#2);
#2 = APPLICATION_CONTEXT(
  'core data for automotive mechanical design processes');
#3 = SHAPE_DEFINITION_REPRESENTATION(#4,#10);
#4 = PRODUCT_DEFINITION_SHAPE('','',#5);
#5 = PRODUCT_DEFINITION('design','',#6,#9);
#6 = PRODUCT_DEFINITION_FORMATION('','',#7);
#7 = PRODUCT('Open CASCADE STEP translator 7.9 1',
  'Open CASCADE STEP translator 7.9 1','',(#8));
#8 = PRODUCT_CONTEXT('',#2,'mechanical');
#9 = PRODUCT_DEFINITION_CONTEXT('part definition',#2,'design');
#10 = ADVANCED_BREP_SHAPE_REPRESENTATION('',(#11,#15),#5219);
#11 = AXIS2_PLACEMENT_3D('',#12,#13,#14);
#12 = CARTESIAN_POINT('',(0.,0.,0.));
#13 = DIRECTION('',(0.,0.,1.));
#14 = DIRECTION('',(1.,0.,-0.));
#15 = MANIFOLD_SOLID_BREP('',#16);
#16 = CLOSED_SHELL('',(#17,#361,#435,#786,#917,#1003,#1089,#1170,#1221,
    #1273,#1330,#1387,#1468,#1549,#1635,#1716,#1797,#1878,#1959,#2045,
    #2119,#2188,#2242,#2323,#2404,#2480,#2556,#2632,#2708,#2784,#2853,
    #2929,#3000,#3047,#3074,#3101,#3128,#3135,#3211,#3292,#3373,#3454,
    #3535,#3589,#3641,#3698,#3779,#3860,#3941,#3990,#4035,#4106,#4155,
    #4204,#4210,#4262,#4314,#4359,#4386,#4413,#4440,#4467,#4474,#4499,
    #4526,#4533,#4539,#4566,#4573,#4579,#4606,#4633,#4660,#4687,#4694,
    #4721,#4748,#4775,#4802,#4829,#4856,#4883,#4910,#4938,#4968,#4995,
    #5022,#5049,#5076,#5103,#5130,#5157,#5184,#5212));
#17 = ADVANCED_FACE('',(#18),#32,.T.);
#18 = FACE_BOUND('',#19,.T.);
#19 = EDGE_LOOP('',(#20,#55,#83,#111,#139,#167,#195,#223,#251,#279,#307,
    #335));
#20 = ORIENTED_EDGE('',*,*,#21,.T.);
#21 = EDGE_CURVE('',#22,#24,#26,.T.);
#22 = VERTEX_POINT('',#23);
#23 = CARTESIAN_POINT('',(-2.205,2.23,-1.855));
#24 = VERTEX_POINT('',#25);
#25 = CARTESIAN_POINT('',(2.29,2.23,-1.855));
#26 = SURFACE_CURVE('',#27,(#31,#43),.PCURVE_S1.);
#27 = LINE('',#28,#29);
#28 = CARTESIAN_POINT('',(-2.205,2.23,-1.855));
#29 = VECTOR('',#30,1.);
#30 = DIRECTION('',(1.,0.,0.));
#31 = PCURVE('',#32,#37);
#32 = PLANE('',#33);
#33 = AXIS2_PLACEMENT_3D('',#34,#35,#36);
#34 = CARTESIAN_POINT('',(-1.08125171888,2.23,1.677333627823));
#35 = DIRECTION('',(0.,1.,0.));
#36 = DIRECTION('',(0.,-0.,1.));
#37 = DEFINITIONAL_REPRESENTATION('',(#38),#42);
#38 = LINE('',#39,#40);
#39 = CARTESIAN_POINT('',(-3.532333627823,-1.12374828112));
#40 = VECTOR('',#41,1.);
#41 = DIRECTION('',(0.,1.));
#42 = ( GEOMETRIC_REPRESENTATION_CONTEXT(2) 
PARAMETRIC_REPRESENTATION_CONTEXT() REPRESENTATION_CONTEXT('2D SPACE',''
  ) );
#43 = PCURVE('',#44,#49);
#44 = PLANE('',#45);
#45 = AXIS2_PLACEMENT_3D('',#46,#47,#48);
#46 = CARTESIAN_POINT('',(-2.205,0.,-1.855));
#47 = DIRECTION('',(0.,0.,1.));
#48 = DIRECTION('',(1.,0.,0.));
#49 = DEFINITIONAL_REPRESENTATION('',(#50),#54);
#50 = LINE('',#51,#52);
#51 = CARTESIAN_POINT('',(0.,2.23));
#52 = VECTOR('',#53,1.);
#53 = DIRECTION('',(1.,0.));
#54 = ( GEOMETRIC_REPRESENTATION_CONTEXT(2) 
PARAMETRIC_REPRESENTATION_CONTEXT() REPRESENTATION_CONTEXT('2D SPACE',''
  ) );
#55 = ORIENTED_EDGE('',*,*,#56,.T.);
#56 = EDGE_CURVE('',#24,#57,#59,.T.);
#57 = VERTEX_POINT('',#58);
#58 = CARTESIAN_POINT('',(2.29,2.23,-2.253819052318));
#59 = SURFACE_CURVE('',#60,(#64,#71),.PCURVE_S1.);
#60 = LINE('',#61,#62);
#61 = CARTESIAN_POINT('',(2.29,2.23,-1.855));
#62 = VECTOR('',#63,1.);
#63 = DIRECTION('',(0.,1.113510518789E-15,-1.));
#64 = PCURVE('',#32,#65);
#65 = DEFINITIONAL_REPRESENTATION('',(#66),#70);
#66 = LINE('',#67,#68);
#67 = CARTESIAN_POINT('',(-3.532333627823,3.37125171888));
#68 = VECTOR('',#69,1.);
#69 = DIRECTION('',(-1.,0.));
#70 = ( GEOMETRIC_REPRESENTATION_CONTEXT(2) 
PARAMETRIC_REPRESENTATION_CONTEXT() REPRESENTATION_CONTEXT('2D SPACE',''
  ) );
#71 = PCURVE('',#72,#77);
#72 = PLANE('',#73);
#73 = AXIS2_PLACEMENT_3D('',#74,#75,#76);
#74 = CARTESIAN_POINT('',(2.29,0.,-10.));
#75 = DIRECTION('',(1.,0.,0.));
#76 = DIRECTION('',(0.,0.,1.));
#77 = DEFINITIONAL_REPRESENTATION('',(#78),#82);
#78 = LINE('',#79,#80);
#79 = CARTESIAN_POINT('',(8.145,-2.23));
#80 = VECTOR('',#81,1.);
#81 = DIRECTION('',(-1.,-1.113510518789E-15));
#82 = ( GEOMETRIC_REPRESENTATION_CONTEXT(2) 
PARAMETRIC_REPRESENTATION_CONTEXT() REPRESENTATION_CONTEXT('2D SPACE',''
  ) );
#83 = ORIENTED_EDGE('',*,*,#84,.F.);
#84 = EDGE_CURVE('',#85,#57,#87,.T.);
#85 = VERTEX_POINT('',#86);
#86 = CARTESIAN_POINT('',(1.361648058609,2.23,-2.8916063702));
#87 = SURFACE_CURVE('',#88,(#92,#99),.PCURVE_S1.);
#88 = LINE('',#89,#90);
#89 = CARTESIAN_POINT('',(1.361648058609,2.23,-2.8916063702));
#90 = VECTOR('',#91,1.);
#91 = DIRECTION('',(0.824230320152,0.,0.566254694764));
#92 = PCURVE('',#32,#93);
#93 = DEFINITIONAL_REPRESENTATION('',(#94),#98);
#94 = LINE('',#95,#96);
#95 = CARTESIAN_POINT('',(-4.568939998023,2.44289977749));
#96 = VECTOR('',#97,1.);
#97 = DIRECTION('',(0.566254694764,0.824230320152));
#98 = ( GEOMETRIC_REPRESENTATION_CONTEXT(2) 
PARAMETRIC_REPRESENTATION_CONTEXT() REPRESENTATION_CONTEXT('2D SPACE',''
  ) );
#99 = PCURVE('',#100,#105);
#100 = PLANE('',#101);
#101 = AXIS2_PLACEMENT_3D('',#102,#103,#104);
#102 = CARTESIAN_POINT('',(1.804010643763,1.990355199417,-2.649162620181
    ));
#103 = DIRECTION('',(0.554010878094,0.206826931248,-0.806408437124));
#104 = DIRECTION('',(-0.824230320152,0.,-0.566254694764));
#105 = DEFINITIONAL_REPRESENTATION('',(#106),#110);
#106 = LINE('',#107,#108);
#107 = CARTESIAN_POINT('',(0.501893566848,0.244941026921));
#108 = VECTOR('',#109,1.);
#109 = DIRECTION('',(-1.,-2.775557561563E-17));
#110 = ( GEOMETRIC_REPRESENTATION_CONTEXT(2) 
PARAMETRIC_REPRESENTATION_CONTEXT() REPRESENTATION_CONTEXT('2D SPACE',''
  ) );
#111 = ORIENTED_EDGE('',*,*,#112,.F.);
#112 = EDGE_CURVE('',#113,#85,#115,.T.);
#113 = VERTEX_POINT('',#114);
#114 = CARTESIAN_POINT('',(3.E-02,2.23,-3.142798186982));
#115 = SURFACE_CURVE('',#116,(#120,#127),.PCURVE_S1.);
#116 = LINE('',#117,#118);
#117 = CARTESIAN_POINT('',(3.E-02,2.23,-3.142798186982));
#118 = VECTOR('',#119,1.);
#119 = DIRECTION('',(0.98267006022,0.,0.185363299355));
#120 = PCURVE('',#32,#121);
#121 = DEFINITIONAL_REPRESENTATION('',(#122),#126);
#122 = LINE('',#123,#124);
#123 = CARTESIAN_POINT('',(-4.820131814804,1.11125171888));
#124 = VECTOR('',#125,1.);
#125 = DIRECTION('',(0.185363299355,0.98267006022));
#126 = ( GEOMETRIC_REPRESENTATION_CONTEXT(2) 
PARAMETRIC_REPRESENTATION_CONTEXT() REPRESENTATION_CONTEXT('2D SPACE',''
  ) );
#127 = PCURVE('',#128,#133);
#128 = PLANE('',#129);
#129 = AXIS2_PLACEMENT_3D('',#130,#131,#132);
#130 = CARTESIAN_POINT('',(0.558018164818,1.992188913253,-3.093597886533
    ));
#131 = DIRECTION('',(0.181469546491,0.203889353236,-0.962028032509));
#132 = DIRECTION('',(0.,-0.978270686442,-0.207331772888));
#133 = DEFINITIONAL_REPRESENTATION('',(#134),#138);
#134 = LINE('',#135,#136);
#135 = CARTESIAN_POINT('',(-0.222442829557,0.536933098719));
#136 = VECTOR('',#137,1.);
#137 = DIRECTION('',(-3.843170148364E-02,-0.999261229269));
#138 = ( GEOMETRIC_REPRESENTATION_CONTEXT(2) 
PARAMETRIC_REPRESENTATION_CONTEXT() REPRESENTATION_CONTEXT('2D SPACE',''
  ) );
#139 = ORIENTED_EDGE('',*,*,#140,.F.);
#140 = EDGE_CURVE('',#141,#113,#143,.T.);
#141 = VERTEX_POINT('',#142);
#142 = CARTESIAN_POINT('',(-1.293521163269,2.23,-2.873867684957));
#143 = SURFACE_CURVE('',#144,(#148,#155),.PCURVE_S1.);
#144 = LINE('',#145,#146);
#145 = CARTESIAN_POINT('',(-1.293521163269,2.23,-2.873867684957));
#146 = VECTOR('',#147,1.);
#147 = DIRECTION('',(0.979974279479,0.,-0.199124110944));
#148 = PCURVE('',#32,#149);
#149 = DEFINITIONAL_REPRESENTATION('',(#150),#154);
#150 = LINE('',#151,#152);
#151 = CARTESIAN_POINT('',(-4.55120131278,-0.212269444389));
#152 = VECTOR('',#153,1.);
#153 = DIRECTION('',(-0.199124110944,0.979974279479));
#154 = ( GEOMETRIC_REPRESENTATION_CONTEXT(2) 
PARAMETRIC_REPRESENTATION_CONTEXT() REPRESENTATION_CONTEXT('2D SPACE',''
  ) );
#155 = PCURVE('',#156,#161);
#156 = PLANE('',#157);
#157 = AXIS2_PLACEMENT_3D('',#158,#159,#160);
#158 = CARTESIAN_POINT('',(-0.790008442844,1.991814836296,-3.02665829999
    ));
#159 = DIRECTION('',(-0.194963502477,0.203353179387,-0.959498159006));
#160 = DIRECTION('',(6.938893903907E-18,-0.978270686442,-0.207331772888)
  );
#161 = DEFINITIONAL_REPRESENTATION('',(#162),#166);
#162 = LINE('',#163,#164);
#163 = CARTESIAN_POINT('',(-0.264687912693,0.513363918439));
#164 = VECTOR('',#165,1.);
#165 = DIRECTION('',(4.128475494677E-02,-0.999147421059));
#166 = ( GEOMETRIC_REPRESENTATION_CONTEXT(2) 
PARAMETRIC_REPRESENTATION_CONTEXT() REPRESENTATION_CONTEXT('2D SPACE',''
  ) );
#167 = ORIENTED_EDGE('',*,*,#168,.F.);
#168 = EDGE_CURVE('',#169,#141,#171,.T.);
#169 = VERTEX_POINT('',#170);
#170 = CARTESIAN_POINT('',(-2.415523184358,2.23,-2.1960209612));
#171 = SURFACE_CURVE('',#172,(#176,#183),.PCURVE_S1.);
#172 = LINE('',#173,#174);
#173 = CARTESIAN_POINT('',(-2.415523184358,2.23,-2.1960209612));
#174 = VECTOR('',#175,1.);
#175 = DIRECTION('',(0.855925501422,0.,-0.517099154916));
#176 = PCURVE('',#32,#177);
#177 = DEFINITIONAL_REPRESENTATION('',(#178),#182);
#178 = LINE('',#179,#180);
#179 = CARTESIAN_POINT('',(-3.873354589023,-1.334271465477));
#180 = VECTOR('',#181,1.);
#181 = DIRECTION('',(-0.517099154916,0.855925501422));
#182 = ( GEOMETRIC_REPRESENTATION_CONTEXT(2) 
PARAMETRIC_REPRESENTATION_CONTEXT() REPRESENTATION_CONTEXT('2D SPACE',''
  ) );
#183 = PCURVE('',#184,#189);
#184 = PLANE('',#185);
#185 = AXIS2_PLACEMENT_3D('',#186,#187,#188);
#186 = CARTESIAN_POINT('',(-1.756638532354,1.991093390151,
    -2.653221744607));
#187 = DIRECTION('',(-0.505868116178,0.207284583921,-0.837335386989));
#188 = DIRECTION('',(-0.855925501422,2.775557561563E-17,0.517099154916)
  );
#189 = DEFINITIONAL_REPRESENTATION('',(#190),#194);
#190 = LINE('',#191,#192);
#191 = CARTESIAN_POINT('',(0.800374314872,0.244210698611));
#192 = VECTOR('',#193,1.);
#193 = DIRECTION('',(-1.,4.163336342344E-17));
#194 = ( GEOMETRIC_REPRESENTATION_CONTEXT(2) 
PARAMETRIC_REPRESENTATION_CONTEXT() REPRESENTATION_CONTEXT('2D SPACE',''
  ) );
#195 = ORIENTED_EDGE('',*,*,#196,.F.);
#196 = EDGE_CURVE('',#197,#169,#199,.T.);
#197 = VERTEX_POINT('',#198);
#198 = CARTESIAN_POINT('',(-3.133046421496,2.23,-1.169543341495));
#199 = SURFACE_CURVE('',#200,(#204,#211),.PCURVE_S1.);
#200 = LINE('',#201,#202);
#201 = CARTESIAN_POINT('',(-3.133046421496,2.23,-1.169543341495));
#202 = VECTOR('',#203,1.);
#203 = DIRECTION('',(0.572920386861,0.,-0.819611023791));
#204 = PCURVE('',#32,#205);
#205 = DEFINITIONAL_REPRESENTATION('',(#206),#210);
#206 = LINE('',#207,#208);
#207 = CARTESIAN_POINT('',(-2.846876969318,-2.051794702616));
#208 = VECTOR('',#209,1.);
#209 = DIRECTION('',(-0.819611023791,0.572920386861));
#210 = ( GEOMETRIC_REPRESENTATION_CONTEXT(2) 
PARAMETRIC_REPRESENTATION_CONTEXT() REPRESENTATION_CONTEXT('2D SPACE',''
  ) );
#211 = PCURVE('',#212,#217);
#212 = PLANE('',#213);
#213 = AXIS2_PLACEMENT_3D('',#214,#215,#216);
#214 = CARTESIAN_POINT('',(-2.735282099474,1.988907263066,
    -1.830965278219));
#215 = DIRECTION('',(-0.80054535952,0.214435481658,-0.559593201851));
#216 = DIRECTION('',(0.572920386861,1.387778780781E-17,-0.819611023791)
  );
#217 = DEFINITIONAL_REPRESENTATION('',(#218),#222);
#218 = LINE('',#219,#220);
#219 = CARTESIAN_POINT('',(-0.769995999968,-0.246834564209));
#220 = VECTOR('',#221,1.);
#221 = DIRECTION('',(1.,-2.775557561563E-17));
#222 = ( GEOMETRIC_REPRESENTATION_CONTEXT(2) 
PARAMETRIC_REPRESENTATION_CONTEXT() REPRESENTATION_CONTEXT('2D SPACE',''
  ) );
#223 = ORIENTED_EDGE('',*,*,#224,.T.);
#224 = EDGE_CURVE('',#197,#225,#227,.T.);
#225 = VERTEX_POINT('',#226);
#226 = CARTESIAN_POINT('',(-3.380754756182,2.23,1.5E-02));
#227 = SURFACE_CURVE('',#228,(#232,#239),.PCURVE_S1.);
#228 = LINE('',#229,#230);
#229 = CARTESIAN_POINT('',(-3.133046421496,2.23,-1.169543341495));
#230 = VECTOR('',#231,1.);
#231 = DIRECTION('',(-0.204689508707,0.,0.978826953565));
#232 = PCURVE('',#32,#233);
#233 = DEFINITIONAL_REPRESENTATION('',(#234),#238);
#234 = LINE('',#235,#236);
#235 = CARTESIAN_POINT('',(-2.846876969318,-2.051794702616));
#236 = VECTOR('',#237,1.);
#237 = DIRECTION('',(0.978826953565,-0.204689508707));
#238 = ( GEOMETRIC_REPRESENTATION_CONTEXT(2) 
PARAMETRIC_REPRESENTATION_CONTEXT() REPRESENTATION_CONTEXT('2D SPACE',''
  ) );
#239 = PCURVE('',#240,#245);
#240 = PLANE('',#241);
#241 = AXIS2_PLACEMENT_3D('',#242,#243,#244);
#242 = CARTESIAN_POINT('',(-3.280728097719,1.987128493642,
    -0.729192513467));
#243 = DIRECTION('',(-0.955143494291,0.218646014514,-0.199736891061));
#244 = DIRECTION('',(-0.223142431075,-0.974785851074,-6.938893903907E-18
    ));
#245 = DEFINITIONAL_REPRESENTATION('',(#246),#250);
#246 = LINE('',#247,#248);
#247 = CARTESIAN_POINT('',(-0.269701756284,-0.44940656481));
#248 = VECTOR('',#249,1.);
#249 = DIRECTION('',(4.567491458855E-02,0.998956356493));
#250 = ( GEOMETRIC_REPRESENTATION_CONTEXT(2) 
PARAMETRIC_REPRESENTATION_CONTEXT() REPRESENTATION_CONTEXT('2D SPACE',''
  ) );
#251 = ORIENTED_EDGE('',*,*,#252,.T.);
#252 = EDGE_CURVE('',#225,#253,#255,.T.);
#253 = VERTEX_POINT('',#254);
#254 = CARTESIAN_POINT('',(-3.198227240473,2.23,1.223953196687));
#255 = SURFACE_CURVE('',#256,(#260,#267),.PCURVE_S1.);
#256 = LINE('',#257,#258);
#257 = CARTESIAN_POINT('',(-3.380754756182,2.23,1.5E-02));
#258 = VECTOR('',#259,1.);
#259 = DIRECTION('',(0.149287889294,0.,0.988793773297));
#260 = PCURVE('',#32,#261);
#261 = DEFINITIONAL_REPRESENTATION('',(#262),#266);
#262 = LINE('',#263,#264);
#263 = CARTESIAN_POINT('',(-1.662333627823,-2.299503037302));
#264 = VECTOR('',#265,1.);
#265 = DIRECTION('',(0.988793773297,0.149287889294));
#266 = ( GEOMETRIC_REPRESENTATION_CONTEXT(2) 
PARAMETRIC_REPRESENTATION_CONTEXT() REPRESENTATION_CONTEXT('2D SPACE',''
  ) );
#267 = PCURVE('',#268,#273);
#268 = PLANE('',#269);
#269 = AXIS2_PLACEMENT_3D('',#270,#271,#272);
#270 = CARTESIAN_POINT('',(-3.321828030817,1.987231869593,0.773378419808
    ));
#271 = DIRECTION('',(-0.964397434014,0.220764373746,0.145604534791));
#272 = DIRECTION('',(-0.223142431075,-0.974785851074,0.));
#273 = DEFINITIONAL_REPRESENTATION('',(#274),#278);
#274 = LINE('',#275,#276);
#275 = CARTESIAN_POINT('',(-0.223497885859,-0.766547615449));
#276 = VECTOR('',#277,1.);
#277 = DIRECTION('',(-3.331246254719E-02,0.999444985899));
#278 = ( GEOMETRIC_REPRESENTATION_CONTEXT(2) 
PARAMETRIC_REPRESENTATION_CONTEXT() REPRESENTATION_CONTEXT('2D SPACE',''
  ) );
#279 = ORIENTED_EDGE('',*,*,#280,.F.);
#280 = EDGE_CURVE('',#281,#253,#283,.T.);
#281 = VERTEX_POINT('',#282);
#282 = CARTESIAN_POINT('',(-2.662384653508,2.23,1.97));
#283 = SURFACE_CURVE('',#284,(#288,#295),.PCURVE_S1.);
#284 = LINE('',#285,#286);
#285 = CARTESIAN_POINT('',(-2.453705224107,2.23,2.260541709467));
#286 = VECTOR('',#287,1.);
#287 = DIRECTION('',(-0.583364272888,0.,-0.812210640855));
#288 = PCURVE('',#32,#289);
#289 = DEFINITIONAL_REPRESENTATION('',(#290),#294);
#290 = LINE('',#291,#292);
#291 = CARTESIAN_POINT('',(0.583208081644,-1.372453505227));
#292 = VECTOR('',#293,1.);
#293 = DIRECTION('',(-0.812210640855,-0.583364272888));
#294 = ( GEOMETRIC_REPRESENTATION_CONTEXT(2) 
PARAMETRIC_REPRESENTATION_CONTEXT() REPRESENTATION_CONTEXT('2D SPACE',''
  ) );
#295 = PCURVE('',#296,#301);
#296 = PLANE('',#297);
#297 = AXIS2_PLACEMENT_3D('',#298,#299,#300);
#298 = CARTESIAN_POINT('',(-2.847631017152,1.716823568637,1.908526662113
    ));
#299 = DIRECTION('',(-0.792686399092,0.217942536699,0.569341130951));
#300 = DIRECTION('',(-0.583364272888,0.,-0.812210640855));
#301 = DEFINITIONAL_REPRESENTATION('',(#302),#306);
#302 = LINE('',#303,#304);
#303 = CARTESIAN_POINT('',(-0.515712601033,-0.525816210126));
#304 = VECTOR('',#305,1.);
#305 = DIRECTION('',(1.,2.775557561563E-17));
#306 = ( GEOMETRIC_REPRESENTATION_CONTEXT(2) 
PARAMETRIC_REPRESENTATION_CONTEXT() REPRESENTATION_CONTEXT('2D SPACE',''
  ) );
#307 = ORIENTED_EDGE('',*,*,#308,.T.);
#308 = EDGE_CURVE('',#281,#309,#311,.T.);
#309 = VERTEX_POINT('',#310);
#310 = CARTESIAN_POINT('',(-2.205,2.23,1.97));
#311 = SURFACE_CURVE('',#312,(#316,#323),.PCURVE_S1.);
#312 = LINE('',#313,#314);
#313 = CARTESIAN_POINT('',(-2.662384653508,2.23,1.97));
#314 = VECTOR('',#315,1.);
#315 = DIRECTION('',(1.,-9.709315921376E-16,0.));
#316 = PCURVE('',#32,#317);
#317 = DEFINITIONAL_REPRESENTATION('',(#318),#322);
#318 = LINE('',#319,#320);
#319 = CARTESIAN_POINT('',(0.292666372177,-1.581132934628));
#320 = VECTOR('',#321,1.);
#321 = DIRECTION('',(0.,1.));
#322 = ( GEOMETRIC_REPRESENTATION_CONTEXT(2) 
PARAMETRIC_REPRESENTATION_CONTEXT() REPRESENTATION_CONTEXT('2D SPACE',''
  ) );
#323 = PCURVE('',#324,#329);
#324 = PLANE('',#325);
#325 = AXIS2_PLACEMENT_3D('',#326,#327,#328);
#326 = CARTESIAN_POINT('',(-10.,0.,1.97));
#327 = DIRECTION('',(0.,0.,1.));
#328 = DIRECTION('',(1.,0.,0.));
#329 = DEFINITIONAL_REPRESENTATION('',(#330),#334);
#330 = LINE('',#331,#332);
#331 = CARTESIAN_POINT('',(7.337615346492,2.23));
#332 = VECTOR('',#333,1.);
#333 = DIRECTION('',(1.,-9.709315921376E-16));
#334 = ( GEOMETRIC_REPRESENTATION_CONTEXT(2) 
PARAMETRIC_REPRESENTATION_CONTEXT() REPRESENTATION_CONTEXT('2D SPACE',''
  ) );
#335 = ORIENTED_EDGE('',*,*,#336,.T.);
#336 = EDGE_CURVE('',#309,#22,#337,.T.);
#337 = SURFACE_CURVE('',#338,(#342,#349),.PCURVE_S1.);
#338 = LINE('',#339,#340);
#339 = CARTESIAN_POINT('',(-2.205,2.23,1.97));
#340 = VECTOR('',#341,1.);
#341 = DIRECTION('',(0.,0.,-1.));
#342 = PCURVE('',#32,#343);
#343 = DEFINITIONAL_REPRESENTATION('',(#344),#348);
#344 = LINE('',#345,#346);
#345 = CARTESIAN_POINT('',(0.292666372177,-1.12374828112));
#346 = VECTOR('',#347,1.);
#347 = DIRECTION('',(-1.,0.));
#348 = ( GEOMETRIC_REPRESENTATION_CONTEXT(2) 
PARAMETRIC_REPRESENTATION_CONTEXT() REPRESENTATION_CONTEXT('2D SPACE',''
  ) );
#349 = PCURVE('',#350,#355);
#350 = PLANE('',#351);
#351 = AXIS2_PLACEMENT_3D('',#352,#353,#354);
#352 = CARTESIAN_POINT('',(-2.205,0.,-1.855));
#353 = DIRECTION('',(1.,0.,0.));
#354 = DIRECTION('',(0.,0.,1.));
#355 = DEFINITIONAL_REPRESENTATION('',(#356),#360);
#356 = LINE('',#357,#358);
#357 = CARTESIAN_POINT('',(3.825,-2.23));
#358 = VECTOR('',#359,1.);
#359 = DIRECTION('',(-1.,0.));
#360 = ( GEOMETRIC_REPRESENTATION_CONTEXT(2) 
PARAMETRIC_REPRESENTATION_CONTEXT() REPRESENTATION_CONTEXT('2D SPACE',''
  ) );
#361 = ADVANCED_FACE('',(#362),#350,.T.);
#362 = FACE_BOUND('',#363,.T.);
#363 = EDGE_LOOP('',(#364,#394,#415,#416));
#364 = ORIENTED_EDGE('',*,*,#365,.F.);
#365 = EDGE_CURVE('',#366,#368,#370,.T.);
#366 = VERTEX_POINT('',#367);
#367 = CARTESIAN_POINT('',(-2.205,0.,-1.855));
#368 = VERTEX_POINT('',#369);
#369 = CARTESIAN_POINT('',(-2.205,0.,1.97));
#370 = SURFACE_CURVE('',#371,(#375,#382),.PCURVE_S1.);
#371 = LINE('',#372,#373);
#372 = CARTESIAN_POINT('',(-2.205,0.,-1.855));
#373 = VECTOR('',#374,1.);
#374 = DIRECTION('',(0.,0.,1.));
#375 = PCURVE('',#350,#376);
#376 = DEFINITIONAL_REPRESENTATION('',(#377),#381);
#377 = LINE('',#378,#379);
#378 = CARTESIAN_POINT('',(0.,0.));
#379 = VECTOR('',#380,1.);
#380 = DIRECTION('',(1.,0.));
#381 = ( GEOMETRIC_REPRESENTATION_CONTEXT(2) 
PARAMETRIC_REPRESENTATION_CONTEXT() REPRESENTATION_CONTEXT('2D SPACE',''
  ) );
#382 = PCURVE('',#383,#388);
#383 = PLANE('',#384);
#384 = AXIS2_PLACEMENT_3D('',#385,#386,#387);
#385 = CARTESIAN_POINT('',(-2.205,0.,-1.855));
#386 = DIRECTION('',(0.,1.,0.));
#387 = DIRECTION('',(0.,0.,1.));
#388 = DEFINITIONAL_REPRESENTATION('',(#389),#393);
#389 = LINE('',#390,#391);
#390 = CARTESIAN_POINT('',(0.,0.));
#391 = VECTOR('',#392,1.);
#392 = DIRECTION('',(1.,0.));
#393 = ( GEOMETRIC_REPRESENTATION_CONTEXT(2) 
PARAMETRIC_REPRESENTATION_CONTEXT() REPRESENTATION_CONTEXT('2D SPACE',''
  ) );
#394 = ORIENTED_EDGE('',*,*,#395,.T.);
#395 = EDGE_CURVE('',#366,#22,#396,.T.);
#396 = SURFACE_CURVE('',#397,(#401,#408),.PCURVE_S1.);
#397 = LINE('',#398,#399);
#398 = CARTESIAN_POINT('',(-2.205,0.,-1.855));
#399 = VECTOR('',#400,1.);
#400 = DIRECTION('',(0.,1.,0.));
#401 = PCURVE('',#350,#402);
#402 = DEFINITIONAL_REPRESENTATION('',(#403),#407);
#403 = LINE('',#404,#405);
#404 = CARTESIAN_POINT('',(0.,0.));
#405 = VECTOR('',#406,1.);
#406 = DIRECTION('',(0.,-1.));
#407 = ( GEOMETRIC_REPRESENTATION_CONTEXT(2) 
PARAMETRIC_REPRESENTATION_CONTEXT() REPRESENTATION_CONTEXT('2D SPACE',''
  ) );
#408 = PCURVE('',#44,#409);
#409 = DEFINITIONAL_REPRESENTATION('',(#410),#414);
#410 = LINE('',#411,#412);
#411 = CARTESIAN_POINT('',(0.,0.));
#412 = VECTOR('',#413,1.);
#413 = DIRECTION('',(0.,1.));
#414 = ( GEOMETRIC_REPRESENTATION_CONTEXT(2) 
PARAMETRIC_REPRESENTATION_CONTEXT() REPRESENTATION_CONTEXT('2D SPACE',''
  ) );
#415 = ORIENTED_EDGE('',*,*,#336,.F.);
#416 = ORIENTED_EDGE('',*,*,#417,.T.);
#417 = EDGE_CURVE('',#309,#368,#418,.T.);
#418 = SURFACE_CURVE('',#419,(#423,#429),.PCURVE_S1.);
#419 = LINE('',#420,#421);
#420 = CARTESIAN_POINT('',(-2.205,0.,1.97));
#421 = VECTOR('',#422,1.);
#422 = DIRECTION('',(0.,-1.,0.));
#423 = PCURVE('',#350,#424);
#424 = DEFINITIONAL_REPRESENTATION('',(#425),#428);
#425 = B_SPLINE_CURVE_WITH_KNOTS('',1,(#426,#427),.UNSPECIFIED.,.F.,.F.,
  (2,2),(-2.23,0.),.PIECEWISE_BEZIER_KNOTS.);
#426 = CARTESIAN_POINT('',(3.825,-2.23));
#427 = CARTESIAN_POINT('',(3.825,0.));
#428 = ( GEOMETRIC_REPRESENTATION_CONTEXT(2) 
PARAMETRIC_REPRESENTATION_CONTEXT() REPRESENTATION_CONTEXT('2D SPACE',''
  ) );
#429 = PCURVE('',#324,#430);
#430 = DEFINITIONAL_REPRESENTATION('',(#431),#434);
#431 = B_SPLINE_CURVE_WITH_KNOTS('',1,(#432,#433),.UNSPECIFIED.,.F.,.F.,
  (2,2),(-2.23,0.),.PIECEWISE_BEZIER_KNOTS.);
#432 = CARTESIAN_POINT('',(7.795,2.23));
#433 = CARTESIAN_POINT('',(7.795,0.));
#434 = ( GEOMETRIC_REPRESENTATION_CONTEXT(2) 
PARAMETRIC_REPRESENTATION_CONTEXT() REPRESENTATION_CONTEXT('2D SPACE',''
  ) );
#435 = ADVANCED_FACE('',(#436),#383,.T.);
#436 = FACE_BOUND('',#437,.T.);
#437 = EDGE_LOOP('',(#438,#461,#462,#485,#513,#541,#569,#597,#625,#653,
    #681,#709,#737,#765));
#438 = ORIENTED_EDGE('',*,*,#439,.F.);
#439 = EDGE_CURVE('',#366,#440,#442,.T.);
#440 = VERTEX_POINT('',#441);
#441 = CARTESIAN_POINT('',(2.29,0.,-1.855));
#442 = SURFACE_CURVE('',#443,(#447,#454),.PCURVE_S1.);
#443 = LINE('',#444,#445);
#444 = CARTESIAN_POINT('',(-2.205,0.,-1.855));
#445 = VECTOR('',#446,1.);
#446 = DIRECTION('',(1.,0.,0.));
#447 = PCURVE('',#383,#448);
#448 = DEFINITIONAL_REPRESENTATION('',(#449),#453);
#449 = LINE('',#450,#451);
#450 = CARTESIAN_POINT('',(0.,0.));
#451 = VECTOR('',#452,1.);
#452 = DIRECTION('',(0.,1.));
#453 = ( GEOMETRIC_REPRESENTATION_CONTEXT(2) 
PARAMETRIC_REPRESENTATION_CONTEXT() REPRESENTATION_CONTEXT('2D SPACE',''
  ) );
#454 = PCURVE('',#44,#455);
#455 = DEFINITIONAL_REPRESENTATION('',(#456),#460);
#456 = LINE('',#457,#458);
#457 = CARTESIAN_POINT('',(0.,0.));
#458 = VECTOR('',#459,1.);
#459 = DIRECTION('',(1.,0.));
#460 = ( GEOMETRIC_REPRESENTATION_CONTEXT(2) 
PARAMETRIC_REPRESENTATION_CONTEXT() REPRESENTATION_CONTEXT('2D SPACE',''
  ) );
#461 = ORIENTED_EDGE('',*,*,#365,.T.);
#462 = ORIENTED_EDGE('',*,*,#463,.F.);
#463 = EDGE_CURVE('',#464,#368,#466,.T.);
#464 = VERTEX_POINT('',#465);
#465 = CARTESIAN_POINT('',(-2.666768096098,0.,1.97));
#466 = SURFACE_CURVE('',#467,(#471,#478),.PCURVE_S1.);
#467 = LINE('',#468,#469);
#468 = CARTESIAN_POINT('',(-10.,0.,1.97));
#469 = VECTOR('',#470,1.);
#470 = DIRECTION('',(1.,0.,0.));
#471 = PCURVE('',#383,#472);
#472 = DEFINITIONAL_REPRESENTATION('',(#473),#477);
#473 = LINE('',#474,#475);
#474 = CARTESIAN_POINT('',(3.825,-7.795));
#475 = VECTOR('',#476,1.);
#476 = DIRECTION('',(0.,1.));
#477 = ( GEOMETRIC_REPRESENTATION_CONTEXT(2) 
PARAMETRIC_REPRESENTATION_CONTEXT() REPRESENTATION_CONTEXT('2D SPACE',''
  ) );
#478 = PCURVE('',#324,#479);
#479 = DEFINITIONAL_REPRESENTATION('',(#480),#484);
#480 = LINE('',#481,#482);
#481 = CARTESIAN_POINT('',(0.,0.));
#482 = VECTOR('',#483,1.);
#483 = DIRECTION('',(1.,0.));
#484 = ( GEOMETRIC_REPRESENTATION_CONTEXT(2) 
PARAMETRIC_REPRESENTATION_CONTEXT() REPRESENTATION_CONTEXT('2D SPACE',''
  ) );
#485 = ORIENTED_EDGE('',*,*,#486,.T.);
#486 = EDGE_CURVE('',#464,#487,#489,.T.);
#487 = VERTEX_POINT('',#488);
#488 = CARTESIAN_POINT('',(-2.4563628707,0.,2.262944513235));
#489 = SURFACE_CURVE('',#490,(#494,#501),.PCURVE_S1.);
#490 = LINE('',#491,#492);
#491 = CARTESIAN_POINT('',(-2.666768096098,0.,1.97));
#492 = VECTOR('',#493,1.);
#493 = DIRECTION('',(0.583364272888,0.,0.812210640855));
#494 = PCURVE('',#383,#495);
#495 = DEFINITIONAL_REPRESENTATION('',(#496),#500);
#496 = LINE('',#497,#498);
#497 = CARTESIAN_POINT('',(3.825,-0.461768096098));
#498 = VECTOR('',#499,1.);
#499 = DIRECTION('',(0.812210640855,0.583364272888));
#500 = ( GEOMETRIC_REPRESENTATION_CONTEXT(2) 
PARAMETRIC_REPRESENTATION_CONTEXT() REPRESENTATION_CONTEXT('2D SPACE',''
  ) );
#501 = PCURVE('',#502,#507);
#502 = PLANE('',#503);
#503 = AXIS2_PLACEMENT_3D('',#504,#505,#506);
#504 = CARTESIAN_POINT('',(-2.827996849684,-0.19739461052,1.591385975367
    ));
#505 = DIRECTION('',(-0.739136341814,-0.414541607146,0.530879199211));
#506 = DIRECTION('',(-0.583364272888,0.,-0.812210640855));
#507 = DEFINITIONAL_REPRESENTATION('',(#508),#512);
#508 = LINE('',#509,#510);
#509 = CARTESIAN_POINT('',(-0.401569434188,-0.216909917754));
#510 = VECTOR('',#511,1.);
#511 = DIRECTION('',(-1.,3.608224830032E-16));
#512 = ( GEOMETRIC_REPRESENTATION_CONTEXT(2) 
PARAMETRIC_REPRESENTATION_CONTEXT() REPRESENTATION_CONTEXT('2D SPACE',''
  ) );
#513 = ORIENTED_EDGE('',*,*,#514,.T.);
#514 = EDGE_CURVE('',#487,#515,#517,.T.);
#515 = VERTEX_POINT('',#516);
#516 = CARTESIAN_POINT('',(-1.28374214763,0.,2.882522894217));
#517 = SURFACE_CURVE('',#518,(#522,#529),.PCURVE_S1.);
#518 = LINE('',#519,#520);
#519 = CARTESIAN_POINT('',(-2.4563628707,0.,2.262944513235));
#520 = VECTOR('',#521,1.);
#521 = DIRECTION('',(0.884168269298,0.,0.467168568685));
#522 = PCURVE('',#383,#523);
#523 = DEFINITIONAL_REPRESENTATION('',(#524),#528);
#524 = LINE('',#525,#526);
#525 = CARTESIAN_POINT('',(4.117944513235,-0.2513628707));
#526 = VECTOR('',#527,1.);
#527 = DIRECTION('',(0.467168568685,0.884168269298));
#528 = ( GEOMETRIC_REPRESENTATION_CONTEXT(2) 
PARAMETRIC_REPRESENTATION_CONTEXT() REPRESENTATION_CONTEXT('2D SPACE',''
  ) );
#529 = PCURVE('',#530,#535);
#530 = PLANE('',#531);
#531 = AXIS2_PLACEMENT_3D('',#532,#533,#534);
#532 = CARTESIAN_POINT('',(-1.706056210068,-0.197347562272,
    2.563257426216));
#533 = DIRECTION('',(-0.429068292144,-0.395550419369,0.812059275185));
#534 = DIRECTION('',(0.884168269298,0.,0.467168568685));
#535 = DEFINITIONAL_REPRESENTATION('',(#536),#540);
#536 = LINE('',#537,#538);
#537 = CARTESIAN_POINT('',(-0.803694095288,0.214871571468));
#538 = VECTOR('',#539,1.);
#539 = DIRECTION('',(1.,2.775557561563E-17));
#540 = ( GEOMETRIC_REPRESENTATION_CONTEXT(2) 
PARAMETRIC_REPRESENTATION_CONTEXT() REPRESENTATION_CONTEXT('2D SPACE',''
  ) );
#541 = ORIENTED_EDGE('',*,*,#542,.T.);
#542 = EDGE_CURVE('',#515,#543,#545,.T.);
#543 = VERTEX_POINT('',#544);
#544 = CARTESIAN_POINT('',(3.E-02,0.,3.107061762085));
#545 = SURFACE_CURVE('',#546,(#550,#557),.PCURVE_S1.);
#546 = LINE('',#547,#548);
#547 = CARTESIAN_POINT('',(-1.28374214763,0.,2.882522894217));
#548 = VECTOR('',#549,1.);
#549 = DIRECTION('',(0.985706358659,0.,0.168472474011));
#550 = PCURVE('',#383,#551);
#551 = DEFINITIONAL_REPRESENTATION('',(#552),#556);
#552 = LINE('',#553,#554);
#553 = CARTESIAN_POINT('',(4.737522894217,0.92125785237));
#554 = VECTOR('',#555,1.);
#555 = DIRECTION('',(0.168472474011,0.985706358659));
#556 = ( GEOMETRIC_REPRESENTATION_CONTEXT(2) 
PARAMETRIC_REPRESENTATION_CONTEXT() REPRESENTATION_CONTEXT('2D SPACE',''
  ) );
#557 = PCURVE('',#558,#563);
#558 = PLANE('',#559);
#559 = AXIS2_PLACEMENT_3D('',#560,#561,#562);
#560 = CARTESIAN_POINT('',(-0.422562479386,-0.465467167761,
    2.832878708709));
#561 = DIRECTION('',(-0.155504155159,-0.384742114695,0.909830733108));
#562 = DIRECTION('',(0.,0.921034903364,0.389480046709));
#563 = DEFINITIONAL_REPRESENTATION('',(#564),#568);
#564 = LINE('',#565,#566);
#565 = CARTESIAN_POINT('',(0.448046927569,0.87178472177));
#566 = VECTOR('',#567,1.);
#567 = DIRECTION('',(6.561666704705E-02,-0.997844904284));
#568 = ( GEOMETRIC_REPRESENTATION_CONTEXT(2) 
PARAMETRIC_REPRESENTATION_CONTEXT() REPRESENTATION_CONTEXT('2D SPACE',''
  ) );
#569 = ORIENTED_EDGE('',*,*,#570,.T.);
#570 = EDGE_CURVE('',#543,#571,#573,.T.);
#571 = VERTEX_POINT('',#572);
#572 = CARTESIAN_POINT('',(1.351877739017,0.,2.900280560439));
#573 = SURFACE_CURVE('',#574,(#578,#585),.PCURVE_S1.);
#574 = LINE('',#575,#576);
#575 = CARTESIAN_POINT('',(3.E-02,0.,3.107061762085));
#576 = VECTOR('',#577,1.);
#577 = DIRECTION('',(0.987984908839,0.,-0.154550379833));
#578 = PCURVE('',#383,#579);
#579 = DEFINITIONAL_REPRESENTATION('',(#580),#584);
#580 = LINE('',#581,#582);
#581 = CARTESIAN_POINT('',(4.962061762085,2.235));
#582 = VECTOR('',#583,1.);
#583 = DIRECTION('',(-0.154550379833,0.987984908839));
#584 = ( GEOMETRIC_REPRESENTATION_CONTEXT(2) 
PARAMETRIC_REPRESENTATION_CONTEXT() REPRESENTATION_CONTEXT('2D SPACE',''
  ) );
#585 = PCURVE('',#586,#591);
#586 = PLANE('',#587);
#587 = AXIS2_PLACEMENT_3D('',#588,#589,#590);
#588 = CARTESIAN_POINT('',(0.802410688034,-0.194635075558,2.903927875248
    ));
#589 = DIRECTION('',(0.142604882481,-0.385499442403,0.911621647066));
#590 = DIRECTION('',(0.,0.921034903364,0.389480046709));
#591 = DEFINITIONAL_REPRESENTATION('',(#592),#596);
#592 = LINE('',#593,#594);
#593 = CARTESIAN_POINT('',(0.258382293742,0.780386474697));
#594 = VECTOR('',#595,1.);
#595 = DIRECTION('',(-6.019428915642E-02,-0.998186679711));
#596 = ( GEOMETRIC_REPRESENTATION_CONTEXT(2) 
PARAMETRIC_REPRESENTATION_CONTEXT() REPRESENTATION_CONTEXT('2D SPACE',''
  ) );
#597 = ORIENTED_EDGE('',*,*,#598,.T.);
#598 = EDGE_CURVE('',#571,#599,#601,.T.);
#599 = VERTEX_POINT('',#600);
#600 = CARTESIAN_POINT('',(2.472536644739,0.,2.223320802093));
#601 = SURFACE_CURVE('',#602,(#606,#613),.PCURVE_S1.);
#602 = LINE('',#603,#604);
#603 = CARTESIAN_POINT('',(1.351877739017,0.,2.900280560439));
#604 = VECTOR('',#605,1.);
#605 = DIRECTION('',(0.855951035303,0.,-0.517056887744));
#606 = PCURVE('',#383,#607);
#607 = DEFINITIONAL_REPRESENTATION('',(#608),#612);
#608 = LINE('',#609,#610);
#609 = CARTESIAN_POINT('',(4.755280560439,3.556877739017));
#610 = VECTOR('',#611,1.);
#611 = DIRECTION('',(-0.517056887744,0.855951035303));
#612 = ( GEOMETRIC_REPRESENTATION_CONTEXT(2) 
PARAMETRIC_REPRESENTATION_CONTEXT() REPRESENTATION_CONTEXT('2D SPACE',''
  ) );
#613 = PCURVE('',#614,#619);
#614 = PLANE('',#615);
#615 = AXIS2_PLACEMENT_3D('',#616,#617,#618);
#616 = CARTESIAN_POINT('',(1.751950853991,-0.197390162422,2.559162542684
    ));
#617 = DIRECTION('',(0.474792742702,-0.395977613793,0.785985738327));
#618 = DIRECTION('',(0.855951035303,0.,-0.517056887744));
#619 = DEFINITIONAL_REPRESENTATION('',(#620),#624);
#620 = LINE('',#621,#622);
#621 = CARTESIAN_POINT('',(-0.518820417573,0.214961042733));
#622 = VECTOR('',#623,1.);
#623 = DIRECTION('',(1.,-5.551115123126E-17));
#624 = ( GEOMETRIC_REPRESENTATION_CONTEXT(2) 
PARAMETRIC_REPRESENTATION_CONTEXT() REPRESENTATION_CONTEXT('2D SPACE',''
  ) );
#625 = ORIENTED_EDGE('',*,*,#626,.T.);
#626 = EDGE_CURVE('',#599,#627,#629,.T.);
#627 = VERTEX_POINT('',#628);
#628 = CARTESIAN_POINT('',(3.253545958817,0.,1.222200082671));
#629 = SURFACE_CURVE('',#630,(#634,#641),.PCURVE_S1.);
#630 = LINE('',#631,#632);
#631 = CARTESIAN_POINT('',(2.472536644739,0.,2.223320802093));
#632 = VECTOR('',#633,1.);
#633 = DIRECTION('',(0.615097975418,0.,-0.788450683706));
#634 = PCURVE('',#383,#635);
#635 = DEFINITIONAL_REPRESENTATION('',(#636),#640);
#636 = LINE('',#637,#638);
#637 = CARTESIAN_POINT('',(4.078320802093,4.677536644739));
#638 = VECTOR('',#639,1.);
#639 = DIRECTION('',(-0.788450683706,0.615097975418));
#640 = ( GEOMETRIC_REPRESENTATION_CONTEXT(2) 
PARAMETRIC_REPRESENTATION_CONTEXT() REPRESENTATION_CONTEXT('2D SPACE',''
  ) );
#641 = PCURVE('',#642,#647);
#642 = PLANE('',#643);
#643 = AXIS2_PLACEMENT_3D('',#644,#645,#646);
#644 = CARTESIAN_POINT('',(2.783842304638,-0.460673913135,1.487897299406
    ));
#645 = DIRECTION('',(0.719235683116,-0.409714263317,0.56110093082));
#646 = DIRECTION('',(-0.615097975418,0.,0.788450683706));
#647 = DEFINITIONAL_REPRESENTATION('',(#648),#652);
#648 = LINE('',#649,#650);
#649 = CARTESIAN_POINT('',(0.771328644647,-0.505006453799));
#650 = VECTOR('',#651,1.);
#651 = DIRECTION('',(-1.,0.));
#652 = ( GEOMETRIC_REPRESENTATION_CONTEXT(2) 
PARAMETRIC_REPRESENTATION_CONTEXT() REPRESENTATION_CONTEXT('2D SPACE',''
  ) );
#653 = ORIENTED_EDGE('',*,*,#654,.T.);
#654 = EDGE_CURVE('',#627,#655,#657,.T.);
#655 = VERTEX_POINT('',#656);
#656 = CARTESIAN_POINT('',(3.532056828303,0.,1.5E-02));
#657 = SURFACE_CURVE('',#658,(#662,#669),.PCURVE_S1.);
#658 = LINE('',#659,#660);
#659 = CARTESIAN_POINT('',(3.253545958817,0.,1.222200082671));
#660 = VECTOR('',#661,1.);
#661 = DIRECTION('',(0.224802976602,0.,-0.974404239374));
#662 = PCURVE('',#383,#663);
#663 = DEFINITIONAL_REPRESENTATION('',(#664),#668);
#664 = LINE('',#665,#666);
#665 = CARTESIAN_POINT('',(3.077200082671,5.458545958817));
#666 = VECTOR('',#667,1.);
#667 = DIRECTION('',(-0.974404239374,0.224802976602));
#668 = ( GEOMETRIC_REPRESENTATION_CONTEXT(2) 
PARAMETRIC_REPRESENTATION_CONTEXT() REPRESENTATION_CONTEXT('2D SPACE',''
  ) );
#669 = PCURVE('',#670,#675);
#670 = PLANE('',#671);
#671 = AXIS2_PLACEMENT_3D('',#672,#673,#674);
#672 = CARTESIAN_POINT('',(3.330117146621,-0.199441028174,0.476269950386
    ));
#673 = DIRECTION('',(0.882982680035,-0.42289868904,0.203711279917));
#674 = DIRECTION('',(0.431956378937,0.90189449865,0.));
#675 = DEFINITIONAL_REPRESENTATION('',(#676),#680);
#676 = LINE('',#677,#678);
#677 = CARTESIAN_POINT('',(0.146799353101,0.761906544598));
#678 = VECTOR('',#679,1.);
#679 = DIRECTION('',(9.710507974725E-02,-0.995274134843));
#680 = ( GEOMETRIC_REPRESENTATION_CONTEXT(2) 
PARAMETRIC_REPRESENTATION_CONTEXT() REPRESENTATION_CONTEXT('2D SPACE',''
  ) );
#681 = ORIENTED_EDGE('',*,*,#682,.T.);
#682 = EDGE_CURVE('',#655,#683,#685,.T.);
#683 = VERTEX_POINT('',#684);
#684 = CARTESIAN_POINT('',(3.188295394212,0.,-1.167764108128));
#685 = SURFACE_CURVE('',#686,(#690,#697),.PCURVE_S1.);
#686 = LINE('',#687,#688);
#687 = CARTESIAN_POINT('',(3.532056828303,0.,1.5E-02));
#688 = VECTOR('',#689,1.);
#689 = DIRECTION('',(-0.279093446679,0.,-0.960263947059));
#690 = PCURVE('',#383,#691);
#691 = DEFINITIONAL_REPRESENTATION('',(#692),#696);
#692 = LINE('',#693,#694);
#693 = CARTESIAN_POINT('',(1.87,5.737056828303));
#694 = VECTOR('',#695,1.);
#695 = DIRECTION('',(-0.960263947059,-0.279093446679));
#696 = ( GEOMETRIC_REPRESENTATION_CONTEXT(2) 
PARAMETRIC_REPRESENTATION_CONTEXT() REPRESENTATION_CONTEXT('2D SPACE',''
  ) );
#697 = PCURVE('',#698,#703);
#698 = PLANE('',#699);
#699 = AXIS2_PLACEMENT_3D('',#700,#701,#702);
#700 = CARTESIAN_POINT('',(3.233324993541,-0.201190327018,
    -0.681295666003));
#701 = DIRECTION('',(0.872419760763,-0.417839649024,-0.253562198944));
#702 = DIRECTION('',(0.431956378937,0.90189449865,0.));
#703 = DEFINITIONAL_REPRESENTATION('',(#704),#708);
#704 = LINE('',#705,#706);
#705 = CARTESIAN_POINT('',(0.310491570736,0.719820044026));
#706 = VECTOR('',#707,1.);
#707 = DIRECTION('',(-0.120556194613,-0.992706504431));
#708 = ( GEOMETRIC_REPRESENTATION_CONTEXT(2) 
PARAMETRIC_REPRESENTATION_CONTEXT() REPRESENTATION_CONTEXT('2D SPACE',''
  ) );
#709 = ORIENTED_EDGE('',*,*,#710,.T.);
#710 = EDGE_CURVE('',#683,#711,#713,.T.);
#711 = VERTEX_POINT('',#712);
#712 = CARTESIAN_POINT('',(2.434313748946,0.,-2.158763115486));
#713 = SURFACE_CURVE('',#714,(#718,#725),.PCURVE_S1.);
#714 = LINE('',#715,#716);
#715 = CARTESIAN_POINT('',(3.188295394212,0.,-1.167764108128));
#716 = VECTOR('',#717,1.);
#717 = DIRECTION('',(-0.605501823877,0.,-0.795843917663));
#718 = PCURVE('',#383,#719);
#719 = DEFINITIONAL_REPRESENTATION('',(#720),#724);
#720 = LINE('',#721,#722);
#721 = CARTESIAN_POINT('',(0.687235891872,5.393295394212));
#722 = VECTOR('',#723,1.);
#723 = DIRECTION('',(-0.795843917663,-0.605501823877));
#724 = ( GEOMETRIC_REPRESENTATION_CONTEXT(2) 
PARAMETRIC_REPRESENTATION_CONTEXT() REPRESENTATION_CONTEXT('2D SPACE',''
  ) );
#725 = PCURVE('',#726,#731);
#726 = PLANE('',#727);
#727 = AXIS2_PLACEMENT_3D('',#728,#729,#730);
#728 = CARTESIAN_POINT('',(2.814352913636,-0.198185241403,
    -1.514687810935));
#729 = DIRECTION('',(0.727992995418,-0.404035216637,-0.553878815572));
#730 = DIRECTION('',(0.605501823877,0.,0.795843917663));
#731 = DEFINITIONAL_REPRESENTATION('',(#732),#736);
#732 = LINE('',#733,#734);
#733 = CARTESIAN_POINT('',(0.502519972786,-0.216656643586));
#734 = VECTOR('',#735,1.);
#735 = DIRECTION('',(-1.,-8.326672684689E-17));
#736 = ( GEOMETRIC_REPRESENTATION_CONTEXT(2) 
PARAMETRIC_REPRESENTATION_CONTEXT() REPRESENTATION_CONTEXT('2D SPACE',''
  ) );
#737 = ORIENTED_EDGE('',*,*,#738,.T.);
#738 = EDGE_CURVE('',#711,#739,#741,.T.);
#739 = VERTEX_POINT('',#740);
#740 = CARTESIAN_POINT('',(2.29,0.,-2.257908143109));
#741 = SURFACE_CURVE('',#742,(#746,#753),.PCURVE_S1.);
#742 = LINE('',#743,#744);
#743 = CARTESIAN_POINT('',(2.434313748946,0.,-2.158763115486));
#744 = VECTOR('',#745,1.);
#745 = DIRECTION('',(-0.824230320152,0.,-0.566254694764));
#746 = PCURVE('',#383,#747);
#747 = DEFINITIONAL_REPRESENTATION('',(#748),#752);
#748 = LINE('',#749,#750);
#749 = CARTESIAN_POINT('',(-0.303763115486,4.639313748946));
#750 = VECTOR('',#751,1.);
#751 = DIRECTION('',(-0.566254694764,-0.824230320152));
#752 = ( GEOMETRIC_REPRESENTATION_CONTEXT(2) 
PARAMETRIC_REPRESENTATION_CONTEXT() REPRESENTATION_CONTEXT('2D SPACE',''
  ) );
#753 = PCURVE('',#754,#759);
#754 = PLANE('',#755);
#755 = AXIS2_PLACEMENT_3D('',#756,#757,#758);
#756 = CARTESIAN_POINT('',(1.742392305273,-0.197159535489,
    -2.530969408936));
#757 = DIRECTION('',(0.519969373561,-0.395976612497,-0.756858225109));
#758 = DIRECTION('',(-0.824230320152,0.,-0.566254694764));
#759 = DEFINITIONAL_REPRESENTATION('',(#760),#764);
#760 = LINE('',#761,#762);
#761 = CARTESIAN_POINT('',(-0.781066194126,0.214709785355));
#762 = VECTOR('',#763,1.);
#763 = DIRECTION('',(1.,6.383782391595E-16));
#764 = ( GEOMETRIC_REPRESENTATION_CONTEXT(2) 
PARAMETRIC_REPRESENTATION_CONTEXT() REPRESENTATION_CONTEXT('2D SPACE',''
  ) );
#765 = ORIENTED_EDGE('',*,*,#766,.T.);
#766 = EDGE_CURVE('',#739,#440,#767,.T.);
#767 = SURFACE_CURVE('',#768,(#772,#779),.PCURVE_S1.);
#768 = LINE('',#769,#770);
#769 = CARTESIAN_POINT('',(2.29,0.,-10.));
#770 = VECTOR('',#771,1.);
#771 = DIRECTION('',(0.,0.,1.));
#772 = PCURVE('',#383,#773);
#773 = DEFINITIONAL_REPRESENTATION('',(#774),#778);
#774 = LINE('',#775,#776);
#775 = CARTESIAN_POINT('',(-8.145,4.495));
#776 = VECTOR('',#777,1.);
#777 = DIRECTION('',(1.,0.));
#778 = ( GEOMETRIC_REPRESENTATION_CONTEXT(2) 
PARAMETRIC_REPRESENTATION_CONTEXT() REPRESENTATION_CONTEXT('2D SPACE',''
  ) );
#779 = PCURVE('',#72,#780);
#780 = DEFINITIONAL_REPRESENTATION('',(#781),#785);
#781 = LINE('',#782,#783);
#782 = CARTESIAN_POINT('',(0.,0.));
#783 = VECTOR('',#784,1.);
#784 = DIRECTION('',(1.,0.));
#785 = ( GEOMETRIC_REPRESENTATION_CONTEXT(2) 
PARAMETRIC_REPRESENTATION_CONTEXT() REPRESENTATION_CONTEXT('2D SPACE',''
  ) );
#786 = ADVANCED_FACE('',(#787),#754,.T.);
#787 = FACE_BOUND('',#788,.T.);
#788 = EDGE_LOOP('',(#789,#819,#847,#867,#868,#891));
#789 = ORIENTED_EDGE('',*,*,#790,.F.);
#790 = EDGE_CURVE('',#791,#793,#795,.T.);
#791 = VERTEX_POINT('',#792);
#792 = CARTESIAN_POINT('',(1.372188558247,5.E-02,-2.914613262444));
#793 = VERTEX_POINT('',#794);
#794 = CARTESIAN_POINT('',(1.231808437611,-0.72,-2.608203659508));
#795 = SURFACE_CURVE('',#796,(#800,#807),.PCURVE_S1.);
#796 = LINE('',#797,#798);
#797 = CARTESIAN_POINT('',(1.372188558247,5.E-02,-2.914613262444));
#798 = VECTOR('',#799,1.);
#799 = DIRECTION('',(-0.167013489351,-0.916086880519,0.36454261989));
#800 = PCURVE('',#754,#801);
#801 = DEFINITIONAL_REPRESENTATION('',(#802),#806);
#802 = LINE('',#803,#804);
#803 = CARTESIAN_POINT('',(0.522373286099,0.269160559147));
#804 = VECTOR('',#805,1.);
#805 = DIRECTION('',(-6.876638815706E-02,-0.997632790089));
#806 = ( GEOMETRIC_REPRESENTATION_CONTEXT(2) 
PARAMETRIC_REPRESENTATION_CONTEXT() REPRESENTATION_CONTEXT('2D SPACE',''
  ) );
#807 = PCURVE('',#808,#813);
#808 = PLANE('',#809);
#809 = AXIS2_PLACEMENT_3D('',#810,#811,#812);
#810 = CARTESIAN_POINT('',(0.80738450439,-0.19437758755,-2.915503136036)
  );
#811 = DIRECTION('',(0.17060587349,-0.391009895789,-0.904436231763));
#812 = DIRECTION('',(0.,-0.917893141252,0.396827646773));
#813 = DEFINITIONAL_REPRESENTATION('',(#814),#818);
#814 = LINE('',#815,#816);
#815 = CARTESIAN_POINT('',(-0.223959385045,-0.573207650224));
#816 = VECTOR('',#817,1.);
#817 = DIRECTION('',(0.985530454418,0.169498446643));
#818 = ( GEOMETRIC_REPRESENTATION_CONTEXT(2) 
PARAMETRIC_REPRESENTATION_CONTEXT() REPRESENTATION_CONTEXT('2D SPACE',''
  ) );
#819 = ORIENTED_EDGE('',*,*,#820,.T.);
#820 = EDGE_CURVE('',#791,#821,#823,.T.);
#821 = VERTEX_POINT('',#822);
#822 = CARTESIAN_POINT('',(2.29,5.E-02,-2.284067376065));
#823 = SURFACE_CURVE('',#824,(#828,#835),.PCURVE_S1.);
#824 = LINE('',#825,#826);
#825 = CARTESIAN_POINT('',(1.372188558247,5.E-02,-2.914613262444));
#826 = VECTOR('',#827,1.);
#827 = DIRECTION('',(0.824230320152,0.,0.566254694764));
#828 = PCURVE('',#754,#829);
#829 = DEFINITIONAL_REPRESENTATION('',(#830),#834);
#830 = LINE('',#831,#832);
#831 = CARTESIAN_POINT('',(0.522373286099,0.269160559147));
#832 = VECTOR('',#833,1.);
#833 = DIRECTION('',(-1.,2.775557561563E-17));
#834 = ( GEOMETRIC_REPRESENTATION_CONTEXT(2) 
PARAMETRIC_REPRESENTATION_CONTEXT() REPRESENTATION_CONTEXT('2D SPACE',''
  ) );
#835 = PCURVE('',#836,#841);
#836 = PLANE('',#837);
#837 = AXIS2_PLACEMENT_3D('',#838,#839,#840);
#838 = CARTESIAN_POINT('',(1.862933105636,0.532791432642,-2.691777965097
    ));
#839 = DIRECTION('',(0.555770282198,-0.191540888552,-0.808969394624));
#840 = DIRECTION('',(-0.824230320152,-1.387778780781E-17,-0.566254694764
    ));
#841 = DEFINITIONAL_REPRESENTATION('',(#842),#846);
#842 = LINE('',#843,#844);
#843 = CARTESIAN_POINT('',(0.530668068689,-0.491899124661));
#844 = VECTOR('',#845,1.);
#845 = DIRECTION('',(-1.,-6.938893903907E-17));
#846 = ( GEOMETRIC_REPRESENTATION_CONTEXT(2) 
PARAMETRIC_REPRESENTATION_CONTEXT() REPRESENTATION_CONTEXT('2D SPACE',''
  ) );
#847 = ORIENTED_EDGE('',*,*,#848,.T.);
#848 = EDGE_CURVE('',#821,#739,#849,.T.);
#849 = SURFACE_CURVE('',#850,(#854,#861),.PCURVE_S1.);
#850 = LINE('',#851,#852);
#851 = CARTESIAN_POINT('',(2.29,1.568727332324,-3.078642217705));
#852 = VECTOR('',#853,1.);
#853 = DIRECTION('',(0.,-0.886059003606,0.463572477752));
#854 = PCURVE('',#754,#855);
#855 = DEFINITIONAL_REPRESENTATION('',(#856),#860);
#856 = LINE('',#857,#858);
#857 = CARTESIAN_POINT('',(-0.141232566382,1.923078127612));
#858 = VECTOR('',#859,1.);
#859 = DIRECTION('',(-0.26250009189,-0.964931967424));
#860 = ( GEOMETRIC_REPRESENTATION_CONTEXT(2) 
PARAMETRIC_REPRESENTATION_CONTEXT() REPRESENTATION_CONTEXT('2D SPACE',''
  ) );
#861 = PCURVE('',#72,#862);
#862 = DEFINITIONAL_REPRESENTATION('',(#863),#866);
#863 = B_SPLINE_CURVE_WITH_KNOTS('',1,(#864,#865),.UNSPECIFIED.,.F.,.F.,
  (2,2),(1.714025054927,1.770454705544),.PIECEWISE_BEZIER_KNOTS.);
#864 = CARTESIAN_POINT('',(7.715932623935,-5.E-02));
#865 = CARTESIAN_POINT('',(7.742091856891,0.));
#866 = ( GEOMETRIC_REPRESENTATION_CONTEXT(2) 
PARAMETRIC_REPRESENTATION_CONTEXT() REPRESENTATION_CONTEXT('2D SPACE',''
  ) );
#867 = ORIENTED_EDGE('',*,*,#738,.F.);
#868 = ORIENTED_EDGE('',*,*,#869,.T.);
#869 = EDGE_CURVE('',#711,#870,#872,.T.);
#870 = VERTEX_POINT('',#871);
#871 = CARTESIAN_POINT('',(2.197566685282,-0.72,-1.94471782505));
#872 = SURFACE_CURVE('',#873,(#877,#884),.PCURVE_S1.);
#873 = LINE('',#874,#875);
#874 = CARTESIAN_POINT('',(2.450754517256,5.E-02,-2.173627371766));
#875 = VECTOR('',#876,1.);
#876 = DIRECTION('',(-0.300604943204,-0.914205886052,0.271779811664));
#877 = PCURVE('',#754,#878);
#878 = DEFINITIONAL_REPRESENTATION('',(#879),#883);
#879 = LINE('',#880,#881);
#880 = CARTESIAN_POINT('',(-0.78620021895,0.269160559147));
#881 = VECTOR('',#882,1.);
#882 = DIRECTION('',(9.387111427941E-02,-0.995584358005));
#883 = ( GEOMETRIC_REPRESENTATION_CONTEXT(2) 
PARAMETRIC_REPRESENTATION_CONTEXT() REPRESENTATION_CONTEXT('2D SPACE',''
  ) );
#884 = PCURVE('',#726,#885);
#885 = DEFINITIONAL_REPRESENTATION('',(#886),#890);
#886 = LINE('',#887,#888);
#887 = CARTESIAN_POINT('',(-0.744572533762,-0.271316779238));
#888 = VECTOR('',#889,1.);
#889 = DIRECTION('',(3.427746868003E-02,0.999412354907));
#890 = ( GEOMETRIC_REPRESENTATION_CONTEXT(2) 
PARAMETRIC_REPRESENTATION_CONTEXT() REPRESENTATION_CONTEXT('2D SPACE',''
  ) );
#891 = ORIENTED_EDGE('',*,*,#892,.T.);
#892 = EDGE_CURVE('',#870,#793,#893,.T.);
#893 = SURFACE_CURVE('',#894,(#898,#905),.PCURVE_S1.);
#894 = LINE('',#895,#896);
#895 = CARTESIAN_POINT('',(2.197566685282,-0.72,-1.94471782505));
#896 = VECTOR('',#897,1.);
#897 = DIRECTION('',(-0.824230320152,0.,-0.566254694764));
#898 = PCURVE('',#754,#899);
#899 = DEFINITIONAL_REPRESENTATION('',(#900),#904);
#900 = LINE('',#901,#902);
#901 = CARTESIAN_POINT('',(-0.707136236649,-0.569381357241));
#902 = VECTOR('',#903,1.);
#903 = DIRECTION('',(1.,-2.22044604925E-16));
#904 = ( GEOMETRIC_REPRESENTATION_CONTEXT(2) 
PARAMETRIC_REPRESENTATION_CONTEXT() REPRESENTATION_CONTEXT('2D SPACE',''
  ) );
#905 = PCURVE('',#906,#911);
#906 = PLANE('',#907);
#907 = AXIS2_PLACEMENT_3D('',#908,#909,#910);
#908 = CARTESIAN_POINT('',(1.499435660884,-0.975663366704,
    -2.181984833247));
#909 = DIRECTION('',(0.446205310082,-0.615682899974,-0.64948855874));
#910 = DIRECTION('',(-2.775557561563E-17,-0.725741796663,0.687967182776)
  );
#911 = DEFINITIONAL_REPRESENTATION('',(#912),#916);
#912 = LINE('',#913,#914);
#913 = CARTESIAN_POINT('',(-2.231367589717E-02,-0.780095133525));
#914 = VECTOR('',#915,1.);
#915 = DIRECTION('',(-0.389564647091,0.920999123635));
#916 = ( GEOMETRIC_REPRESENTATION_CONTEXT(2) 
PARAMETRIC_REPRESENTATION_CONTEXT() REPRESENTATION_CONTEXT('2D SPACE',''
  ) );
#917 = ADVANCED_FACE('',(#918),#906,.T.);
#918 = FACE_BOUND('',#919,.T.);
#919 = EDGE_LOOP('',(#920,#948,#949,#977));
#920 = ORIENTED_EDGE('',*,*,#921,.F.);
#921 = EDGE_CURVE('',#793,#922,#924,.T.);
#922 = VERTEX_POINT('',#923);
#923 = CARTESIAN_POINT('',(0.980759109192,-1.48,-2.060234868129));
#924 = SURFACE_CURVE('',#925,(#929,#936),.PCURVE_S1.);
#925 = LINE('',#926,#927);
#926 = CARTESIAN_POINT('',(1.231808437611,-0.72,-2.608203659508));
#927 = VECTOR('',#928,1.);
#928 = DIRECTION('',(-0.258814351073,-0.783507002605,0.564917612176));
#929 = PCURVE('',#906,#930);
#930 = DEFINITIONAL_REPRESENTATION('',(#931),#935);
#931 = LINE('',#932,#933);
#932 = CARTESIAN_POINT('',(-0.478770156241,0.299048011301));
#933 = VECTOR('',#934,1.);
#934 = DIRECTION('',(0.957268557918,0.289200463384));
#935 = ( GEOMETRIC_REPRESENTATION_CONTEXT(2) 
PARAMETRIC_REPRESENTATION_CONTEXT() REPRESENTATION_CONTEXT('2D SPACE',''
  ) );
#936 = PCURVE('',#937,#942);
#937 = PLANE('',#938);
#938 = AXIS2_PLACEMENT_3D('',#939,#940,#941);
#939 = CARTESIAN_POINT('',(0.70791925321,-0.972176186244,-2.509490892615
    ));
#940 = DIRECTION('',(0.146886732004,-0.609967820915,-0.778693486174));
#941 = DIRECTION('',(-1.387778780781E-17,-0.787232344497,0.616656497394)
  );
#942 = DEFINITIONAL_REPRESENTATION('',(#943),#947);
#943 = LINE('',#944,#945);
#944 = CARTESIAN_POINT('',(-0.259393119403,-0.5296339551));
#945 = VECTOR('',#946,1.);
#946 = DIRECTION('',(0.965162170631,0.261652411382));
#947 = ( GEOMETRIC_REPRESENTATION_CONTEXT(2) 
PARAMETRIC_REPRESENTATION_CONTEXT() REPRESENTATION_CONTEXT('2D SPACE',''
  ) );
#948 = ORIENTED_EDGE('',*,*,#892,.F.);
#949 = ORIENTED_EDGE('',*,*,#950,.F.);
#950 = EDGE_CURVE('',#951,#870,#953,.T.);
#951 = VERTEX_POINT('',#952);
#952 = CARTESIAN_POINT('',(1.744777252613,-1.48,-1.535346557157));
#953 = SURFACE_CURVE('',#954,(#958,#965),.PCURVE_S1.);
#954 = LINE('',#955,#956);
#955 = CARTESIAN_POINT('',(1.744777252613,-1.48,-1.535346557157));
#956 = VECTOR('',#957,1.);
#957 = DIRECTION('',(0.464502504454,0.779660208286,-0.41996116841));
#958 = PCURVE('',#906,#959);
#959 = DEFINITIONAL_REPRESENTATION('',(#960),#964);
#960 = LINE('',#961,#962);
#961 = CARTESIAN_POINT('',(0.810884087449,-0.27414593403));
#962 = VECTOR('',#963,1.);
#963 = DIRECTION('',(-0.854751502254,-0.519037445079));
#964 = ( GEOMETRIC_REPRESENTATION_CONTEXT(2) 
PARAMETRIC_REPRESENTATION_CONTEXT() REPRESENTATION_CONTEXT('2D SPACE',''
  ) );
#965 = PCURVE('',#966,#971);
#966 = PLANE('',#967);
#967 = AXIS2_PLACEMENT_3D('',#968,#969,#970);
#968 = CARTESIAN_POINT('',(2.289276810041,-0.979652005295,
    -1.480994465972));
#969 = DIRECTION('',(0.621360041699,-0.624835832419,-0.472749279328));
#970 = DIRECTION('',(-0.709076229338,-0.705131832346,-2.775557561563E-17
    ));
#971 = DEFINITIONAL_REPRESENTATION('',(#972),#976);
#972 = LINE('',#973,#974);
#973 = CARTESIAN_POINT('',(0.738902991375,6.167984272749E-02));
#974 = VECTOR('',#975,1.);
#975 = DIRECTION('',(-0.879130915652,0.476580353293));
#976 = ( GEOMETRIC_REPRESENTATION_CONTEXT(2) 
PARAMETRIC_REPRESENTATION_CONTEXT() REPRESENTATION_CONTEXT('2D SPACE',''
  ) );
#977 = ORIENTED_EDGE('',*,*,#978,.T.);
#978 = EDGE_CURVE('',#951,#922,#979,.T.);
#979 = SURFACE_CURVE('',#980,(#984,#991),.PCURVE_S1.);
#980 = LINE('',#981,#982);
#981 = CARTESIAN_POINT('',(1.744777252613,-1.48,-1.535346557157));
#982 = VECTOR('',#983,1.);
#983 = DIRECTION('',(-0.824230320152,0.,-0.566254694764));
#984 = PCURVE('',#906,#985);
#985 = DEFINITIONAL_REPRESENTATION('',(#986),#990);
#986 = LINE('',#987,#988);
#987 = CARTESIAN_POINT('',(0.810884087449,-0.27414593403));
#988 = VECTOR('',#989,1.);
#989 = DIRECTION('',(-0.389564647091,0.920999123635));
#990 = ( GEOMETRIC_REPRESENTATION_CONTEXT(2) 
PARAMETRIC_REPRESENTATION_CONTEXT() REPRESENTATION_CONTEXT('2D SPACE',''
  ) );
#991 = PCURVE('',#992,#997);
#992 = PLANE('',#993);
#993 = AXIS2_PLACEMENT_3D('',#994,#995,#996);
#994 = CARTESIAN_POINT('',(1.253100837942,-1.694873704356,
    -1.500057444183));
#995 = DIRECTION('',(0.324344115251,-0.819703275375,-0.472109558515));
#996 = DIRECTION('',(0.,0.499090827774,-0.866549678687));
#997 = DEFINITIONAL_REPRESENTATION('',(#998),#1002);
#998 = LINE('',#999,#1000);
#999 = CARTESIAN_POINT('',(0.137821264482,0.519775938379));
#1000 = VECTOR('',#1001,1.);
#1001 = DIRECTION('',(0.490687823803,-0.871335446066));
#1002 = ( GEOMETRIC_REPRESENTATION_CONTEXT(2) 
PARAMETRIC_REPRESENTATION_CONTEXT() REPRESENTATION_CONTEXT('2D SPACE',''
  ) );
#1003 = ADVANCED_FACE('',(#1004),#992,.T.);
#1004 = FACE_BOUND('',#1005,.T.);
#1005 = EDGE_LOOP('',(#1006,#1007,#1035,#1063));
#1006 = ORIENTED_EDGE('',*,*,#978,.F.);
#1007 = ORIENTED_EDGE('',*,*,#1008,.T.);
#1008 = EDGE_CURVE('',#951,#1009,#1011,.T.);
#1009 = VERTEX_POINT('',#1010);
#1010 = CARTESIAN_POINT('',(1.090047267366,-2.08,-0.943398899262));
#1011 = SURFACE_CURVE('',#1012,(#1016,#1023),.PCURVE_S1.);
#1012 = LINE('',#1013,#1014);
#1013 = CARTESIAN_POINT('',(1.744777252613,-1.48,-1.535346557157));
#1014 = VECTOR('',#1015,1.);
#1015 = DIRECTION('',(-0.613460182155,-0.56218000945,0.554635233181));
#1016 = PCURVE('',#992,#1017);
#1017 = DEFINITIONAL_REPRESENTATION('',(#1018),#1022);
#1018 = LINE('',#1019,#1020);
#1019 = CARTESIAN_POINT('',(0.137821264482,0.519775938379));
#1020 = VECTOR('',#1021,1.);
#1021 = DIRECTION('',(-0.761197869376,-0.648519701827));
#1022 = ( GEOMETRIC_REPRESENTATION_CONTEXT(2) 
PARAMETRIC_REPRESENTATION_CONTEXT() REPRESENTATION_CONTEXT('2D SPACE',''
  ) );
#1023 = PCURVE('',#1024,#1029);
#1024 = PLANE('',#1025);
#1025 = AXIS2_PLACEMENT_3D('',#1026,#1027,#1028);
#1026 = CARTESIAN_POINT('',(1.687429940064,-1.699146519897,
    -1.080205934764));
#1027 = DIRECTION('',(0.448506214866,-0.826074776487,-0.341236924847));
#1028 = DIRECTION('',(-0.878824158173,-0.477145783813,2.775557561563E-17
    ));
#1029 = DEFINITIONAL_REPRESENTATION('',(#1030),#1034);
#1030 = LINE('',#1031,#1032);
#1031 = CARTESIAN_POINT('',(-0.15496304168,0.484203834459));
#1032 = VECTOR('',#1033,1.);
#1033 = DIRECTION('',(0.807365449408,-0.590051719006));
#1034 = ( GEOMETRIC_REPRESENTATION_CONTEXT(2) 
PARAMETRIC_REPRESENTATION_CONTEXT() REPRESENTATION_CONTEXT('2D SPACE',''
  ) );
#1035 = ORIENTED_EDGE('',*,*,#1036,.F.);
#1036 = EDGE_CURVE('',#1037,#1009,#1039,.T.);
#1037 = VERTEX_POINT('',#1038);
#1038 = CARTESIAN_POINT('',(0.617743739945,-2.08,-1.267876273144));
#1039 = SURFACE_CURVE('',#1040,(#1044,#1051),.PCURVE_S1.);
#1040 = LINE('',#1041,#1042);
#1041 = CARTESIAN_POINT('',(0.617743739945,-2.08,-1.267876273144));
#1042 = VECTOR('',#1043,1.);
#1043 = DIRECTION('',(0.824230320152,0.,0.566254694764));
#1044 = PCURVE('',#992,#1045);
#1045 = DEFINITIONAL_REPRESENTATION('',(#1046),#1050);
#1046 = LINE('',#1047,#1048);
#1047 = CARTESIAN_POINT('',(-0.393409520852,-0.671668036057));
#1048 = VECTOR('',#1049,1.);
#1049 = DIRECTION('',(-0.490687823803,0.871335446066));
#1050 = ( GEOMETRIC_REPRESENTATION_CONTEXT(2) 
PARAMETRIC_REPRESENTATION_CONTEXT() REPRESENTATION_CONTEXT('2D SPACE',''
  ) );
#1051 = PCURVE('',#1052,#1057);
#1052 = PLANE('',#1053);
#1053 = AXIS2_PLACEMENT_3D('',#1054,#1055,#1056);
#1054 = CARTESIAN_POINT('',(0.510287787092,-2.213687437335,
    -0.637057256943));
#1055 = DIRECTION('',(0.127020596955,-0.974516213189,-0.184888934718));
#1056 = DIRECTION('',(0.,0.18639874975,-0.982474175789));
#1057 = DEFINITIONAL_REPRESENTATION('',(#1058),#1062);
#1058 = LINE('',#1059,#1060);
#1059 = CARTESIAN_POINT('',(0.64468256419,0.108333445132));
#1060 = VECTOR('',#1061,1.);
#1061 = DIRECTION('',(-0.556330614525,0.830961038402));
#1062 = ( GEOMETRIC_REPRESENTATION_CONTEXT(2) 
PARAMETRIC_REPRESENTATION_CONTEXT() REPRESENTATION_CONTEXT('2D SPACE',''
  ) );
#1063 = ORIENTED_EDGE('',*,*,#1064,.F.);
#1064 = EDGE_CURVE('',#922,#1037,#1065,.T.);
#1065 = SURFACE_CURVE('',#1066,(#1070,#1077),.PCURVE_S1.);
#1066 = LINE('',#1067,#1068);
#1067 = CARTESIAN_POINT('',(0.980759109192,-1.48,-2.060234868129));
#1068 = VECTOR('',#1069,1.);
#1069 = DIRECTION('',(-0.343076666593,-0.567044861992,0.748838116903));
#1070 = PCURVE('',#992,#1071);
#1071 = DEFINITIONAL_REPRESENTATION('',(#1072),#1076);
#1072 = LINE('',#1073,#1074);
#1073 = CARTESIAN_POINT('',(0.592663061702,-0.287906178529));
#1074 = VECTOR('',#1075,1.);
#1075 = DIRECTION('',(-0.931912319148,-0.362683649233));
#1076 = ( GEOMETRIC_REPRESENTATION_CONTEXT(2) 
PARAMETRIC_REPRESENTATION_CONTEXT() REPRESENTATION_CONTEXT('2D SPACE',''
  ) );
#1077 = PCURVE('',#1078,#1083);
#1078 = PLANE('',#1079);
#1079 = AXIS2_PLACEMENT_3D('',#1080,#1081,#1082);
#1080 = CARTESIAN_POINT('',(0.355652279177,-1.692874856429,
    -1.872733314887));
#1081 = DIRECTION('',(0.107239457087,-0.815656408537,-0.568510617365));
#1082 = DIRECTION('',(-6.938893903907E-18,0.571808108037,-0.820387400917
    ));
#1083 = DEFINITIONAL_REPRESENTATION('',(#1084),#1088);
#1084 = LINE('',#1085,#1086);
#1085 = CARTESIAN_POINT('',(0.275547480836,0.628732591572));
#1086 = VECTOR('',#1087,1.);
#1087 = DIRECTION('',(-0.938578206142,-0.345066589162));
#1088 = ( GEOMETRIC_REPRESENTATION_CONTEXT(2) 
PARAMETRIC_REPRESENTATION_CONTEXT() REPRESENTATION_CONTEXT('2D SPACE',''
  ) );
#1089 = ADVANCED_FACE('',(#1090),#1078,.T.);
#1090 = FACE_BOUND('',#1091,.T.);
#1091 = EDGE_LOOP('',(#1092,#1122,#1143,#1144));
#1092 = ORIENTED_EDGE('',*,*,#1093,.F.);
#1093 = EDGE_CURVE('',#1094,#1096,#1098,.T.);
#1094 = VERTEX_POINT('',#1095);
#1095 = CARTESIAN_POINT('',(3.E-02,-1.48,-2.23957873186));
#1096 = VERTEX_POINT('',#1097);
#1097 = CARTESIAN_POINT('',(3.E-02,-2.08,-1.3787437181));
#1098 = SURFACE_CURVE('',#1099,(#1103,#1110),.PCURVE_S1.);
#1099 = LINE('',#1100,#1101);
#1100 = CARTESIAN_POINT('',(3.E-02,-1.48,-2.23957873186));
#1101 = VECTOR('',#1102,1.);
#1102 = DIRECTION('',(1.65321491461E-16,-0.571808108037,0.820387400917)
  );
#1103 = PCURVE('',#1078,#1104);
#1104 = DEFINITIONAL_REPRESENTATION('',(#1105),#1109);
#1105 = LINE('',#1106,#1107);
#1106 = CARTESIAN_POINT('',(0.422678927072,-0.327541136342));
#1107 = VECTOR('',#1108,1.);
#1108 = DIRECTION('',(-1.,1.387778780781E-16));
#1109 = ( GEOMETRIC_REPRESENTATION_CONTEXT(2) 
PARAMETRIC_REPRESENTATION_CONTEXT() REPRESENTATION_CONTEXT('2D SPACE',''
  ) );
#1110 = PCURVE('',#1111,#1116);
#1111 = PLANE('',#1112);
#1112 = AXIS2_PLACEMENT_3D('',#1113,#1114,#1115);
#1113 = CARTESIAN_POINT('',(-0.293037278696,-1.692802174342,
    -1.86862714863));
#1114 = DIRECTION('',(-0.11541113279,-0.81490541592,-0.56798717726));
#1115 = DIRECTION('',(0.,0.571808108037,-0.820387400917));
#1116 = DEFINITIONAL_REPRESENTATION('',(#1117),#1121);
#1117 = LINE('',#1118,#1119);
#1118 = CARTESIAN_POINT('',(0.426006013929,0.325210396558));
#1119 = VECTOR('',#1120,1.);
#1120 = DIRECTION('',(-1.,1.457167719821E-16));
#1121 = ( GEOMETRIC_REPRESENTATION_CONTEXT(2) 
PARAMETRIC_REPRESENTATION_CONTEXT() REPRESENTATION_CONTEXT('2D SPACE',''
  ) );
#1122 = ORIENTED_EDGE('',*,*,#1123,.F.);
#1123 = EDGE_CURVE('',#922,#1094,#1124,.T.);
#1124 = SURFACE_CURVE('',#1125,(#1129,#1136),.PCURVE_S1.);
#1125 = LINE('',#1126,#1127);
#1126 = CARTESIAN_POINT('',(0.980759109192,-1.48,-2.060234868129));
#1127 = VECTOR('',#1128,1.);
#1128 = DIRECTION('',(-0.98267006022,0.,-0.185363299355));
#1129 = PCURVE('',#1078,#1130);
#1130 = DEFINITIONAL_REPRESENTATION('',(#1131),#1135);
#1131 = LINE('',#1132,#1133);
#1132 = CARTESIAN_POINT('',(0.275547480836,0.628732591572));
#1133 = VECTOR('',#1134,1.);
#1134 = DIRECTION('',(0.152069715383,-0.988369769703));
#1135 = ( GEOMETRIC_REPRESENTATION_CONTEXT(2) 
PARAMETRIC_REPRESENTATION_CONTEXT() REPRESENTATION_CONTEXT('2D SPACE',''
  ) );
#1136 = PCURVE('',#937,#1137);
#1137 = DEFINITIONAL_REPRESENTATION('',(#1138),#1142);
#1138 = LINE('',#1139,#1140);
#1139 = CARTESIAN_POINT('',(0.676811977987,-0.275831714674));
#1140 = VECTOR('',#1141,1.);
#1141 = DIRECTION('',(-0.114305482926,0.993445648525));
#1142 = ( GEOMETRIC_REPRESENTATION_CONTEXT(2) 
PARAMETRIC_REPRESENTATION_CONTEXT() REPRESENTATION_CONTEXT('2D SPACE',''
  ) );
#1143 = ORIENTED_EDGE('',*,*,#1064,.T.);
#1144 = ORIENTED_EDGE('',*,*,#1145,.F.);
#1145 = EDGE_CURVE('',#1096,#1037,#1146,.T.);
#1146 = SURFACE_CURVE('',#1147,(#1151,#1158),.PCURVE_S1.);
#1147 = LINE('',#1148,#1149);
#1148 = CARTESIAN_POINT('',(3.E-02,-2.08,-1.3787437181));
#1149 = VECTOR('',#1150,1.);
#1150 = DIRECTION('',(0.98267006022,0.,0.185363299355));
#1151 = PCURVE('',#1078,#1152);
#1152 = DEFINITIONAL_REPRESENTATION('',(#1153),#1157);
#1153 = LINE('',#1154,#1155);
#1154 = CARTESIAN_POINT('',(-0.626624137306,-0.327541136342));
#1155 = VECTOR('',#1156,1.);
#1156 = DIRECTION('',(-0.152069715383,0.988369769703));
#1157 = ( GEOMETRIC_REPRESENTATION_CONTEXT(2) 
PARAMETRIC_REPRESENTATION_CONTEXT() REPRESENTATION_CONTEXT('2D SPACE',''
  ) );
#1158 = PCURVE('',#1159,#1164);
#1159 = PLANE('',#1160);
#1160 = AXIS2_PLACEMENT_3D('',#1161,#1162,#1163);
#1161 = CARTESIAN_POINT('',(0.202941497936,-2.212461561121,
    -0.769191778394));
#1162 = DIRECTION('',(4.217364262976E-02,-0.973773679035,-0.223575951048
    ));
#1163 = DIRECTION('',(0.,0.223775044567,-0.974640820728));
#1164 = DEFINITIONAL_REPRESENTATION('',(#1165),#1169);
#1165 = LINE('',#1166,#1167);
#1166 = CARTESIAN_POINT('',(0.623735794535,-0.17309550167));
#1167 = VECTOR('',#1168,1.);
#1168 = DIRECTION('',(-0.180662638216,0.983545124106));
#1169 = ( GEOMETRIC_REPRESENTATION_CONTEXT(2) 
PARAMETRIC_REPRESENTATION_CONTEXT() REPRESENTATION_CONTEXT('2D SPACE',''
  ) );
#1170 = ADVANCED_FACE('',(#1171),#1159,.T.);
#1171 = FACE_BOUND('',#1172,.T.);
#1172 = EDGE_LOOP('',(#1173,#1174,#1196));
#1173 = ORIENTED_EDGE('',*,*,#1145,.T.);
#1174 = ORIENTED_EDGE('',*,*,#1175,.T.);
#1175 = EDGE_CURVE('',#1037,#1176,#1178,.T.);
#1176 = VERTEX_POINT('',#1177);
#1177 = CARTESIAN_POINT('',(3.E-02,-2.4,1.5E-02));
#1178 = SURFACE_CURVE('',#1179,(#1183,#1190),.PCURVE_S1.);
#1179 = LINE('',#1180,#1181);
#1180 = CARTESIAN_POINT('',(0.617743739945,-2.08,-1.267876273144));
#1181 = VECTOR('',#1182,1.);
#1182 = DIRECTION('',(-0.406199777133,-0.221157487266,0.886617790755));
#1183 = PCURVE('',#1159,#1184);
#1184 = DEFINITIONAL_REPRESENTATION('',(#1185),#1189);
#1185 = LINE('',#1186,#1187);
#1186 = CARTESIAN_POINT('',(0.515679856991,0.415171621801));
#1187 = VECTOR('',#1188,1.);
#1188 = DIRECTION('',(-0.913623417823,-0.406561496463));
#1189 = ( GEOMETRIC_REPRESENTATION_CONTEXT(2) 
PARAMETRIC_REPRESENTATION_CONTEXT() REPRESENTATION_CONTEXT('2D SPACE',''
  ) );
#1190 = PCURVE('',#1052,#1191);
#1191 = DEFINITIONAL_REPRESENTATION('',(#1192),#1195);
#1192 = B_SPLINE_CURVE_WITH_KNOTS('',1,(#1193,#1194),.UNSPECIFIED.,.F.,
  .F.,(2,2),(0.,1.446932699209),.PIECEWISE_BEZIER_KNOTS.);
#1193 = CARTESIAN_POINT('',(0.64468256419,0.108333445132));
#1194 = CARTESIAN_POINT('',(-0.675357844826,-0.484209848311));
#1195 = ( GEOMETRIC_REPRESENTATION_CONTEXT(2) 
PARAMETRIC_REPRESENTATION_CONTEXT() REPRESENTATION_CONTEXT('2D SPACE',''
  ) );
#1196 = ORIENTED_EDGE('',*,*,#1197,.F.);
#1197 = EDGE_CURVE('',#1096,#1176,#1198,.T.);
#1198 = SURFACE_CURVE('',#1199,(#1203,#1209),.PCURVE_S1.);
#1199 = LINE('',#1200,#1201);
#1200 = CARTESIAN_POINT('',(3.E-02,-2.08,-1.3787437181));
#1201 = VECTOR('',#1202,1.);
#1202 = DIRECTION('',(1.989462593635E-16,-0.223775044567,0.974640820728)
  );
#1203 = PCURVE('',#1159,#1204);
#1204 = DEFINITIONAL_REPRESENTATION('',(#1205),#1208);
#1205 = B_SPLINE_CURVE_WITH_KNOTS('',1,(#1206,#1207),.UNSPECIFIED.,.F.,
  .F.,(2,2),(0.,1.430007535555),.PIECEWISE_BEZIER_KNOTS.);
#1206 = CARTESIAN_POINT('',(0.623735794535,-0.17309550167));
#1207 = CARTESIAN_POINT('',(-0.80627174102,-0.17309550167));
#1208 = ( GEOMETRIC_REPRESENTATION_CONTEXT(2) 
PARAMETRIC_REPRESENTATION_CONTEXT() REPRESENTATION_CONTEXT('2D SPACE',''
  ) );
#1209 = PCURVE('',#1210,#1215);
#1210 = PLANE('',#1211);
#1211 = AXIS2_PLACEMENT_3D('',#1212,#1213,#1214);
#1212 = CARTESIAN_POINT('',(-0.14152484388,-2.212471850764,
    -0.766916630275));
#1213 = DIRECTION('',(-4.54226366673E-02,-0.973634854349,-0.223544077254
    ));
#1214 = DIRECTION('',(0.,0.223775044567,-0.974640820728));
#1215 = DEFINITIONAL_REPRESENTATION('',(#1216),#1220);
#1216 = LINE('',#1217,#1218);
#1217 = CARTESIAN_POINT('',(0.62595554933,0.171702064555));
#1218 = VECTOR('',#1219,1.);
#1219 = DIRECTION('',(-1.,1.977584762614E-16));
#1220 = ( GEOMETRIC_REPRESENTATION_CONTEXT(2) 
PARAMETRIC_REPRESENTATION_CONTEXT() REPRESENTATION_CONTEXT('2D SPACE',''
  ) );
#1221 = ADVANCED_FACE('',(#1222),#1210,.T.);
#1222 = FACE_BOUND('',#1223,.T.);
#1223 = EDGE_LOOP('',(#1224,#1251,#1272));
#1224 = ORIENTED_EDGE('',*,*,#1225,.T.);
#1225 = EDGE_CURVE('',#1176,#1226,#1228,.T.);
#1226 = VERTEX_POINT('',#1227);
#1227 = CARTESIAN_POINT('',(-0.554156807323,-2.08,-1.260047026415));
#1228 = SURFACE_CURVE('',#1229,(#1233,#1240),.PCURVE_S1.);
#1229 = LINE('',#1230,#1231);
#1230 = CARTESIAN_POINT('',(3.E-02,-2.4,1.5E-02));
#1231 = VECTOR('',#1232,1.);
#1232 = DIRECTION('',(-0.406077464341,0.222448470959,-0.886350816958));
#1233 = PCURVE('',#1210,#1234);
#1234 = DEFINITIONAL_REPRESENTATION('',(#1235),#1239);
#1235 = LINE('',#1236,#1237);
#1236 = CARTESIAN_POINT('',(-0.804051986225,0.171702064555));
#1237 = VECTOR('',#1238,1.);
#1238 = DIRECTION('',(0.913652104195,-0.406497026433));
#1239 = ( GEOMETRIC_REPRESENTATION_CONTEXT(2) 
PARAMETRIC_REPRESENTATION_CONTEXT() REPRESENTATION_CONTEXT('2D SPACE',''
  ) );
#1240 = PCURVE('',#1241,#1246);
#1241 = PLANE('',#1242);
#1242 = AXIS2_PLACEMENT_3D('',#1243,#1244,#1245);
#1243 = CARTESIAN_POINT('',(-0.456305074077,-2.213603794968,
    -0.639470711498));
#1244 = DIRECTION('',(-0.115740033329,-0.974629209853,-0.191578046725));
#1245 = DIRECTION('',(0.,0.1928742504,-0.98122348297));
#1246 = DEFINITIONAL_REPRESENTATION('',(#1247),#1250);
#1247 = B_SPLINE_CURVE_WITH_KNOTS('',1,(#1248,#1249),.UNSPECIFIED.,.F.,
  .F.,(2,2),(0.,1.438535399326),.PIECEWISE_BEZIER_KNOTS.);
#1248 = CARTESIAN_POINT('',(-0.678133059361,0.489595380221));
#1249 = CARTESIAN_POINT('',(0.634692784977,-9.851379123438E-02));
#1250 = ( GEOMETRIC_REPRESENTATION_CONTEXT(2) 
PARAMETRIC_REPRESENTATION_CONTEXT() REPRESENTATION_CONTEXT('2D SPACE',''
  ) );
#1251 = ORIENTED_EDGE('',*,*,#1252,.T.);
#1252 = EDGE_CURVE('',#1226,#1096,#1253,.T.);
#1253 = SURFACE_CURVE('',#1254,(#1258,#1265),.PCURVE_S1.);
#1254 = LINE('',#1255,#1256);
#1255 = CARTESIAN_POINT('',(-0.554156807323,-2.08,-1.260047026415));
#1256 = VECTOR('',#1257,1.);
#1257 = DIRECTION('',(0.979974279479,0.,-0.199124110944));
#1258 = PCURVE('',#1210,#1259);
#1259 = DEFINITIONAL_REPRESENTATION('',(#1260),#1264);
#1260 = LINE('',#1261,#1262);
#1261 = CARTESIAN_POINT('',(0.510268908329,-0.41305829769));
#1262 = VECTOR('',#1263,1.);
#1263 = DIRECTION('',(0.194074486917,0.980986795797));
#1264 = ( GEOMETRIC_REPRESENTATION_CONTEXT(2) 
PARAMETRIC_REPRESENTATION_CONTEXT() REPRESENTATION_CONTEXT('2D SPACE',''
  ) );
#1265 = PCURVE('',#1111,#1266);
#1266 = DEFINITIONAL_REPRESENTATION('',(#1267),#1271);
#1267 = LINE('',#1268,#1269);
#1268 = CARTESIAN_POINT('',(-0.720674320839,-0.262876116951));
#1269 = VECTOR('',#1270,1.);
#1270 = DIRECTION('',(0.163358911837,0.986566706271));
#1271 = ( GEOMETRIC_REPRESENTATION_CONTEXT(2) 
PARAMETRIC_REPRESENTATION_CONTEXT() REPRESENTATION_CONTEXT('2D SPACE',''
  ) );
#1272 = ORIENTED_EDGE('',*,*,#1197,.T.);
#1273 = ADVANCED_FACE('',(#1274),#1241,.T.);
#1274 = FACE_BOUND('',#1275,.T.);
#1275 = EDGE_LOOP('',(#1276,#1304,#1305));
#1276 = ORIENTED_EDGE('',*,*,#1277,.T.);
#1277 = EDGE_CURVE('',#1278,#1226,#1280,.T.);
#1278 = VERTEX_POINT('',#1279);
#1279 = CARTESIAN_POINT('',(-1.049369983084,-2.08,-0.96086875183));
#1280 = SURFACE_CURVE('',#1281,(#1285,#1292),.PCURVE_S1.);
#1281 = LINE('',#1282,#1283);
#1282 = CARTESIAN_POINT('',(-1.049369983084,-2.08,-0.96086875183));
#1283 = VECTOR('',#1284,1.);
#1284 = DIRECTION('',(0.855925501422,0.,-0.517099154916));
#1285 = PCURVE('',#1241,#1286);
#1286 = DEFINITIONAL_REPRESENTATION('',(#1287),#1291);
#1287 = LINE('',#1288,#1289);
#1288 = CARTESIAN_POINT('',(0.341132036359,-0.597077544732));
#1289 = VECTOR('',#1290,1.);
#1290 = DIRECTION('',(0.507389833828,0.861716633545));
#1291 = ( GEOMETRIC_REPRESENTATION_CONTEXT(2) 
PARAMETRIC_REPRESENTATION_CONTEXT() REPRESENTATION_CONTEXT('2D SPACE',''
  ) );
#1292 = PCURVE('',#1293,#1298);
#1293 = PLANE('',#1294);
#1294 = AXIS2_PLACEMENT_3D('',#1295,#1296,#1297);
#1295 = CARTESIAN_POINT('',(-1.210271082169,-1.694007750771,
    -1.51051847256));
#1296 = DIRECTION('',(-0.295728822502,-0.82032359312,-0.489503489377));
#1297 = DIRECTION('',(1.387778780781E-17,0.512423188749,-0.858733064248)
  );
#1298 = DEFINITIONAL_REPRESENTATION('',(#1299),#1303);
#1299 = LINE('',#1300,#1301);
#1300 = CARTESIAN_POINT('',(-0.669793768128,0.168434865237));
#1301 = VECTOR('',#1302,1.);
#1302 = DIRECTION('',(0.444050141821,0.896001937246));
#1303 = ( GEOMETRIC_REPRESENTATION_CONTEXT(2) 
PARAMETRIC_REPRESENTATION_CONTEXT() REPRESENTATION_CONTEXT('2D SPACE',''
  ) );
#1304 = ORIENTED_EDGE('',*,*,#1225,.F.);
#1305 = ORIENTED_EDGE('',*,*,#1306,.T.);
#1306 = EDGE_CURVE('',#1176,#1278,#1307,.T.);
#1307 = SURFACE_CURVE('',#1308,(#1312,#1319),.PCURVE_S1.);
#1308 = LINE('',#1309,#1310);
#1309 = CARTESIAN_POINT('',(3.E-02,-2.4,1.5E-02));
#1310 = VECTOR('',#1311,1.);
#1311 = DIRECTION('',(-0.724464962267,0.214781577734,-0.65499571931));
#1312 = PCURVE('',#1241,#1313);
#1313 = DEFINITIONAL_REPRESENTATION('',(#1314),#1318);
#1314 = LINE('',#1315,#1316);
#1315 = CARTESIAN_POINT('',(-0.678133059361,0.489595380221));
#1316 = VECTOR('',#1317,1.);
#1317 = DIRECTION('',(0.684123016837,-0.729366641569));
#1318 = ( GEOMETRIC_REPRESENTATION_CONTEXT(2) 
PARAMETRIC_REPRESENTATION_CONTEXT() REPRESENTATION_CONTEXT('2D SPACE',''
  ) );
#1319 = PCURVE('',#1320,#1325);
#1320 = PLANE('',#1321);
#1321 = AXIS2_PLACEMENT_3D('',#1322,#1323,#1324);
#1322 = CARTESIAN_POINT('',(-0.685522776214,-2.215207859497,
    -0.416621574117));
#1323 = DIRECTION('',(-0.177357420261,-0.976306520661,-0.123975494325));
#1324 = DIRECTION('',(-0.983897010656,0.17873632094,-3.469446951954E-18)
  );
#1325 = DEFINITIONAL_REPRESENTATION('',(#1326),#1329);
#1326 = B_SPLINE_CURVE_WITH_KNOTS('',1,(#1327,#1328),.UNSPECIFIED.,.F.,
  .F.,(2,2),(0.,1.489885693998),.PIECEWISE_BEZIER_KNOTS.);
#1327 = CARTESIAN_POINT('',(-0.737029787905,-0.434977302232));
#1328 = CARTESIAN_POINT('',(0.382154734544,0.548478536071));
#1329 = ( GEOMETRIC_REPRESENTATION_CONTEXT(2) 
PARAMETRIC_REPRESENTATION_CONTEXT() REPRESENTATION_CONTEXT('2D SPACE',''
  ) );
#1330 = ADVANCED_FACE('',(#1331),#1320,.T.);
#1331 = FACE_BOUND('',#1332,.T.);
#1332 = EDGE_LOOP('',(#1333,#1360,#1386));
#1333 = ORIENTED_EDGE('',*,*,#1334,.T.);
#1334 = EDGE_CURVE('',#1176,#1335,#1337,.T.);
#1335 = VERTEX_POINT('',#1336);
#1336 = CARTESIAN_POINT('',(-1.366060108652,-2.08,-0.507816767656));
#1337 = SURFACE_CURVE('',#1338,(#1342,#1349),.PCURVE_S1.);
#1338 = LINE('',#1339,#1340);
#1339 = CARTESIAN_POINT('',(3.E-02,-2.4,1.5E-02));
#1340 = VECTOR('',#1341,1.);
#1341 = DIRECTION('',(-0.915627187553,0.209876851434,-0.342897303352));
#1342 = PCURVE('',#1320,#1343);
#1343 = DEFINITIONAL_REPRESENTATION('',(#1344),#1348);
#1344 = LINE('',#1345,#1346);
#1345 = CARTESIAN_POINT('',(-0.737029787905,-0.434977302232));
#1346 = VECTOR('',#1347,1.);
#1347 = DIRECTION('',(0.938395468984,0.345563226907));
#1348 = ( GEOMETRIC_REPRESENTATION_CONTEXT(2) 
PARAMETRIC_REPRESENTATION_CONTEXT() REPRESENTATION_CONTEXT('2D SPACE',''
  ) );
#1349 = PCURVE('',#1350,#1355);
#1350 = PLANE('',#1351);
#1351 = AXIS2_PLACEMENT_3D('',#1352,#1353,#1354);
#1352 = CARTESIAN_POINT('',(-0.803156308434,-2.21624692031,
    -0.134587824421));
#1353 = DIRECTION('',(-0.207727524358,-0.977221722588,
    -4.343938910861E-02));
#1354 = DIRECTION('',(-0.978145028669,0.207923791062,0.));
#1355 = DEFINITIONAL_REPRESENTATION('',(#1356),#1359);
#1356 = B_SPLINE_CURVE_WITH_KNOTS('',1,(#1357,#1358),.UNSPECIFIED.,.F.,
  .F.,(2,2),(0.,1.524703643175),.PIECEWISE_BEZIER_KNOTS.);
#1357 = CARTESIAN_POINT('',(-0.853154338147,-0.14972915913));
#1358 = CARTESIAN_POINT('',(0.578930529994,0.373581580251));
#1359 = ( GEOMETRIC_REPRESENTATION_CONTEXT(2) 
PARAMETRIC_REPRESENTATION_CONTEXT() REPRESENTATION_CONTEXT('2D SPACE',''
  ) );
#1360 = ORIENTED_EDGE('',*,*,#1361,.T.);
#1361 = EDGE_CURVE('',#1335,#1278,#1362,.T.);
#1362 = SURFACE_CURVE('',#1363,(#1367,#1374),.PCURVE_S1.);
#1363 = LINE('',#1364,#1365);
#1364 = CARTESIAN_POINT('',(-1.366060108652,-2.08,-0.507816767656));
#1365 = VECTOR('',#1366,1.);
#1366 = DIRECTION('',(0.572920386861,0.,-0.819611023791));
#1367 = PCURVE('',#1320,#1368);
#1368 = DEFINITIONAL_REPRESENTATION('',(#1369),#1373);
#1369 = LINE('',#1370,#1371);
#1370 = CARTESIAN_POINT('',(0.693745202394,9.190420878061E-02));
#1371 = VECTOR('',#1372,1.);
#1372 = DIRECTION('',(-0.563694655976,0.825983253356));
#1373 = ( GEOMETRIC_REPRESENTATION_CONTEXT(2) 
PARAMETRIC_REPRESENTATION_CONTEXT() REPRESENTATION_CONTEXT('2D SPACE',''
  ) );
#1374 = PCURVE('',#1375,#1380);
#1375 = PLANE('',#1376);
#1376 = AXIS2_PLACEMENT_3D('',#1377,#1378,#1379);
#1377 = CARTESIAN_POINT('',(-1.645283072416,-1.698810492386,
    -1.097206959412));
#1378 = DIRECTION('',(-0.457546236121,-0.829674117629,-0.319831675022));
#1379 = DIRECTION('',(-0.875669184996,0.482911460258,0.));
#1380 = DEFINITIONAL_REPRESENTATION('',(#1381),#1385);
#1381 = LINE('',#1382,#1383);
#1382 = CARTESIAN_POINT('',(-0.428587726868,-0.62206451653));
#1383 = VECTOR('',#1384,1.);
#1384 = DIRECTION('',(-0.50168872823,0.86504821829));
#1385 = ( GEOMETRIC_REPRESENTATION_CONTEXT(2) 
PARAMETRIC_REPRESENTATION_CONTEXT() REPRESENTATION_CONTEXT('2D SPACE',''
  ) );
#1386 = ORIENTED_EDGE('',*,*,#1306,.F.);
#1387 = ADVANCED_FACE('',(#1388),#1375,.T.);
#1388 = FACE_BOUND('',#1389,.T.);
#1389 = EDGE_LOOP('',(#1390,#1420,#1441,#1442));
#1390 = ORIENTED_EDGE('',*,*,#1391,.F.);
#1391 = EDGE_CURVE('',#1392,#1394,#1396,.T.);
#1392 = VERTEX_POINT('',#1393);
#1393 = CARTESIAN_POINT('',(-1.716034494051,-1.48,-1.563606528868));
#1394 = VERTEX_POINT('',#1395);
#1395 = CARTESIAN_POINT('',(-2.228325823097,-1.48,-0.83073049529));
#1396 = SURFACE_CURVE('',#1397,(#1401,#1408),.PCURVE_S1.);
#1397 = LINE('',#1398,#1399);
#1398 = CARTESIAN_POINT('',(-1.716034494051,-1.48,-1.563606528868));
#1399 = VECTOR('',#1400,1.);
#1400 = DIRECTION('',(-0.572920386861,0.,0.819611023791));
#1401 = PCURVE('',#1375,#1402);
#1402 = DEFINITIONAL_REPRESENTATION('',(#1403),#1407);
#1403 = LINE('',#1404,#1405);
#1404 = CARTESIAN_POINT('',(0.167620934118,0.49225560035));
#1405 = VECTOR('',#1406,1.);
#1406 = DIRECTION('',(0.50168872823,-0.86504821829));
#1407 = ( GEOMETRIC_REPRESENTATION_CONTEXT(2) 
PARAMETRIC_REPRESENTATION_CONTEXT() REPRESENTATION_CONTEXT('2D SPACE',''
  ) );
#1408 = PCURVE('',#1409,#1414);
#1409 = PLANE('',#1410);
#1410 = AXIS2_PLACEMENT_3D('',#1411,#1412,#1413);
#1411 = CARTESIAN_POINT('',(-2.390660144466,-0.977316050354,
    -1.310452947244));
#1412 = DIRECTION('',(-0.636444166245,-0.630092883585,-0.444884008824));
#1413 = DIRECTION('',(0.703552018285,-0.710643762773,-2.775557561563E-17
    ));
#1414 = DEFINITIONAL_REPRESENTATION('',(#1415),#1419);
#1415 = LINE('',#1416,#1417);
#1416 = CARTESIAN_POINT('',(0.831863451398,-0.282667393852));
#1417 = VECTOR('',#1418,1.);
#1418 = DIRECTION('',(-0.403079294492,0.915165057436));
#1419 = ( GEOMETRIC_REPRESENTATION_CONTEXT(2) 
PARAMETRIC_REPRESENTATION_CONTEXT() REPRESENTATION_CONTEXT('2D SPACE',''
  ) );
#1420 = ORIENTED_EDGE('',*,*,#1421,.F.);
#1421 = EDGE_CURVE('',#1278,#1392,#1422,.T.);
#1422 = SURFACE_CURVE('',#1423,(#1427,#1434),.PCURVE_S1.);
#1423 = LINE('',#1424,#1425);
#1424 = CARTESIAN_POINT('',(-1.049369983084,-2.08,-0.96086875183));
#1425 = VECTOR('',#1426,1.);
#1426 = DIRECTION('',(-0.616929162351,0.555238041505,-0.55777157144));
#1427 = PCURVE('',#1375,#1428);
#1428 = DEFINITIONAL_REPRESENTATION('',(#1429),#1433);
#1429 = LINE('',#1430,#1431);
#1430 = CARTESIAN_POINT('',(-0.70590351102,-0.143896458357));
#1431 = VECTOR('',#1432,1.);
#1432 = DIRECTION('',(0.80835667021,0.588693038627));
#1433 = ( GEOMETRIC_REPRESENTATION_CONTEXT(2) 
PARAMETRIC_REPRESENTATION_CONTEXT() REPRESENTATION_CONTEXT('2D SPACE',''
  ) );
#1434 = PCURVE('',#1293,#1435);
#1435 = DEFINITIONAL_REPRESENTATION('',(#1436),#1440);
#1436 = LINE('',#1437,#1438);
#1437 = CARTESIAN_POINT('',(-0.669793768128,0.168434865237));
#1438 = VECTOR('',#1439,1.);
#1439 = DIRECTION('',(0.763493738436,-0.645815230053));
#1440 = ( GEOMETRIC_REPRESENTATION_CONTEXT(2) 
PARAMETRIC_REPRESENTATION_CONTEXT() REPRESENTATION_CONTEXT('2D SPACE',''
  ) );
#1441 = ORIENTED_EDGE('',*,*,#1361,.F.);
#1442 = ORIENTED_EDGE('',*,*,#1443,.T.);
#1443 = EDGE_CURVE('',#1335,#1394,#1444,.T.);
#1444 = SURFACE_CURVE('',#1445,(#1449,#1456),.PCURVE_S1.);
#1445 = LINE('',#1446,#1447);
#1446 = CARTESIAN_POINT('',(-1.366060108652,-2.08,-0.507816767656));
#1447 = VECTOR('',#1448,1.);
#1448 = DIRECTION('',(-0.784599489711,0.545956641833,-0.293828157235));
#1449 = PCURVE('',#1375,#1450);
#1450 = DEFINITIONAL_REPRESENTATION('',(#1451),#1455);
#1451 = LINE('',#1452,#1453);
#1452 = CARTESIAN_POINT('',(-0.428587726868,-0.62206451653));
#1453 = VECTOR('',#1454,1.);
#1454 = DIRECTION('',(0.950698314848,0.310117258702));
#1455 = ( GEOMETRIC_REPRESENTATION_CONTEXT(2) 
PARAMETRIC_REPRESENTATION_CONTEXT() REPRESENTATION_CONTEXT('2D SPACE',''
  ) );
#1456 = PCURVE('',#1457,#1462);
#1457 = PLANE('',#1458);
#1458 = AXIS2_PLACEMENT_3D('',#1459,#1460,#1461);
#1459 = CARTESIAN_POINT('',(-2.005462842306,-1.700294776264,
    -0.263977652717));
#1460 = DIRECTION('',(-0.538760096221,-0.834891841223,-0.112663979067));
#1461 = DIRECTION('',(-0.840241536839,0.542212282939,0.));
#1462 = DEFINITIONAL_REPRESENTATION('',(#1463),#1467);
#1463 = LINE('',#1464,#1465);
#1464 = CARTESIAN_POINT('',(-0.743133571791,0.245401550909));
#1465 = VECTOR('',#1466,1.);
#1466 = DIRECTION('',(0.955277478192,0.295710905547));
#1467 = ( GEOMETRIC_REPRESENTATION_CONTEXT(2) 
PARAMETRIC_REPRESENTATION_CONTEXT() REPRESENTATION_CONTEXT('2D SPACE',''
  ) );
#1468 = ADVANCED_FACE('',(#1469),#1457,.T.);
#1469 = FACE_BOUND('',#1470,.T.);
#1470 = EDGE_LOOP('',(#1471,#1499,#1500,#1523));
#1471 = ORIENTED_EDGE('',*,*,#1472,.F.);
#1472 = EDGE_CURVE('',#1394,#1473,#1475,.T.);
#1473 = VERTEX_POINT('',#1474);
#1474 = CARTESIAN_POINT('',(-2.405182578982,-1.48,1.5E-02));
#1475 = SURFACE_CURVE('',#1476,(#1480,#1487),.PCURVE_S1.);
#1476 = LINE('',#1477,#1478);
#1477 = CARTESIAN_POINT('',(-2.228325823097,-1.48,-0.83073049529));
#1478 = VECTOR('',#1479,1.);
#1479 = DIRECTION('',(-0.204689508707,0.,0.978826953565));
#1480 = PCURVE('',#1457,#1481);
#1481 = DEFINITIONAL_REPRESENTATION('',(#1482),#1486);
#1482 = LINE('',#1483,#1484);
#1483 = CARTESIAN_POINT('',(0.306705267042,0.570384397042));
#1484 = VECTOR('',#1485,1.);
#1485 = DIRECTION('',(0.171988627371,-0.985098935161));
#1486 = ( GEOMETRIC_REPRESENTATION_CONTEXT(2) 
PARAMETRIC_REPRESENTATION_CONTEXT() REPRESENTATION_CONTEXT('2D SPACE',''
  ) );
#1487 = PCURVE('',#1488,#1493);
#1488 = PLANE('',#1489);
#1489 = AXIS2_PLACEMENT_3D('',#1490,#1491,#1492);
#1490 = CARTESIAN_POINT('',(-2.699891553191,-0.980926964698,
    -0.594906686549));
#1491 = DIRECTION('',(-0.753871505058,-0.637828370809,-0.157647465098));
#1492 = DIRECTION('',(0.645905119426,-0.763417694777,1.387778780781E-17)
  );
#1493 = DEFINITIONAL_REPRESENTATION('',(#1494),#1498);
#1494 = LINE('',#1495,#1496);
#1495 = CARTESIAN_POINT('',(0.685587905349,-0.238810018994));
#1496 = VECTOR('',#1497,1.);
#1497 = DIRECTION('',(-0.132210001567,0.991221728719));
#1498 = ( GEOMETRIC_REPRESENTATION_CONTEXT(2) 
PARAMETRIC_REPRESENTATION_CONTEXT() REPRESENTATION_CONTEXT('2D SPACE',''
  ) );
#1499 = ORIENTED_EDGE('',*,*,#1443,.F.);
#1500 = ORIENTED_EDGE('',*,*,#1501,.F.);
#1501 = EDGE_CURVE('',#1502,#1335,#1504,.T.);
#1502 = VERTEX_POINT('',#1503);
#1503 = CARTESIAN_POINT('',(-1.475390064193,-2.08,1.5E-02));
#1504 = SURFACE_CURVE('',#1505,(#1509,#1516),.PCURVE_S1.);
#1505 = LINE('',#1506,#1507);
#1506 = CARTESIAN_POINT('',(-1.475390064193,-2.08,1.5E-02));
#1507 = VECTOR('',#1508,1.);
#1508 = DIRECTION('',(0.204689508707,0.,-0.978826953565));
#1509 = PCURVE('',#1457,#1510);
#1510 = DEFINITIONAL_REPRESENTATION('',(#1511),#1515);
#1511 = LINE('',#1512,#1513);
#1512 = CARTESIAN_POINT('',(-0.651270001924,-0.280765244177));
#1513 = VECTOR('',#1514,1.);
#1514 = DIRECTION('',(-0.171988627371,0.985098935161));
#1515 = ( GEOMETRIC_REPRESENTATION_CONTEXT(2) 
PARAMETRIC_REPRESENTATION_CONTEXT() REPRESENTATION_CONTEXT('2D SPACE',''
  ) );
#1516 = PCURVE('',#1350,#1517);
#1517 = DEFINITIONAL_REPRESENTATION('',(#1518),#1522);
#1518 = LINE('',#1519,#1520);
#1519 = CARTESIAN_POINT('',(0.685871082491,-0.14972915913));
#1520 = VECTOR('',#1521,1.);
#1521 = DIRECTION('',(-0.200216025363,0.979751776313));
#1522 = ( GEOMETRIC_REPRESENTATION_CONTEXT(2) 
PARAMETRIC_REPRESENTATION_CONTEXT() REPRESENTATION_CONTEXT('2D SPACE',''
  ) );
#1523 = ORIENTED_EDGE('',*,*,#1524,.T.);
#1524 = EDGE_CURVE('',#1502,#1473,#1525,.T.);
#1525 = SURFACE_CURVE('',#1526,(#1530,#1537),.PCURVE_S1.);
#1526 = LINE('',#1527,#1528);
#1527 = CARTESIAN_POINT('',(-1.475390064193,-2.08,1.5E-02));
#1528 = VECTOR('',#1529,1.);
#1529 = DIRECTION('',(-0.840241536839,0.542212282939,9.249119032414E-17)
  );
#1530 = PCURVE('',#1457,#1531);
#1531 = DEFINITIONAL_REPRESENTATION('',(#1532),#1536);
#1532 = LINE('',#1533,#1534);
#1533 = CARTESIAN_POINT('',(-0.651270001924,-0.280765244177));
#1534 = VECTOR('',#1535,1.);
#1535 = DIRECTION('',(1.,-7.758259840376E-17));
#1536 = ( GEOMETRIC_REPRESENTATION_CONTEXT(2) 
PARAMETRIC_REPRESENTATION_CONTEXT() REPRESENTATION_CONTEXT('2D SPACE',''
  ) );
#1537 = PCURVE('',#1538,#1543);
#1538 = PLANE('',#1539);
#1539 = AXIS2_PLACEMENT_3D('',#1540,#1541,#1542);
#1540 = CARTESIAN_POINT('',(-1.780223644308,-1.834412637748,
    0.516669120831));
#1541 = DIRECTION('',(-0.5404045278,-0.837440141511,8.159016925381E-02)
  );
#1542 = DIRECTION('',(-0.840241536839,0.542212282939,6.938893903907E-18)
  );
#1543 = DEFINITIONAL_REPRESENTATION('',(#1544),#1548);
#1544 = LINE('',#1545,#1546);
#1545 = CARTESIAN_POINT('',(-0.389294320184,0.503347298723));
#1546 = VECTOR('',#1547,1.);
#1547 = DIRECTION('',(1.,-5.963512130475E-17));
#1548 = ( GEOMETRIC_REPRESENTATION_CONTEXT(2) 
PARAMETRIC_REPRESENTATION_CONTEXT() REPRESENTATION_CONTEXT('2D SPACE',''
  ) );
#1549 = ADVANCED_FACE('',(#1550),#1538,.T.);
#1550 = FACE_BOUND('',#1551,.T.);
#1551 = EDGE_LOOP('',(#1552,#1580,#1608,#1634));
#1552 = ORIENTED_EDGE('',*,*,#1553,.F.);
#1553 = EDGE_CURVE('',#1554,#1502,#1556,.T.);
#1554 = VERTEX_POINT('',#1555);
#1555 = CARTESIAN_POINT('',(-1.394828684606,-2.08,0.54859043979));
#1556 = SURFACE_CURVE('',#1557,(#1561,#1568),.PCURVE_S1.);
#1557 = LINE('',#1558,#1559);
#1558 = CARTESIAN_POINT('',(-1.394828684606,-2.08,0.54859043979));
#1559 = VECTOR('',#1560,1.);
#1560 = DIRECTION('',(-0.149287889294,0.,-0.988793773297));
#1561 = PCURVE('',#1538,#1562);
#1562 = DEFINITIONAL_REPRESENTATION('',(#1563),#1567);
#1563 = LINE('',#1564,#1565);
#1564 = CARTESIAN_POINT('',(-0.456985337578,-3.202810179492E-02));
#1565 = VECTOR('',#1566,1.);
#1566 = DIRECTION('',(0.125437885532,0.992101475089));
#1567 = ( GEOMETRIC_REPRESENTATION_CONTEXT(2) 
PARAMETRIC_REPRESENTATION_CONTEXT() REPRESENTATION_CONTEXT('2D SPACE',''
  ) );
#1568 = PCURVE('',#1569,#1574);
#1569 = PLANE('',#1570);
#1570 = AXIS2_PLACEMENT_3D('',#1571,#1572,#1573);
#1571 = CARTESIAN_POINT('',(-0.811267104723,-2.216236674995,
    0.168787335237));
#1572 = DIRECTION('',(-0.207821414763,-0.977663415348,3.1376836301E-02)
  );
#1573 = DIRECTION('',(-0.978145028669,0.207923791062,0.));
#1574 = DEFINITIONAL_REPRESENTATION('',(#1575),#1579);
#1575 = LINE('',#1576,#1577);
#1576 = CARTESIAN_POINT('',(0.599134704231,-0.379990201903));
#1577 = VECTOR('',#1578,1.);
#1578 = DIRECTION('',(0.146025206754,0.989280869618));
#1579 = ( GEOMETRIC_REPRESENTATION_CONTEXT(2) 
PARAMETRIC_REPRESENTATION_CONTEXT() REPRESENTATION_CONTEXT('2D SPACE',''
  ) );
#1580 = ORIENTED_EDGE('',*,*,#1581,.F.);
#1581 = EDGE_CURVE('',#1582,#1554,#1584,.T.);
#1582 = VERTEX_POINT('',#1583);
#1583 = CARTESIAN_POINT('',(-2.274863087193,-1.48,0.878158442582));
#1584 = SURFACE_CURVE('',#1585,(#1589,#1596),.PCURVE_S1.);
#1585 = LINE('',#1586,#1587);
#1586 = CARTESIAN_POINT('',(-2.274863087193,-1.48,0.878158442582));
#1587 = VECTOR('',#1588,1.);
#1588 = DIRECTION('',(0.789315944719,-0.538148923996,-0.295594443477));
#1589 = PCURVE('',#1538,#1590);
#1590 = DEFINITIONAL_REPRESENTATION('',(#1591),#1595);
#1591 = LINE('',#1592,#1593);
#1592 = CARTESIAN_POINT('',(0.607783491087,-0.362698571758));
#1593 = VECTOR('',#1594,1.);
#1594 = DIRECTION('',(-0.955006999084,0.296583262679));
#1595 = ( GEOMETRIC_REPRESENTATION_CONTEXT(2) 
PARAMETRIC_REPRESENTATION_CONTEXT() REPRESENTATION_CONTEXT('2D SPACE',''
  ) );
#1596 = PCURVE('',#1597,#1602);
#1597 = PLANE('',#1598);
#1598 = AXIS2_PLACEMENT_3D('',#1599,#1600,#1601);
#1599 = CARTESIAN_POINT('',(-1.780286093602,-1.697191202606,
    1.003926500239));
#1600 = DIRECTION('',(-0.448106762224,-0.834034362997,0.32184936071));
#1601 = DIRECTION('',(-0.880906620439,0.473290107722,2.775557561563E-17)
  );
#1602 = DEFINITIONAL_REPRESENTATION('',(#1603),#1607);
#1603 = LINE('',#1604,#1605);
#1604 = CARTESIAN_POINT('',(0.538470595649,0.132836151057));
#1605 = VECTOR('',#1606,1.);
#1606 = DIRECTION('',(-0.950014203529,0.312206683293));
#1607 = ( GEOMETRIC_REPRESENTATION_CONTEXT(2) 
PARAMETRIC_REPRESENTATION_CONTEXT() REPRESENTATION_CONTEXT('2D SPACE',''
  ) );
#1608 = ORIENTED_EDGE('',*,*,#1609,.F.);
#1609 = EDGE_CURVE('',#1473,#1582,#1610,.T.);
#1610 = SURFACE_CURVE('',#1611,(#1615,#1622),.PCURVE_S1.);
#1611 = LINE('',#1612,#1613);
#1612 = CARTESIAN_POINT('',(-2.405182578982,-1.48,1.5E-02));
#1613 = VECTOR('',#1614,1.);
#1614 = DIRECTION('',(0.149287889294,0.,0.988793773297));
#1615 = PCURVE('',#1538,#1616);
#1616 = DEFINITIONAL_REPRESENTATION('',(#1617),#1621);
#1617 = LINE('',#1618,#1619);
#1618 = CARTESIAN_POINT('',(0.717283341148,0.503347298723));
#1619 = VECTOR('',#1620,1.);
#1620 = DIRECTION('',(-0.125437885532,-0.992101475089));
#1621 = ( GEOMETRIC_REPRESENTATION_CONTEXT(2) 
PARAMETRIC_REPRESENTATION_CONTEXT() REPRESENTATION_CONTEXT('2D SPACE',''
  ) );
#1622 = PCURVE('',#1623,#1628);
#1623 = PLANE('',#1624);
#1624 = AXIS2_PLACEMENT_3D('',#1625,#1626,#1627);
#1625 = CARTESIAN_POINT('',(-2.734156095211,-0.979830415979,
    0.638958735525));
#1626 = DIRECTION('',(-0.758396659183,-0.641656969799,0.114502578348));
#1627 = DIRECTION('',(0.645905119426,-0.763417694777,6.938893903907E-18)
  );
#1628 = DEFINITIONAL_REPRESENTATION('',(#1629),#1633);
#1629 = LINE('',#1630,#1631);
#1630 = CARTESIAN_POINT('',(0.594323989119,-0.628089712346));
#1631 = VECTOR('',#1632,1.);
#1632 = DIRECTION('',(9.642581196354E-02,0.995340174406));
#1633 = ( GEOMETRIC_REPRESENTATION_CONTEXT(2) 
PARAMETRIC_REPRESENTATION_CONTEXT() REPRESENTATION_CONTEXT('2D SPACE',''
  ) );
#1634 = ORIENTED_EDGE('',*,*,#1524,.F.);
#1635 = ADVANCED_FACE('',(#1636),#1623,.T.);
#1636 = FACE_BOUND('',#1637,.T.);
#1637 = EDGE_LOOP('',(#1638,#1666,#1694,#1715));
#1638 = ORIENTED_EDGE('',*,*,#1639,.T.);
#1639 = EDGE_CURVE('',#1582,#1640,#1642,.T.);
#1640 = VERTEX_POINT('',#1641);
#1641 = CARTESIAN_POINT('',(-2.883465544475,-0.72,1.106076687313));
#1642 = SURFACE_CURVE('',#1643,(#1647,#1654),.PCURVE_S1.);
#1643 = LINE('',#1644,#1645);
#1644 = CARTESIAN_POINT('',(-2.274863087193,-1.48,0.878158442582));
#1645 = VECTOR('',#1646,1.);
#1646 = DIRECTION('',(-0.608619597076,0.760021403533,0.227924663489));
#1647 = PCURVE('',#1623,#1648);
#1648 = DEFINITIONAL_REPRESENTATION('',(#1649),#1653);
#1649 = LINE('',#1650,#1651);
#1650 = CARTESIAN_POINT('',(0.678498016026,0.240783350958));
#1651 = VECTOR('',#1652,1.);
#1652 = DIRECTION('',(-0.973324301401,0.229433659915));
#1653 = ( GEOMETRIC_REPRESENTATION_CONTEXT(2) 
PARAMETRIC_REPRESENTATION_CONTEXT() REPRESENTATION_CONTEXT('2D SPACE',''
  ) );
#1654 = PCURVE('',#1655,#1660);
#1655 = PLANE('',#1656);
#1656 = AXIS2_PLACEMENT_3D('',#1657,#1658,#1659);
#1657 = CARTESIAN_POINT('',(-2.296099777279,-0.978507818029,
    1.558115000025));
#1658 = DIRECTION('',(-0.626407214666,-0.636547632537,0.449912339157));
#1659 = DIRECTION('',(-0.712761253076,0.701406726596,0.));
#1660 = DEFINITIONAL_REPRESENTATION('',(#1661),#1665);
#1661 = LINE('',#1662,#1663);
#1662 = CARTESIAN_POINT('',(-0.366886679607,0.761367513045));
#1663 = VECTOR('',#1664,1.);
#1664 = DIRECTION('',(0.966884591453,-0.255214001987));
#1665 = ( GEOMETRIC_REPRESENTATION_CONTEXT(2) 
PARAMETRIC_REPRESENTATION_CONTEXT() REPRESENTATION_CONTEXT('2D SPACE',''
  ) );
#1666 = ORIENTED_EDGE('',*,*,#1667,.T.);
#1667 = EDGE_CURVE('',#1640,#1668,#1670,.T.);
#1668 = VERTEX_POINT('',#1669);
#1669 = CARTESIAN_POINT('',(-3.048196087998,-0.72,1.5E-02));
#1670 = SURFACE_CURVE('',#1671,(#1675,#1682),.PCURVE_S1.);
#1671 = LINE('',#1672,#1673);
#1672 = CARTESIAN_POINT('',(-2.883465544475,-0.72,1.106076687313));
#1673 = VECTOR('',#1674,1.);
#1674 = DIRECTION('',(-0.149287889294,0.,-0.988793773297));
#1675 = PCURVE('',#1623,#1676);
#1676 = DEFINITIONAL_REPRESENTATION('',(#1677),#1681);
#1677 = LINE('',#1678,#1679);
#1678 = CARTESIAN_POINT('',(-0.294798874858,0.470210549619));
#1679 = VECTOR('',#1680,1.);
#1680 = DIRECTION('',(-9.642581196354E-02,-0.995340174406));
#1681 = ( GEOMETRIC_REPRESENTATION_CONTEXT(2) 
PARAMETRIC_REPRESENTATION_CONTEXT() REPRESENTATION_CONTEXT('2D SPACE',''
  ) );
#1682 = PCURVE('',#1683,#1688);
#1683 = PLANE('',#1684);
#1684 = AXIS2_PLACEMENT_3D('',#1685,#1686,#1687);
#1685 = CARTESIAN_POINT('',(-3.182946324024,-0.200153409705,
    0.730295842742));
#1686 = DIRECTION('',(-0.897721493781,-0.419196398429,0.135537814456));
#1687 = DIRECTION('',(0.423100698034,-0.906082666937,-6.938893903907E-18
    ));
#1688 = DEFINITIONAL_REPRESENTATION('',(#1689),#1693);
#1689 = LINE('',#1690,#1691);
#1690 = CARTESIAN_POINT('',(0.597734511807,0.379280781614));
#1691 = VECTOR('',#1692,1.);
#1692 = DIRECTION('',(-6.316381016843E-02,-0.998003172883));
#1693 = ( GEOMETRIC_REPRESENTATION_CONTEXT(2) 
PARAMETRIC_REPRESENTATION_CONTEXT() REPRESENTATION_CONTEXT('2D SPACE',''
  ) );
#1694 = ORIENTED_EDGE('',*,*,#1695,.T.);
#1695 = EDGE_CURVE('',#1668,#1473,#1696,.T.);
#1696 = SURFACE_CURVE('',#1697,(#1701,#1708),.PCURVE_S1.);
#1697 = LINE('',#1698,#1699);
#1698 = CARTESIAN_POINT('',(-3.048196087998,-0.72,1.5E-02));
#1699 = VECTOR('',#1700,1.);
#1700 = DIRECTION('',(0.645905119426,-0.763417694777,-7.144350326493E-17
    ));
#1701 = PCURVE('',#1623,#1702);
#1702 = DEFINITIONAL_REPRESENTATION('',(#1703),#1707);
#1703 = LINE('',#1704,#1705);
#1704 = CARTESIAN_POINT('',(-0.401199176246,-0.628089712346));
#1705 = VECTOR('',#1706,1.);
#1706 = DIRECTION('',(1.,-6.310419818517E-17));
#1707 = ( GEOMETRIC_REPRESENTATION_CONTEXT(2) 
PARAMETRIC_REPRESENTATION_CONTEXT() REPRESENTATION_CONTEXT('2D SPACE',''
  ) );
#1708 = PCURVE('',#1488,#1709);
#1709 = DEFINITIONAL_REPRESENTATION('',(#1710),#1714);
#1710 = LINE('',#1711,#1712);
#1711 = CARTESIAN_POINT('',(-0.424167944047,0.617629866032));
#1712 = VECTOR('',#1713,1.);
#1713 = DIRECTION('',(1.,-1.345251353804E-16));
#1714 = ( GEOMETRIC_REPRESENTATION_CONTEXT(2) 
PARAMETRIC_REPRESENTATION_CONTEXT() REPRESENTATION_CONTEXT('2D SPACE',''
  ) );
#1715 = ORIENTED_EDGE('',*,*,#1609,.T.);
#1716 = ADVANCED_FACE('',(#1717),#1683,.T.);
#1717 = FACE_BOUND('',#1718,.T.);
#1718 = EDGE_LOOP('',(#1719,#1742,#1770,#1796));
#1719 = ORIENTED_EDGE('',*,*,#1720,.F.);
#1720 = EDGE_CURVE('',#1721,#1640,#1723,.T.);
#1721 = VERTEX_POINT('',#1722);
#1722 = CARTESIAN_POINT('',(-3.223779883935,5.E-02,1.233522519939));
#1723 = SURFACE_CURVE('',#1724,(#1728,#1735),.PCURVE_S1.);
#1724 = LINE('',#1725,#1726);
#1725 = CARTESIAN_POINT('',(-3.223779883935,5.E-02,1.233522519939));
#1726 = VECTOR('',#1727,1.);
#1727 = DIRECTION('',(0.399690971069,-0.904346399895,-0.14968205184));
#1728 = PCURVE('',#1683,#1729);
#1729 = DEFINITIONAL_REPRESENTATION('',(#1730),#1734);
#1730 = LINE('',#1731,#1732);
#1731 = CARTESIAN_POINT('',(-0.243936376311,0.507913615645));
#1732 = VECTOR('',#1733,1.);
#1733 = DIRECTION('',(0.988522126709,-0.151076156317));
#1734 = ( GEOMETRIC_REPRESENTATION_CONTEXT(2) 
PARAMETRIC_REPRESENTATION_CONTEXT() REPRESENTATION_CONTEXT('2D SPACE',''
  ) );
#1735 = PCURVE('',#502,#1736);
#1736 = DEFINITIONAL_REPRESENTATION('',(#1737),#1741);
#1737 = LINE('',#1738,#1739);
#1738 = CARTESIAN_POINT('',(0.521546188469,-0.271853139654));
#1739 = VECTOR('',#1740,1.);
#1740 = DIRECTION('',(-0.111592077468,0.99375409848));
#1741 = ( GEOMETRIC_REPRESENTATION_CONTEXT(2) 
PARAMETRIC_REPRESENTATION_CONTEXT() REPRESENTATION_CONTEXT('2D SPACE',''
  ) );
#1742 = ORIENTED_EDGE('',*,*,#1743,.F.);
#1743 = EDGE_CURVE('',#1744,#1721,#1746,.T.);
#1744 = VERTEX_POINT('',#1745);
#1745 = CARTESIAN_POINT('',(-3.407752174186,5.E-02,1.5E-02));
#1746 = SURFACE_CURVE('',#1747,(#1751,#1758),.PCURVE_S1.);
#1747 = LINE('',#1748,#1749);
#1748 = CARTESIAN_POINT('',(-3.407752174186,5.E-02,1.5E-02));
#1749 = VECTOR('',#1750,1.);
#1750 = DIRECTION('',(0.149287889294,0.,0.988793773297));
#1751 = PCURVE('',#1683,#1752);
#1752 = DEFINITIONAL_REPRESENTATION('',(#1753),#1757);
#1753 = LINE('',#1754,#1755);
#1754 = CARTESIAN_POINT('',(-0.321775180735,-0.721957945009));
#1755 = VECTOR('',#1756,1.);
#1756 = DIRECTION('',(6.316381016843E-02,0.998003172883));
#1757 = ( GEOMETRIC_REPRESENTATION_CONTEXT(2) 
PARAMETRIC_REPRESENTATION_CONTEXT() REPRESENTATION_CONTEXT('2D SPACE',''
  ) );
#1758 = PCURVE('',#1759,#1764);
#1759 = PLANE('',#1760);
#1760 = AXIS2_PLACEMENT_3D('',#1761,#1762,#1763);
#1761 = CARTESIAN_POINT('',(-3.341029363511,0.273133348529,
    0.769249264373));
#1762 = DIRECTION('',(-0.967889124965,-0.204538908823,0.146131709603));
#1763 = DIRECTION('',(0.206758430982,-0.97839202328,0.));
#1764 = DEFINITIONAL_REPRESENTATION('',(#1765),#1769);
#1765 = LINE('',#1766,#1767);
#1766 = CARTESIAN_POINT('',(0.204516384682,-0.762433882965));
#1767 = VECTOR('',#1768,1.);
#1768 = DIRECTION('',(3.086652975517E-02,0.999523515152));
#1769 = ( GEOMETRIC_REPRESENTATION_CONTEXT(2) 
PARAMETRIC_REPRESENTATION_CONTEXT() REPRESENTATION_CONTEXT('2D SPACE',''
  ) );
#1770 = ORIENTED_EDGE('',*,*,#1771,.F.);
#1771 = EDGE_CURVE('',#1668,#1744,#1772,.T.);
#1772 = SURFACE_CURVE('',#1773,(#1777,#1784),.PCURVE_S1.);
#1773 = LINE('',#1774,#1775);
#1774 = CARTESIAN_POINT('',(-3.048196087998,-0.72,1.5E-02));
#1775 = VECTOR('',#1776,1.);
#1776 = DIRECTION('',(-0.423100698034,0.906082666937,4.694995596201E-17)
  );
#1777 = PCURVE('',#1683,#1778);
#1778 = DEFINITIONAL_REPRESENTATION('',(#1779),#1783);
#1779 = LINE('',#1780,#1781);
#1780 = CARTESIAN_POINT('',(0.528036903855,-0.721957945009));
#1781 = VECTOR('',#1782,1.);
#1782 = DIRECTION('',(-1.,-1.988109441733E-17));
#1783 = ( GEOMETRIC_REPRESENTATION_CONTEXT(2) 
PARAMETRIC_REPRESENTATION_CONTEXT() REPRESENTATION_CONTEXT('2D SPACE',''
  ) );
#1784 = PCURVE('',#1785,#1790);
#1785 = PLANE('',#1786);
#1786 = AXIS2_PLACEMENT_3D('',#1787,#1788,#1789);
#1787 = CARTESIAN_POINT('',(-3.086232792188,-0.45930335632,
    -0.385240458152));
#1788 = DIRECTION('',(-0.890242964943,-0.415704254845,-0.186165076943));
#1789 = DIRECTION('',(0.423100698034,-0.906082666937,-1.387778780781E-17
    ));
#1790 = DEFINITIONAL_REPRESENTATION('',(#1791),#1795);
#1791 = LINE('',#1792,#1793);
#1792 = CARTESIAN_POINT('',(0.252306066261,0.407361760799));
#1793 = VECTOR('',#1794,1.);
#1794 = DIRECTION('',(-1.,-3.026878555249E-17));
#1795 = ( GEOMETRIC_REPRESENTATION_CONTEXT(2) 
PARAMETRIC_REPRESENTATION_CONTEXT() REPRESENTATION_CONTEXT('2D SPACE',''
  ) );
#1796 = ORIENTED_EDGE('',*,*,#1667,.F.);
#1797 = ADVANCED_FACE('',(#1798),#1785,.T.);
#1798 = FACE_BOUND('',#1799,.T.);
#1799 = EDGE_LOOP('',(#1800,#1823,#1824,#1852));
#1800 = ORIENTED_EDGE('',*,*,#1801,.F.);
#1801 = EDGE_CURVE('',#1668,#1802,#1804,.T.);
#1802 = VERTEX_POINT('',#1803);
#1803 = CARTESIAN_POINT('',(-2.824640047971,-0.72,-1.054046865139));
#1804 = SURFACE_CURVE('',#1805,(#1809,#1816),.PCURVE_S1.);
#1805 = LINE('',#1806,#1807);
#1806 = CARTESIAN_POINT('',(-3.048196087998,-0.72,1.5E-02));
#1807 = VECTOR('',#1808,1.);
#1808 = DIRECTION('',(0.204689508707,0.,-0.978826953565));
#1809 = PCURVE('',#1785,#1810);
#1810 = DEFINITIONAL_REPRESENTATION('',(#1811),#1815);
#1811 = LINE('',#1812,#1813);
#1812 = CARTESIAN_POINT('',(0.252306066261,0.407361760799));
#1813 = VECTOR('',#1814,1.);
#1814 = DIRECTION('',(8.660427401437E-02,-0.996242791554));
#1815 = ( GEOMETRIC_REPRESENTATION_CONTEXT(2) 
PARAMETRIC_REPRESENTATION_CONTEXT() REPRESENTATION_CONTEXT('2D SPACE',''
  ) );
#1816 = PCURVE('',#1488,#1817);
#1817 = DEFINITIONAL_REPRESENTATION('',(#1818),#1822);
#1818 = LINE('',#1819,#1820);
#1819 = CARTESIAN_POINT('',(-0.424167944047,0.617629866032));
#1820 = VECTOR('',#1821,1.);
#1821 = DIRECTION('',(0.132210001567,-0.991221728719));
#1822 = ( GEOMETRIC_REPRESENTATION_CONTEXT(2) 
PARAMETRIC_REPRESENTATION_CONTEXT() REPRESENTATION_CONTEXT('2D SPACE',''
  ) );
#1823 = ORIENTED_EDGE('',*,*,#1771,.T.);
#1824 = ORIENTED_EDGE('',*,*,#1825,.F.);
#1825 = EDGE_CURVE('',#1826,#1744,#1828,.T.);
#1826 = VERTEX_POINT('',#1827);
#1827 = CARTESIAN_POINT('',(-3.158083134045,5.E-02,-1.178919451483));
#1828 = SURFACE_CURVE('',#1829,(#1833,#1840),.PCURVE_S1.);
#1829 = LINE('',#1830,#1831);
#1830 = CARTESIAN_POINT('',(-3.158083134045,5.E-02,-1.178919451483));
#1831 = VECTOR('',#1832,1.);
#1832 = DIRECTION('',(-0.204689508707,0.,0.978826953565));
#1833 = PCURVE('',#1785,#1834);
#1834 = DEFINITIONAL_REPRESENTATION('',(#1835),#1839);
#1835 = LINE('',#1836,#1837);
#1836 = CARTESIAN_POINT('',(-0.491870873168,-0.807800574998));
#1837 = VECTOR('',#1838,1.);
#1838 = DIRECTION('',(-8.660427401437E-02,0.996242791554));
#1839 = ( GEOMETRIC_REPRESENTATION_CONTEXT(2) 
PARAMETRIC_REPRESENTATION_CONTEXT() REPRESENTATION_CONTEXT('2D SPACE',''
  ) );
#1840 = PCURVE('',#1841,#1846);
#1841 = PLANE('',#1842);
#1842 = AXIS2_PLACEMENT_3D('',#1843,#1844,#1845);
#1843 = CARTESIAN_POINT('',(-3.406252287683,0.530173843898,
    -0.477415336997));
#1844 = DIRECTION('',(-0.958535280157,-0.202562210087,-0.200446171675));
#1845 = DIRECTION('',(0.206758430982,-0.97839202328,-6.938893903907E-18)
  );
#1846 = DEFINITIONAL_REPRESENTATION('',(#1847),#1851);
#1847 = LINE('',#1848,#1849);
#1848 = CARTESIAN_POINT('',(0.521109323482,-0.716036273384));
#1849 = VECTOR('',#1850,1.);
#1850 = DIRECTION('',(-4.232128165893E-02,0.999104053199));
#1851 = ( GEOMETRIC_REPRESENTATION_CONTEXT(2) 
PARAMETRIC_REPRESENTATION_CONTEXT() REPRESENTATION_CONTEXT('2D SPACE',''
  ) );
#1852 = ORIENTED_EDGE('',*,*,#1853,.F.);
#1853 = EDGE_CURVE('',#1802,#1826,#1854,.T.);
#1854 = SURFACE_CURVE('',#1855,(#1859,#1866),.PCURVE_S1.);
#1855 = LINE('',#1856,#1857);
#1856 = CARTESIAN_POINT('',(-2.824640047971,-0.72,-1.054046865139));
#1857 = VECTOR('',#1858,1.);
#1858 = DIRECTION('',(-0.393054495624,0.907657031351,-0.147196728594));
#1859 = PCURVE('',#1785,#1860);
#1860 = DEFINITIONAL_REPRESENTATION('',(#1861),#1865);
#1861 = LINE('',#1862,#1863);
#1862 = CARTESIAN_POINT('',(0.346892782846,-0.680706185582));
#1863 = VECTOR('',#1864,1.);
#1864 = DIRECTION('',(-0.988713935094,-0.149815735323));
#1865 = ( GEOMETRIC_REPRESENTATION_CONTEXT(2) 
PARAMETRIC_REPRESENTATION_CONTEXT() REPRESENTATION_CONTEXT('2D SPACE',''
  ) );
#1866 = PCURVE('',#1867,#1872);
#1867 = PLANE('',#1868);
#1868 = AXIS2_PLACEMENT_3D('',#1869,#1870,#1871);
#1869 = CARTESIAN_POINT('',(-2.775206454776,-0.198334664661,
    -1.532539460195));
#1870 = DIRECTION('',(-0.748024756789,-0.408723539533,-0.522880513562));
#1871 = DIRECTION('',(0.572920386861,2.775557561563E-17,-0.819611023791)
  );
#1872 = DEFINITIONAL_REPRESENTATION('',(#1873),#1877);
#1873 = LINE('',#1874,#1875);
#1874 = CARTESIAN_POINT('',(-0.420499319047,0.571588915598));
#1875 = VECTOR('',#1876,1.);
#1876 = DIRECTION('',(-0.104544872268,-0.994520170576));
#1877 = ( GEOMETRIC_REPRESENTATION_CONTEXT(2) 
PARAMETRIC_REPRESENTATION_CONTEXT() REPRESENTATION_CONTEXT('2D SPACE',''
  ) );
#1878 = ADVANCED_FACE('',(#1879),#1867,.T.);
#1879 = FACE_BOUND('',#1880,.T.);
#1880 = EDGE_LOOP('',(#1881,#1882,#1910,#1938));
#1881 = ORIENTED_EDGE('',*,*,#1853,.T.);
#1882 = ORIENTED_EDGE('',*,*,#1883,.T.);
#1883 = EDGE_CURVE('',#1826,#1884,#1886,.T.);
#1884 = VERTEX_POINT('',#1885);
#1885 = CARTESIAN_POINT('',(-2.434880428242,5.E-02,-2.213522031013));
#1886 = SURFACE_CURVE('',#1887,(#1891,#1898),.PCURVE_S1.);
#1887 = LINE('',#1888,#1889);
#1888 = CARTESIAN_POINT('',(-3.158083134045,5.E-02,-1.178919451483));
#1889 = VECTOR('',#1890,1.);
#1890 = DIRECTION('',(0.572920386861,0.,-0.819611023791));
#1891 = PCURVE('',#1867,#1892);
#1892 = DEFINITIONAL_REPRESENTATION('',(#1893),#1897);
#1893 = LINE('',#1894,#1895);
#1894 = CARTESIAN_POINT('',(-0.50918871258,-0.272100390928));
#1895 = VECTOR('',#1896,1.);
#1896 = DIRECTION('',(1.,2.775557561563E-17));
#1897 = ( GEOMETRIC_REPRESENTATION_CONTEXT(2) 
PARAMETRIC_REPRESENTATION_CONTEXT() REPRESENTATION_CONTEXT('2D SPACE',''
  ) );
#1898 = PCURVE('',#1899,#1904);
#1899 = PLANE('',#1900);
#1900 = AXIS2_PLACEMENT_3D('',#1901,#1902,#1903);
#1901 = CARTESIAN_POINT('',(-2.914794761745,0.272298744629,
    -1.605603138828));
#1902 = DIRECTION('',(-0.803279164818,-0.198634456699,-0.561504172719));
#1903 = DIRECTION('',(0.572920386861,0.,-0.819611023791));
#1904 = DEFINITIONAL_REPRESENTATION('',(#1905),#1909);
#1905 = LINE('',#1906,#1907);
#1906 = CARTESIAN_POINT('',(-0.489099522197,0.226818408409));
#1907 = VECTOR('',#1908,1.);
#1908 = DIRECTION('',(1.,-1.387778780781E-17));
#1909 = ( GEOMETRIC_REPRESENTATION_CONTEXT(2) 
PARAMETRIC_REPRESENTATION_CONTEXT() REPRESENTATION_CONTEXT('2D SPACE',''
  ) );
#1910 = ORIENTED_EDGE('',*,*,#1911,.T.);
#1911 = EDGE_CURVE('',#1884,#1912,#1914,.T.);
#1912 = VERTEX_POINT('',#1913);
#1913 = CARTESIAN_POINT('',(-2.177077446877,-0.72,-1.980439883478));
#1914 = SURFACE_CURVE('',#1915,(#1919,#1926),.PCURVE_S1.);
#1915 = LINE('',#1916,#1917);
#1916 = CARTESIAN_POINT('',(-2.434880428242,5.E-02,-2.213522031013));
#1917 = VECTOR('',#1918,1.);
#1918 = DIRECTION('',(0.305163952782,-0.91145665732,0.27590165594));
#1919 = PCURVE('',#1867,#1920);
#1920 = DEFINITIONAL_REPRESENTATION('',(#1921),#1925);
#1921 = LINE('',#1922,#1923);
#1922 = CARTESIAN_POINT('',(0.753120540833,-0.272100390928));
#1923 = VECTOR('',#1924,1.);
#1924 = DIRECTION('',(-5.129738880668E-02,0.998683422262));
#1925 = ( GEOMETRIC_REPRESENTATION_CONTEXT(2) 
PARAMETRIC_REPRESENTATION_CONTEXT() REPRESENTATION_CONTEXT('2D SPACE',''
  ) );
#1926 = PCURVE('',#1927,#1932);
#1927 = PLANE('',#1928);
#1928 = AXIS2_PLACEMENT_3D('',#1929,#1930,#1931);
#1929 = CARTESIAN_POINT('',(-1.69609433287,-0.19729606955,
    -2.534974019513));
#1930 = DIRECTION('',(-0.474659541941,-0.39674812969,-0.785677567983));
#1931 = DIRECTION('',(-0.855925501422,2.775557561563E-17,0.517099154916)
  );
#1932 = DEFINITIONAL_REPRESENTATION('',(#1933),#1937);
#1933 = LINE('',#1934,#1935);
#1934 = CARTESIAN_POINT('',(0.798568410724,0.269406969163));
#1935 = VECTOR('',#1936,1.);
#1936 = DIRECTION('',(-0.118529096174,-0.992950579515));
#1937 = ( GEOMETRIC_REPRESENTATION_CONTEXT(2) 
PARAMETRIC_REPRESENTATION_CONTEXT() REPRESENTATION_CONTEXT('2D SPACE',''
  ) );
#1938 = ORIENTED_EDGE('',*,*,#1939,.T.);
#1939 = EDGE_CURVE('',#1912,#1802,#1940,.T.);
#1940 = SURFACE_CURVE('',#1941,(#1945,#1952),.PCURVE_S1.);
#1941 = LINE('',#1942,#1943);
#1942 = CARTESIAN_POINT('',(-2.177077446877,-0.72,-1.980439883478));
#1943 = VECTOR('',#1944,1.);
#1944 = DIRECTION('',(-0.572920386861,0.,0.819611023791));
#1945 = PCURVE('',#1867,#1946);
#1946 = DEFINITIONAL_REPRESENTATION('',(#1947),#1951);
#1947 = LINE('',#1948,#1949);
#1948 = CARTESIAN_POINT('',(0.709784427081,0.571588915598));
#1949 = VECTOR('',#1950,1.);
#1950 = DIRECTION('',(-1.,-5.551115123126E-17));
#1951 = ( GEOMETRIC_REPRESENTATION_CONTEXT(2) 
PARAMETRIC_REPRESENTATION_CONTEXT() REPRESENTATION_CONTEXT('2D SPACE',''
  ) );
#1952 = PCURVE('',#1409,#1953);
#1953 = DEFINITIONAL_REPRESENTATION('',(#1954),#1958);
#1954 = LINE('',#1955,#1956);
#1955 = CARTESIAN_POINT('',(-3.259350828605E-02,-0.748097103604));
#1956 = VECTOR('',#1957,1.);
#1957 = DIRECTION('',(-0.403079294492,0.915165057436));
#1958 = ( GEOMETRIC_REPRESENTATION_CONTEXT(2) 
PARAMETRIC_REPRESENTATION_CONTEXT() REPRESENTATION_CONTEXT('2D SPACE',''
  ) );
#1959 = ADVANCED_FACE('',(#1960),#1927,.T.);
#1960 = FACE_BOUND('',#1961,.T.);
#1961 = EDGE_LOOP('',(#1962,#1990,#2018,#2044));
#1962 = ORIENTED_EDGE('',*,*,#1963,.T.);
#1963 = EDGE_CURVE('',#1884,#1964,#1966,.T.);
#1964 = VERTEX_POINT('',#1965);
#1965 = CARTESIAN_POINT('',(-1.303997335447,5.E-02,-2.896734168777));
#1966 = SURFACE_CURVE('',#1967,(#1971,#1978),.PCURVE_S1.);
#1967 = LINE('',#1968,#1969);
#1968 = CARTESIAN_POINT('',(-2.434880428242,5.E-02,-2.213522031013));
#1969 = VECTOR('',#1970,1.);
#1970 = DIRECTION('',(0.855925501422,0.,-0.517099154916));
#1971 = PCURVE('',#1927,#1972);
#1972 = DEFINITIONAL_REPRESENTATION('',(#1973),#1977);
#1973 = LINE('',#1974,#1975);
#1974 = CARTESIAN_POINT('',(0.798568410724,0.269406969163));
#1975 = VECTOR('',#1976,1.);
#1976 = DIRECTION('',(-1.,8.326672684689E-17));
#1977 = ( GEOMETRIC_REPRESENTATION_CONTEXT(2) 
PARAMETRIC_REPRESENTATION_CONTEXT() REPRESENTATION_CONTEXT('2D SPACE',''
  ) );
#1978 = PCURVE('',#1979,#1984);
#1979 = PLANE('',#1980);
#1980 = AXIS2_PLACEMENT_3D('',#1981,#1982,#1983);
#1981 = CARTESIAN_POINT('',(-2.035189361373,0.533690996715,
    -2.565529884013));
#1982 = DIRECTION('',(-0.507481782084,-0.191967422543,-0.840006398508));
#1983 = DIRECTION('',(-0.855925501422,0.,0.517099154916));
#1984 = DEFINITIONAL_REPRESENTATION('',(#1985),#1989);
#1985 = LINE('',#1986,#1987);
#1986 = CARTESIAN_POINT('',(0.524128740133,-0.492857506362));
#1987 = VECTOR('',#1988,1.);
#1988 = DIRECTION('',(-1.,2.775557561563E-17));
#1989 = ( GEOMETRIC_REPRESENTATION_CONTEXT(2) 
PARAMETRIC_REPRESENTATION_CONTEXT() REPRESENTATION_CONTEXT('2D SPACE',''
  ) );
#1990 = ORIENTED_EDGE('',*,*,#1991,.T.);
#1991 = EDGE_CURVE('',#1964,#1992,#1994,.T.);
#1992 = VERTEX_POINT('',#1993);
#1993 = CARTESIAN_POINT('',(-1.164473938583,-0.72,-2.592194548497));
#1994 = SURFACE_CURVE('',#1995,(#1999,#2006),.PCURVE_S1.);
#1995 = LINE('',#1996,#1997);
#1996 = CARTESIAN_POINT('',(-1.303997335447,5.E-02,-2.896734168777));
#1997 = VECTOR('',#1998,1.);
#1998 = DIRECTION('',(0.166156848889,-0.916984366209,0.362672819076));
#1999 = PCURVE('',#1927,#2000);
#2000 = DEFINITIONAL_REPRESENTATION('',(#2001),#2005);
#2001 = LINE('',#2002,#2003);
#2002 = CARTESIAN_POINT('',(-0.522671686593,0.269406969163));
#2003 = VECTOR('',#2004,1.);
#2004 = DIRECTION('',(4.531992405519E-02,-0.998972524389));
#2005 = ( GEOMETRIC_REPRESENTATION_CONTEXT(2) 
PARAMETRIC_REPRESENTATION_CONTEXT() REPRESENTATION_CONTEXT('2D SPACE',''
  ) );
#2006 = PCURVE('',#2007,#2012);
#2007 = PLANE('',#2008);
#2008 = AXIS2_PLACEMENT_3D('',#2009,#2010,#2011);
#2009 = CARTESIAN_POINT('',(-0.427721097762,-0.465677574151,
    -2.851847519409));
#2010 = DIRECTION('',(-0.183347949319,-0.390100656632,-0.902333091034));
#2011 = DIRECTION('',(0.,-0.917893141252,0.396827646773));
#2012 = DEFINITIONAL_REPRESENTATION('',(#2013),#2017);
#2013 = LINE('',#2014,#2015);
#2014 = CARTESIAN_POINT('',(-0.491149171851,0.891386957216));
#2015 = VECTOR('',#2016,1.);
#2016 = DIRECTION('',(0.98561226172,-0.169022097807));
#2017 = ( GEOMETRIC_REPRESENTATION_CONTEXT(2) 
PARAMETRIC_REPRESENTATION_CONTEXT() REPRESENTATION_CONTEXT('2D SPACE',''
  ) );
#2018 = ORIENTED_EDGE('',*,*,#2019,.T.);
#2019 = EDGE_CURVE('',#1992,#1912,#2020,.T.);
#2020 = SURFACE_CURVE('',#2021,(#2025,#2032),.PCURVE_S1.);
#2021 = LINE('',#2022,#2023);
#2022 = CARTESIAN_POINT('',(-1.164473938583,-0.72,-2.592194548497));
#2023 = VECTOR('',#2024,1.);
#2024 = DIRECTION('',(-0.855925501422,0.,0.517099154916));
#2025 = PCURVE('',#1927,#2026);
#2026 = DEFINITIONAL_REPRESENTATION('',(#2027),#2031);
#2027 = LINE('',#2028,#2029);
#2028 = CARTESIAN_POINT('',(-0.484616139728,-0.569439222904));
#2029 = VECTOR('',#2030,1.);
#2030 = DIRECTION('',(1.,-2.775557561563E-17));
#2031 = ( GEOMETRIC_REPRESENTATION_CONTEXT(2) 
PARAMETRIC_REPRESENTATION_CONTEXT() REPRESENTATION_CONTEXT('2D SPACE',''
  ) );
#2032 = PCURVE('',#2033,#2038);
#2033 = PLANE('',#2034);
#2034 = AXIS2_PLACEMENT_3D('',#2035,#2036,#2037);
#2035 = CARTESIAN_POINT('',(-1.451587725126,-0.976003257589,
    -2.184505309702));
#2036 = DIRECTION('',(-0.407113994699,-0.616565598634,-0.673873176422));
#2037 = DIRECTION('',(0.,-0.737781784982,0.675039286078));
#2038 = DEFINITIONAL_REPRESENTATION('',(#2039),#2043);
#2039 = LINE('',#2040,#2041);
#2040 = CARTESIAN_POINT('',(-0.464080793043,-0.314343008952));
#2041 = VECTOR('',#2042,1.);
#2042 = DIRECTION('',(0.349062244366,0.937099540902));
#2043 = ( GEOMETRIC_REPRESENTATION_CONTEXT(2) 
PARAMETRIC_REPRESENTATION_CONTEXT() REPRESENTATION_CONTEXT('2D SPACE',''
  ) );
#2044 = ORIENTED_EDGE('',*,*,#1911,.F.);
#2045 = ADVANCED_FACE('',(#2046),#2033,.T.);
#2046 = FACE_BOUND('',#2047,.T.);
#2047 = EDGE_LOOP('',(#2048,#2049,#2077,#2098));
#2048 = ORIENTED_EDGE('',*,*,#2019,.F.);
#2049 = ORIENTED_EDGE('',*,*,#2050,.F.);
#2050 = EDGE_CURVE('',#2051,#1992,#2053,.T.);
#2051 = VERTEX_POINT('',#2052);
#2052 = CARTESIAN_POINT('',(-0.914956735416,-1.48,-2.047569947792));
#2053 = SURFACE_CURVE('',#2054,(#2058,#2065),.PCURVE_S1.);
#2054 = LINE('',#2055,#2056);
#2055 = CARTESIAN_POINT('',(-0.914956735416,-1.48,-2.047569947792));
#2056 = VECTOR('',#2057,1.);
#2057 = DIRECTION('',(-0.257841279947,0.785354157037,-0.562793676564));
#2058 = PCURVE('',#2033,#2059);
#2059 = DEFINITIONAL_REPRESENTATION('',(#2060),#2064);
#2060 = LINE('',#2061,#2062);
#2061 = CARTESIAN_POINT('',(0.464276365184,-0.587523859559));
#2062 = VECTOR('',#2063,1.);
#2063 = DIRECTION('',(-0.959327833459,0.28229436401));
#2064 = ( GEOMETRIC_REPRESENTATION_CONTEXT(2) 
PARAMETRIC_REPRESENTATION_CONTEXT() REPRESENTATION_CONTEXT('2D SPACE',''
  ) );
#2065 = PCURVE('',#2066,#2071);
#2066 = PLANE('',#2067);
#2067 = AXIS2_PLACEMENT_3D('',#2068,#2069,#2070);
#2068 = CARTESIAN_POINT('',(-0.643451633314,-0.972488927454,
    -2.500282580404));
#2069 = DIRECTION('',(-0.157952239515,-0.608915456075,-0.777350022439));
#2070 = DIRECTION('',(0.,-0.787232344497,0.616656497394));
#2071 = DEFINITIONAL_REPRESENTATION('',(#2072),#2076);
#2072 = LINE('',#2073,#2074);
#2073 = CARTESIAN_POINT('',(0.678697317851,0.274956701487));
#2074 = VECTOR('',#2075,1.);
#2075 = DIRECTION('',(-0.96530657165,0.261119173424));
#2076 = ( GEOMETRIC_REPRESENTATION_CONTEXT(2) 
PARAMETRIC_REPRESENTATION_CONTEXT() REPRESENTATION_CONTEXT('2D SPACE',''
  ) );
#2077 = ORIENTED_EDGE('',*,*,#2078,.T.);
#2078 = EDGE_CURVE('',#2051,#1392,#2079,.T.);
#2079 = SURFACE_CURVE('',#2080,(#2084,#2091),.PCURVE_S1.);
#2080 = LINE('',#2081,#2082);
#2081 = CARTESIAN_POINT('',(-0.914956735416,-1.48,-2.047569947792));
#2082 = VECTOR('',#2083,1.);
#2083 = DIRECTION('',(-0.855925501422,0.,0.517099154916));
#2084 = PCURVE('',#2033,#2085);
#2085 = DEFINITIONAL_REPRESENTATION('',(#2086),#2090);
#2086 = LINE('',#2087,#2088);
#2087 = CARTESIAN_POINT('',(0.464276365184,-0.587523859559));
#2088 = VECTOR('',#2089,1.);
#2089 = DIRECTION('',(0.349062244366,0.937099540902));
#2090 = ( GEOMETRIC_REPRESENTATION_CONTEXT(2) 
PARAMETRIC_REPRESENTATION_CONTEXT() REPRESENTATION_CONTEXT('2D SPACE',''
  ) );
#2091 = PCURVE('',#1293,#2092);
#2092 = DEFINITIONAL_REPRESENTATION('',(#2093),#2097);
#2093 = LINE('',#2094,#2095);
#2094 = CARTESIAN_POINT('',(0.570846393052,0.309141655842));
#2095 = VECTOR('',#2096,1.);
#2096 = DIRECTION('',(-0.444050141821,-0.896001937246));
#2097 = ( GEOMETRIC_REPRESENTATION_CONTEXT(2) 
PARAMETRIC_REPRESENTATION_CONTEXT() REPRESENTATION_CONTEXT('2D SPACE',''
  ) );
#2098 = ORIENTED_EDGE('',*,*,#2099,.F.);
#2099 = EDGE_CURVE('',#1912,#1392,#2100,.T.);
#2100 = SURFACE_CURVE('',#2101,(#2105,#2112),.PCURVE_S1.);
#2101 = LINE('',#2102,#2103);
#2102 = CARTESIAN_POINT('',(-2.177077446877,-0.72,-1.980439883478));
#2103 = VECTOR('',#2104,1.);
#2104 = DIRECTION('',(0.46959449682,-0.774096676667,0.424564887536));
#2105 = PCURVE('',#2033,#2106);
#2106 = DEFINITIONAL_REPRESENTATION('',(#2107),#2111);
#2107 = LINE('',#2108,#2109);
#2108 = CARTESIAN_POINT('',(-5.112236071349E-02,0.794293526776));
#2109 = VECTOR('',#2110,1.);
#2110 = DIRECTION('',(0.857712406437,-0.51412977724));
#2111 = ( GEOMETRIC_REPRESENTATION_CONTEXT(2) 
PARAMETRIC_REPRESENTATION_CONTEXT() REPRESENTATION_CONTEXT('2D SPACE',''
  ) );
#2112 = PCURVE('',#1409,#2113);
#2113 = DEFINITIONAL_REPRESENTATION('',(#2114),#2118);
#2114 = LINE('',#2115,#2116);
#2115 = CARTESIAN_POINT('',(-3.259350828605E-02,-0.748097103604));
#2116 = VECTOR('',#2117,1.);
#2117 = DIRECTION('',(0.88049113107,0.474062620449));
#2118 = ( GEOMETRIC_REPRESENTATION_CONTEXT(2) 
PARAMETRIC_REPRESENTATION_CONTEXT() REPRESENTATION_CONTEXT('2D SPACE',''
  ) );
#2119 = ADVANCED_FACE('',(#2120),#2066,.T.);
#2120 = FACE_BOUND('',#2121,.T.);
#2121 = EDGE_LOOP('',(#2122,#2145,#2166,#2187));
#2122 = ORIENTED_EDGE('',*,*,#2123,.F.);
#2123 = EDGE_CURVE('',#2124,#1992,#2126,.T.);
#2124 = VERTEX_POINT('',#2125);
#2125 = CARTESIAN_POINT('',(3.E-02,-0.72,-2.834903531832));
#2126 = SURFACE_CURVE('',#2127,(#2131,#2138),.PCURVE_S1.);
#2127 = LINE('',#2128,#2129);
#2128 = CARTESIAN_POINT('',(3.E-02,-0.72,-2.834903531832));
#2129 = VECTOR('',#2130,1.);
#2130 = DIRECTION('',(-0.979974279479,0.,0.199124110944));
#2131 = PCURVE('',#2066,#2132);
#2132 = DEFINITIONAL_REPRESENTATION('',(#2133),#2137);
#2133 = LINE('',#2134,#2135);
#2134 = CARTESIAN_POINT('',(-0.405113634181,-0.682013112363));
#2135 = VECTOR('',#2136,1.);
#2136 = DIRECTION('',(0.122791176801,0.99243253015));
#2137 = ( GEOMETRIC_REPRESENTATION_CONTEXT(2) 
PARAMETRIC_REPRESENTATION_CONTEXT() REPRESENTATION_CONTEXT('2D SPACE',''
  ) );
#2138 = PCURVE('',#2007,#2139);
#2139 = DEFINITIONAL_REPRESENTATION('',(#2140),#2144);
#2140 = LINE('',#2141,#2142);
#2141 = CARTESIAN_POINT('',(0.24016465307,-0.465614151156));
#2142 = VECTOR('',#2143,1.);
#2143 = DIRECTION('',(7.901795236171E-02,0.996873193142));
#2144 = ( GEOMETRIC_REPRESENTATION_CONTEXT(2) 
PARAMETRIC_REPRESENTATION_CONTEXT() REPRESENTATION_CONTEXT('2D SPACE',''
  ) );
#2145 = ORIENTED_EDGE('',*,*,#2146,.T.);
#2146 = EDGE_CURVE('',#2124,#1094,#2147,.T.);
#2147 = SURFACE_CURVE('',#2148,(#2152,#2159),.PCURVE_S1.);
#2148 = LINE('',#2149,#2150);
#2149 = CARTESIAN_POINT('',(3.E-02,-0.72,-2.834903531832));
#2150 = VECTOR('',#2151,1.);
#2151 = DIRECTION('',(1.257817500438E-16,-0.787232344497,0.616656497394)
  );
#2152 = PCURVE('',#2066,#2153);
#2153 = DEFINITIONAL_REPRESENTATION('',(#2154),#2158);
#2154 = LINE('',#2155,#2156);
#2155 = CARTESIAN_POINT('',(-0.405113634181,-0.682013112363));
#2156 = VECTOR('',#2157,1.);
#2157 = DIRECTION('',(1.,-1.52655665886E-16));
#2158 = ( GEOMETRIC_REPRESENTATION_CONTEXT(2) 
PARAMETRIC_REPRESENTATION_CONTEXT() REPRESENTATION_CONTEXT('2D SPACE',''
  ) );
#2159 = PCURVE('',#937,#2160);
#2160 = DEFINITIONAL_REPRESENTATION('',(#2161),#2165);
#2161 = LINE('',#2162,#2163);
#2162 = CARTESIAN_POINT('',(-0.39918906863,0.685353059401));
#2163 = VECTOR('',#2164,1.);
#2164 = DIRECTION('',(1.,-9.71445146547E-17));
#2165 = ( GEOMETRIC_REPRESENTATION_CONTEXT(2) 
PARAMETRIC_REPRESENTATION_CONTEXT() REPRESENTATION_CONTEXT('2D SPACE',''
  ) );
#2166 = ORIENTED_EDGE('',*,*,#2167,.T.);
#2167 = EDGE_CURVE('',#1094,#2051,#2168,.T.);
#2168 = SURFACE_CURVE('',#2169,(#2173,#2180),.PCURVE_S1.);
#2169 = LINE('',#2170,#2171);
#2170 = CARTESIAN_POINT('',(3.E-02,-1.48,-2.23957873186));
#2171 = VECTOR('',#2172,1.);
#2172 = DIRECTION('',(-0.979974279479,0.,0.199124110944));
#2173 = PCURVE('',#2066,#2174);
#2174 = DEFINITIONAL_REPRESENTATION('',(#2175),#2179);
#2175 = LINE('',#2176,#2177);
#2176 = CARTESIAN_POINT('',(0.560293853599,-0.682013112363));
#2177 = VECTOR('',#2178,1.);
#2178 = DIRECTION('',(0.122791176801,0.99243253015));
#2179 = ( GEOMETRIC_REPRESENTATION_CONTEXT(2) 
PARAMETRIC_REPRESENTATION_CONTEXT() REPRESENTATION_CONTEXT('2D SPACE',''
  ) );
#2180 = PCURVE('',#1111,#2181);
#2181 = DEFINITIONAL_REPRESENTATION('',(#2182),#2186);
#2182 = LINE('',#2183,#2184);
#2183 = CARTESIAN_POINT('',(0.426006013929,0.325210396558));
#2184 = VECTOR('',#2185,1.);
#2185 = DIRECTION('',(-0.163358911837,-0.986566706271));
#2186 = ( GEOMETRIC_REPRESENTATION_CONTEXT(2) 
PARAMETRIC_REPRESENTATION_CONTEXT() REPRESENTATION_CONTEXT('2D SPACE',''
  ) );
#2187 = ORIENTED_EDGE('',*,*,#2050,.T.);
#2188 = ADVANCED_FACE('',(#2189),#2007,.T.);
#2189 = FACE_BOUND('',#2190,.T.);
#2190 = EDGE_LOOP('',(#2191,#2214,#2215,#2216));
#2191 = ORIENTED_EDGE('',*,*,#2192,.T.);
#2192 = EDGE_CURVE('',#2193,#2124,#2195,.T.);
#2193 = VERTEX_POINT('',#2194);
#2194 = CARTESIAN_POINT('',(3.E-02,5.E-02,-3.167793357763));
#2195 = SURFACE_CURVE('',#2196,(#2200,#2207),.PCURVE_S1.);
#2196 = LINE('',#2197,#2198);
#2197 = CARTESIAN_POINT('',(3.E-02,5.E-02,-3.167793357763));
#2198 = VECTOR('',#2199,1.);
#2199 = DIRECTION('',(7.858058397604E-17,-0.917893141252,0.396827646773)
  );
#2200 = PCURVE('',#2007,#2201);
#2201 = DEFINITIONAL_REPRESENTATION('',(#2202),#2206);
#2202 = LINE('',#2203,#2204);
#2203 = CARTESIAN_POINT('',(-0.598712951952,-0.465614151156));
#2204 = VECTOR('',#2205,1.);
#2205 = DIRECTION('',(1.,-8.326672684689E-17));
#2206 = ( GEOMETRIC_REPRESENTATION_CONTEXT(2) 
PARAMETRIC_REPRESENTATION_CONTEXT() REPRESENTATION_CONTEXT('2D SPACE',''
  ) );
#2207 = PCURVE('',#808,#2208);
#2208 = DEFINITIONAL_REPRESENTATION('',(#2209),#2213);
#2209 = LINE('',#2210,#2211);
#2210 = CARTESIAN_POINT('',(-0.32442824648,0.78895103893));
#2211 = VECTOR('',#2212,1.);
#2212 = DIRECTION('',(1.,-1.040834085586E-16));
#2213 = ( GEOMETRIC_REPRESENTATION_CONTEXT(2) 
PARAMETRIC_REPRESENTATION_CONTEXT() REPRESENTATION_CONTEXT('2D SPACE',''
  ) );
#2214 = ORIENTED_EDGE('',*,*,#2123,.T.);
#2215 = ORIENTED_EDGE('',*,*,#1991,.F.);
#2216 = ORIENTED_EDGE('',*,*,#2217,.T.);
#2217 = EDGE_CURVE('',#1964,#2193,#2218,.T.);
#2218 = SURFACE_CURVE('',#2219,(#2223,#2230),.PCURVE_S1.);
#2219 = LINE('',#2220,#2221);
#2220 = CARTESIAN_POINT('',(-1.303997335447,5.E-02,-2.896734168777));
#2221 = VECTOR('',#2222,1.);
#2222 = DIRECTION('',(0.979974279479,0.,-0.199124110944));
#2223 = PCURVE('',#2007,#2224);
#2224 = DEFINITIONAL_REPRESENTATION('',(#2225),#2229);
#2225 = LINE('',#2226,#2227);
#2226 = CARTESIAN_POINT('',(-0.491149171851,0.891386957216));
#2227 = VECTOR('',#2228,1.);
#2228 = DIRECTION('',(-7.901795236171E-02,-0.996873193142));
#2229 = ( GEOMETRIC_REPRESENTATION_CONTEXT(2) 
PARAMETRIC_REPRESENTATION_CONTEXT() REPRESENTATION_CONTEXT('2D SPACE',''
  ) );
#2230 = PCURVE('',#2231,#2236);
#2231 = PLANE('',#2232);
#2232 = AXIS2_PLACEMENT_3D('',#2233,#2234,#2235);
#2233 = CARTESIAN_POINT('',(-0.531493654834,0.534400377655,
    -3.148475547726));
#2234 = DIRECTION('',(-0.195561940814,-0.188303923196,-0.962443328105));
#2235 = DIRECTION('',(-0.979974279479,0.,0.199124110944));
#2236 = DEFINITIONAL_REPRESENTATION('',(#2237),#2241);
#2237 = LINE('',#2238,#2239);
#2238 = CARTESIAN_POINT('',(0.807161516074,-0.493223753763));
#2239 = VECTOR('',#2240,1.);
#2240 = DIRECTION('',(-1.,1.387778780781E-17));
#2241 = ( GEOMETRIC_REPRESENTATION_CONTEXT(2) 
PARAMETRIC_REPRESENTATION_CONTEXT() REPRESENTATION_CONTEXT('2D SPACE',''
  ) );
#2242 = ADVANCED_FACE('',(#2243),#2231,.T.);
#2243 = FACE_BOUND('',#2244,.T.);
#2244 = EDGE_LOOP('',(#2245,#2273,#2274,#2297));
#2245 = ORIENTED_EDGE('',*,*,#2246,.T.);
#2246 = EDGE_CURVE('',#2247,#2193,#2249,.T.);
#2247 = VERTEX_POINT('',#2248);
#2248 = CARTESIAN_POINT('',(3.E-02,0.75,-3.304749729518));
#2249 = SURFACE_CURVE('',#2250,(#2254,#2261),.PCURVE_S1.);
#2250 = LINE('',#2251,#2252);
#2251 = CARTESIAN_POINT('',(3.E-02,0.75,-3.304749729518));
#2252 = VECTOR('',#2253,1.);
#2253 = DIRECTION('',(3.89130273434E-17,-0.981392694484,0.192011403862)
  );
#2254 = PCURVE('',#2231,#2255);
#2255 = DEFINITIONAL_REPRESENTATION('',(#2256),#2260);
#2256 = LINE('',#2257,#2258);
#2257 = CARTESIAN_POINT('',(-0.581367297341,0.219526779805));
#2258 = VECTOR('',#2259,1.);
#2259 = DIRECTION('',(3.823410008518E-02,-0.999268809476));
#2260 = ( GEOMETRIC_REPRESENTATION_CONTEXT(2) 
PARAMETRIC_REPRESENTATION_CONTEXT() REPRESENTATION_CONTEXT('2D SPACE',''
  ) );
#2261 = PCURVE('',#2262,#2267);
#2262 = PLANE('',#2263);
#2263 = AXIS2_PLACEMENT_3D('',#2264,#2265,#2266);
#2264 = CARTESIAN_POINT('',(0.850375560581,0.269020445268,-3.05589582012
    ));
#2265 = DIRECTION('',(0.18202952012,-0.188803482026,-0.96499663159));
#2266 = DIRECTION('',(0.,-0.981392694484,0.192011403862));
#2267 = DEFINITIONAL_REPRESENTATION('',(#2268),#2272);
#2268 = LINE('',#2269,#2270);
#2269 = CARTESIAN_POINT('',(-0.51981260971,0.834314396063));
#2270 = VECTOR('',#2271,1.);
#2271 = DIRECTION('',(1.,-9.71445146547E-17));
#2272 = ( GEOMETRIC_REPRESENTATION_CONTEXT(2) 
PARAMETRIC_REPRESENTATION_CONTEXT() REPRESENTATION_CONTEXT('2D SPACE',''
  ) );
#2273 = ORIENTED_EDGE('',*,*,#2217,.F.);
#2274 = ORIENTED_EDGE('',*,*,#2275,.F.);
#2275 = EDGE_CURVE('',#2276,#1964,#2278,.T.);
#2276 = VERTEX_POINT('',#2277);
#2277 = CARTESIAN_POINT('',(-1.361399565016,0.75,-3.02202679775));
#2278 = SURFACE_CURVE('',#2279,(#2283,#2290),.PCURVE_S1.);
#2279 = LINE('',#2280,#2281);
#2280 = CARTESIAN_POINT('',(-1.361399565016,0.75,-3.02202679775));
#2281 = VECTOR('',#2282,1.);
#2282 = DIRECTION('',(8.045865085391E-02,-0.981164948128,0.17561819401)
  );
#2283 = PCURVE('',#2231,#2284);
#2284 = DEFINITIONAL_REPRESENTATION('',(#2285),#2289);
#2285 = LINE('',#2286,#2287);
#2286 = CARTESIAN_POINT('',(0.838465441285,0.219526779805));
#2287 = VECTOR('',#2288,1.);
#2288 = DIRECTION('',(-4.387759165061E-02,-0.999036914709));
#2289 = ( GEOMETRIC_REPRESENTATION_CONTEXT(2) 
PARAMETRIC_REPRESENTATION_CONTEXT() REPRESENTATION_CONTEXT('2D SPACE',''
  ) );
#2290 = PCURVE('',#1979,#2291);
#2291 = DEFINITIONAL_REPRESENTATION('',(#2292),#2296);
#2292 = LINE('',#2293,#2294);
#2293 = CARTESIAN_POINT('',(-0.812768037616,0.220408311683));
#2294 = VECTOR('',#2295,1.);
#2295 = DIRECTION('',(2.194540863449E-02,-0.999759170521));
#2296 = ( GEOMETRIC_REPRESENTATION_CONTEXT(2) 
PARAMETRIC_REPRESENTATION_CONTEXT() REPRESENTATION_CONTEXT('2D SPACE',''
  ) );
#2297 = ORIENTED_EDGE('',*,*,#2298,.T.);
#2298 = EDGE_CURVE('',#2276,#2247,#2299,.T.);
#2299 = SURFACE_CURVE('',#2300,(#2304,#2311),.PCURVE_S1.);
#2300 = LINE('',#2301,#2302);
#2301 = CARTESIAN_POINT('',(-1.361399565016,0.75,-3.02202679775));
#2302 = VECTOR('',#2303,1.);
#2303 = DIRECTION('',(0.979974279479,0.,-0.199124110944));
#2304 = PCURVE('',#2231,#2305);
#2305 = DEFINITIONAL_REPRESENTATION('',(#2306),#2310);
#2306 = LINE('',#2307,#2308);
#2307 = CARTESIAN_POINT('',(0.838465441285,0.219526779805));
#2308 = VECTOR('',#2309,1.);
#2309 = DIRECTION('',(-1.,-2.775557561563E-17));
#2310 = ( GEOMETRIC_REPRESENTATION_CONTEXT(2) 
PARAMETRIC_REPRESENTATION_CONTEXT() REPRESENTATION_CONTEXT('2D SPACE',''
  ) );
#2311 = PCURVE('',#2312,#2317);
#2312 = PLANE('',#2313);
#2313 = AXIS2_PLACEMENT_3D('',#2314,#2315,#2316);
#2314 = CARTESIAN_POINT('',(-0.52956255629,1.253276738422,
    -3.188983004047));
#2315 = DIRECTION('',(-0.199122497474,4.025619051851E-03,-0.979966338907
    ));
#2316 = DIRECTION('',(-0.979974279479,1.084202172486E-19,0.199124110944)
  );
#2317 = DEFINITIONAL_REPRESENTATION('',(#2318),#2322);
#2318 = LINE('',#2319,#2320);
#2319 = CARTESIAN_POINT('',(0.848423879415,-0.503280816425));
#2320 = VECTOR('',#2321,1.);
#2321 = DIRECTION('',(-1.,-2.168404344971E-19));
#2322 = ( GEOMETRIC_REPRESENTATION_CONTEXT(2) 
PARAMETRIC_REPRESENTATION_CONTEXT() REPRESENTATION_CONTEXT('2D SPACE',''
  ) );
#2323 = ADVANCED_FACE('',(#2324),#2312,.T.);
#2324 = FACE_BOUND('',#2325,.T.);
#2325 = EDGE_LOOP('',(#2326,#2351,#2377,#2378));
#2326 = ORIENTED_EDGE('',*,*,#2327,.T.);
#2327 = EDGE_CURVE('',#2328,#2330,#2332,.T.);
#2328 = VERTEX_POINT('',#2329);
#2329 = CARTESIAN_POINT('',(-1.360142693466,1.48,-3.019283407085));
#2330 = VERTEX_POINT('',#2331);
#2331 = CARTESIAN_POINT('',(3.E-02,1.48,-3.3017509511));
#2332 = SURFACE_CURVE('',#2333,(#2337,#2344),.PCURVE_S1.);
#2333 = LINE('',#2334,#2335);
#2334 = CARTESIAN_POINT('',(-1.360142693466,1.48,-3.019283407085));
#2335 = VECTOR('',#2336,1.);
#2336 = DIRECTION('',(0.979974279479,0.,-0.199124110944));
#2337 = PCURVE('',#2312,#2338);
#2338 = DEFINITIONAL_REPRESENTATION('',(#2339),#2343);
#2339 = LINE('',#2340,#2341);
#2340 = CARTESIAN_POINT('',(0.847738452851,0.226725098695));
#2341 = VECTOR('',#2342,1.);
#2342 = DIRECTION('',(-1.,0.));
#2343 = ( GEOMETRIC_REPRESENTATION_CONTEXT(2) 
PARAMETRIC_REPRESENTATION_CONTEXT() REPRESENTATION_CONTEXT('2D SPACE',''
  ) );
#2344 = PCURVE('',#156,#2345);
#2345 = DEFINITIONAL_REPRESENTATION('',(#2346),#2350);
#2346 = LINE('',#2347,#2348);
#2347 = CARTESIAN_POINT('',(0.499164401613,0.581288895122));
#2348 = VECTOR('',#2349,1.);
#2349 = DIRECTION('',(4.128475494677E-02,-0.999147421059));
#2350 = ( GEOMETRIC_REPRESENTATION_CONTEXT(2) 
PARAMETRIC_REPRESENTATION_CONTEXT() REPRESENTATION_CONTEXT('2D SPACE',''
  ) );
#2351 = ORIENTED_EDGE('',*,*,#2352,.F.);
#2352 = EDGE_CURVE('',#2247,#2330,#2353,.T.);
#2353 = SURFACE_CURVE('',#2354,(#2358,#2365),.PCURVE_S1.);
#2354 = LINE('',#2355,#2356);
#2355 = CARTESIAN_POINT('',(3.E-02,0.75,-3.304749729518));
#2356 = VECTOR('',#2357,1.);
#2357 = DIRECTION('',(0.,0.999991562621,4.107880981573E-03));
#2358 = PCURVE('',#2312,#2359);
#2359 = DEFINITIONAL_REPRESENTATION('',(#2360),#2364);
#2360 = LINE('',#2361,#2362);
#2361 = CARTESIAN_POINT('',(-0.571408859211,-0.503280816425));
#2362 = VECTOR('',#2363,1.);
#2363 = DIRECTION('',(8.1797814832E-04,0.999999665456));
#2364 = ( GEOMETRIC_REPRESENTATION_CONTEXT(2) 
PARAMETRIC_REPRESENTATION_CONTEXT() REPRESENTATION_CONTEXT('2D SPACE',''
  ) );
#2365 = PCURVE('',#2366,#2371);
#2366 = PLANE('',#2367);
#2367 = AXIS2_PLACEMENT_3D('',#2368,#2369,#2370);
#2368 = CARTESIAN_POINT('',(0.865739331302,1.253404833993,
    -3.145034364778));
#2369 = DIRECTION('',(0.185361789112,4.036692821788E-03,-0.982662053937)
  );
#2370 = DIRECTION('',(-0.98267006022,0.,-0.185363299355));
#2371 = DEFINITIONAL_REPRESENTATION('',(#2372),#2376);
#2372 = LINE('',#2373,#2374);
#2373 = CARTESIAN_POINT('',(0.850861385984,-0.503408935506));
#2374 = VECTOR('',#2375,1.);
#2375 = DIRECTION('',(-7.614503721025E-04,0.999999710097));
#2376 = ( GEOMETRIC_REPRESENTATION_CONTEXT(2) 
PARAMETRIC_REPRESENTATION_CONTEXT() REPRESENTATION_CONTEXT('2D SPACE',''
  ) );
#2377 = ORIENTED_EDGE('',*,*,#2298,.F.);
#2378 = ORIENTED_EDGE('',*,*,#2379,.T.);
#2379 = EDGE_CURVE('',#2276,#2328,#2380,.T.);
#2380 = SURFACE_CURVE('',#2381,(#2385,#2392),.PCURVE_S1.);
#2381 = LINE('',#2382,#2383);
#2382 = CARTESIAN_POINT('',(-1.361399565016,0.75,-3.02202679775));
#2383 = VECTOR('',#2384,1.);
#2384 = DIRECTION('',(1.721727138876E-03,0.999991456369,
    3.758037296152E-03));
#2385 = PCURVE('',#2312,#2386);
#2386 = DEFINITIONAL_REPRESENTATION('',(#2387),#2391);
#2387 = LINE('',#2388,#2389);
#2388 = CARTESIAN_POINT('',(0.848423879415,-0.503280816425));
#2389 = VECTOR('',#2390,1.);
#2390 = DIRECTION('',(-9.389324768886E-04,0.999999559203));
#2391 = ( GEOMETRIC_REPRESENTATION_CONTEXT(2) 
PARAMETRIC_REPRESENTATION_CONTEXT() REPRESENTATION_CONTEXT('2D SPACE',''
  ) );
#2392 = PCURVE('',#2393,#2398);
#2393 = PLANE('',#2394);
#2394 = AXIS2_PLACEMENT_3D('',#2395,#2396,#2397);
#2395 = CARTESIAN_POINT('',(-2.067440598571,1.252081859723,
    -2.593069790867));
#2396 = DIRECTION('',(-0.51709479403,4.106904058432E-03,-0.855918283089)
  );
#2397 = DIRECTION('',(-0.855925501422,-2.168404344971E-19,0.517099154916
    ));
#2398 = DEFINITIONAL_REPRESENTATION('',(#2399),#2403);
#2399 = LINE('',#2400,#2401);
#2400 = CARTESIAN_POINT('',(-0.826131831425,-0.502086093998));
#2401 = VECTOR('',#2402,1.);
#2402 = DIRECTION('',(4.69607745329E-04,0.999999889734));
#2403 = ( GEOMETRIC_REPRESENTATION_CONTEXT(2) 
PARAMETRIC_REPRESENTATION_CONTEXT() REPRESENTATION_CONTEXT('2D SPACE',''
  ) );
#2404 = ADVANCED_FACE('',(#2405),#2393,.T.);
#2405 = FACE_BOUND('',#2406,.T.);
#2406 = EDGE_LOOP('',(#2407,#2437,#2458,#2459));
#2407 = ORIENTED_EDGE('',*,*,#2408,.F.);
#2408 = EDGE_CURVE('',#2409,#2411,#2413,.T.);
#2409 = VERTEX_POINT('',#2410);
#2410 = CARTESIAN_POINT('',(-2.538622460135,1.48,-2.307316196834));
#2411 = VERTEX_POINT('',#2412);
#2412 = CARTESIAN_POINT('',(-2.540944832153,0.75,-2.309415875645));
#2413 = SURFACE_CURVE('',#2414,(#2418,#2425),.PCURVE_S1.);
#2414 = LINE('',#2415,#2416);
#2415 = CARTESIAN_POINT('',(-2.538622460135,1.48,-2.307316196834));
#2416 = VECTOR('',#2417,1.);
#2417 = DIRECTION('',(-3.181302273049E-03,-0.99999080322,
    -2.876245890702E-03));
#2418 = PCURVE('',#2393,#2419);
#2419 = DEFINITIONAL_REPRESENTATION('',(#2420),#2424);
#2420 = LINE('',#2421,#2422);
#2421 = CARTESIAN_POINT('',(0.551059513109,0.227920062411));
#2422 = VECTOR('',#2423,1.);
#2423 = DIRECTION('',(1.235653423822E-03,-0.99999923658));
#2424 = ( GEOMETRIC_REPRESENTATION_CONTEXT(2) 
PARAMETRIC_REPRESENTATION_CONTEXT() REPRESENTATION_CONTEXT('2D SPACE',''
  ) );
#2425 = PCURVE('',#2426,#2431);
#2426 = PLANE('',#2427);
#2427 = AXIS2_PLACEMENT_3D('',#2428,#2429,#2430);
#2428 = CARTESIAN_POINT('',(-2.838690641185,1.250241298031,
    -1.879749826842));
#2429 = DIRECTION('',(-0.819603603204,4.255290929871E-03,-0.572915199759
    ));
#2430 = DIRECTION('',(0.572920386861,0.,-0.819611023791));
#2431 = DEFINITIONAL_REPRESENTATION('',(#2432),#2436);
#2432 = LINE('',#2433,#2434);
#2433 = CARTESIAN_POINT('',(0.52235328862,-0.229760782175));
#2434 = VECTOR('',#2435,1.);
#2435 = DIRECTION('',(5.347699101567E-04,0.999999857011));
#2436 = ( GEOMETRIC_REPRESENTATION_CONTEXT(2) 
PARAMETRIC_REPRESENTATION_CONTEXT() REPRESENTATION_CONTEXT('2D SPACE',''
  ) );
#2437 = ORIENTED_EDGE('',*,*,#2438,.T.);
#2438 = EDGE_CURVE('',#2409,#2328,#2439,.T.);
#2439 = SURFACE_CURVE('',#2440,(#2444,#2451),.PCURVE_S1.);
#2440 = LINE('',#2441,#2442);
#2441 = CARTESIAN_POINT('',(-2.538622460135,1.48,-2.307316196834));
#2442 = VECTOR('',#2443,1.);
#2443 = DIRECTION('',(0.855925501422,0.,-0.517099154916));
#2444 = PCURVE('',#2393,#2445);
#2445 = DEFINITIONAL_REPRESENTATION('',(#2446),#2450);
#2446 = LINE('',#2447,#2448);
#2447 = CARTESIAN_POINT('',(0.551059513109,0.227920062411));
#2448 = VECTOR('',#2449,1.);
#2449 = DIRECTION('',(-1.,4.336808689942E-19));
#2450 = ( GEOMETRIC_REPRESENTATION_CONTEXT(2) 
PARAMETRIC_REPRESENTATION_CONTEXT() REPRESENTATION_CONTEXT('2D SPACE',''
  ) );
#2451 = PCURVE('',#184,#2452);
#2452 = DEFINITIONAL_REPRESENTATION('',(#2453),#2457);
#2453 = LINE('',#2454,#2455);
#2454 = CARTESIAN_POINT('',(0.848187451924,-0.522440437889));
#2455 = VECTOR('',#2456,1.);
#2456 = DIRECTION('',(-1.,6.938893903907E-17));
#2457 = ( GEOMETRIC_REPRESENTATION_CONTEXT(2) 
PARAMETRIC_REPRESENTATION_CONTEXT() REPRESENTATION_CONTEXT('2D SPACE',''
  ) );
#2458 = ORIENTED_EDGE('',*,*,#2379,.F.);
#2459 = ORIENTED_EDGE('',*,*,#2460,.F.);
#2460 = EDGE_CURVE('',#2411,#2276,#2461,.T.);
#2461 = SURFACE_CURVE('',#2462,(#2466,#2473),.PCURVE_S1.);
#2462 = LINE('',#2463,#2464);
#2463 = CARTESIAN_POINT('',(-2.540944832153,0.75,-2.309415875645));
#2464 = VECTOR('',#2465,1.);
#2465 = DIRECTION('',(0.855925501422,0.,-0.517099154916));
#2466 = PCURVE('',#2393,#2467);
#2467 = DEFINITIONAL_REPRESENTATION('',(#2468),#2472);
#2468 = LINE('',#2469,#2470);
#2469 = CARTESIAN_POINT('',(0.551961548404,-0.502086093998));
#2470 = VECTOR('',#2471,1.);
#2471 = DIRECTION('',(-1.,6.505213034913E-19));
#2472 = ( GEOMETRIC_REPRESENTATION_CONTEXT(2) 
PARAMETRIC_REPRESENTATION_CONTEXT() REPRESENTATION_CONTEXT('2D SPACE',''
  ) );
#2473 = PCURVE('',#1979,#2474);
#2474 = DEFINITIONAL_REPRESENTATION('',(#2475),#2479);
#2475 = LINE('',#2476,#2477);
#2476 = CARTESIAN_POINT('',(0.565325342213,0.220408311683));
#2477 = VECTOR('',#2478,1.);
#2478 = DIRECTION('',(-1.,2.775557561563E-17));
#2479 = ( GEOMETRIC_REPRESENTATION_CONTEXT(2) 
PARAMETRIC_REPRESENTATION_CONTEXT() REPRESENTATION_CONTEXT('2D SPACE',''
  ) );
#2480 = ADVANCED_FACE('',(#2481),#2426,.T.);
#2481 = FACE_BOUND('',#2482,.T.);
#2482 = EDGE_LOOP('',(#2483,#2506,#2507,#2530));
#2483 = ORIENTED_EDGE('',*,*,#2484,.T.);
#2484 = EDGE_CURVE('',#2485,#2409,#2487,.T.);
#2485 = VERTEX_POINT('',#2486);
#2486 = CARTESIAN_POINT('',(-3.292263363796,1.48,-1.229169203314));
#2487 = SURFACE_CURVE('',#2488,(#2492,#2499),.PCURVE_S1.);
#2488 = LINE('',#2489,#2490);
#2489 = CARTESIAN_POINT('',(-3.292263363796,1.48,-1.229169203314));
#2490 = VECTOR('',#2491,1.);
#2491 = DIRECTION('',(0.572920386861,0.,-0.819611023791));
#2492 = PCURVE('',#2426,#2493);
#2493 = DEFINITIONAL_REPRESENTATION('',(#2494),#2498);
#2494 = LINE('',#2495,#2496);
#2495 = CARTESIAN_POINT('',(-0.793084110616,-0.229760782175));
#2496 = VECTOR('',#2497,1.);
#2497 = DIRECTION('',(1.,4.336808689942E-19));
#2498 = ( GEOMETRIC_REPRESENTATION_CONTEXT(2) 
PARAMETRIC_REPRESENTATION_CONTEXT() REPRESENTATION_CONTEXT('2D SPACE',''
  ) );
#2499 = PCURVE('',#212,#2500);
#2500 = DEFINITIONAL_REPRESENTATION('',(#2501),#2505);
#2501 = LINE('',#2502,#2503);
#2502 = CARTESIAN_POINT('',(-0.812344618495,0.52102731961));
#2503 = VECTOR('',#2504,1.);
#2504 = DIRECTION('',(1.,-1.387778780781E-17));
#2505 = ( GEOMETRIC_REPRESENTATION_CONTEXT(2) 
PARAMETRIC_REPRESENTATION_CONTEXT() REPRESENTATION_CONTEXT('2D SPACE',''
  ) );
#2506 = ORIENTED_EDGE('',*,*,#2408,.T.);
#2507 = ORIENTED_EDGE('',*,*,#2508,.F.);
#2508 = EDGE_CURVE('',#2509,#2411,#2511,.T.);
#2509 = VERTEX_POINT('',#2510);
#2510 = CARTESIAN_POINT('',(-3.295267126159,0.75,-1.230294095659));
#2511 = SURFACE_CURVE('',#2512,(#2516,#2523),.PCURVE_S1.);
#2512 = LINE('',#2513,#2514);
#2513 = CARTESIAN_POINT('',(-3.295267126159,0.75,-1.230294095659));
#2514 = VECTOR('',#2515,1.);
#2515 = DIRECTION('',(0.572920386861,0.,-0.819611023791));
#2516 = PCURVE('',#2426,#2517);
#2517 = DEFINITIONAL_REPRESENTATION('',(#2518),#2522);
#2518 = LINE('',#2519,#2520);
#2519 = CARTESIAN_POINT('',(-0.793883053144,0.500245827153));
#2520 = VECTOR('',#2521,1.);
#2521 = DIRECTION('',(1.,1.734723475977E-18));
#2522 = ( GEOMETRIC_REPRESENTATION_CONTEXT(2) 
PARAMETRIC_REPRESENTATION_CONTEXT() REPRESENTATION_CONTEXT('2D SPACE',''
  ) );
#2523 = PCURVE('',#1899,#2524);
#2524 = DEFINITIONAL_REPRESENTATION('',(#2525),#2529);
#2525 = LINE('',#2526,#2527);
#2526 = CARTESIAN_POINT('',(-0.52558780332,-0.487413631685));
#2527 = VECTOR('',#2528,1.);
#2528 = DIRECTION('',(1.,-5.551115123126E-17));
#2529 = ( GEOMETRIC_REPRESENTATION_CONTEXT(2) 
PARAMETRIC_REPRESENTATION_CONTEXT() REPRESENTATION_CONTEXT('2D SPACE',''
  ) );
#2530 = ORIENTED_EDGE('',*,*,#2531,.T.);
#2531 = EDGE_CURVE('',#2509,#2485,#2532,.T.);
#2532 = SURFACE_CURVE('',#2533,(#2537,#2544),.PCURVE_S1.);
#2533 = LINE('',#2534,#2535);
#2534 = CARTESIAN_POINT('',(-3.295267126159,0.75,-1.230294095659));
#2535 = VECTOR('',#2536,1.);
#2536 = DIRECTION('',(4.114703245211E-03,0.999990347324,
    1.540933543757E-03));
#2537 = PCURVE('',#2426,#2538);
#2538 = DEFINITIONAL_REPRESENTATION('',(#2539),#2543);
#2539 = LINE('',#2540,#2541);
#2540 = CARTESIAN_POINT('',(-0.793883053144,0.500245827153));
#2541 = VECTOR('',#2542,1.);
#2542 = DIRECTION('',(1.094431255671E-03,-0.99999940111));
#2543 = ( GEOMETRIC_REPRESENTATION_CONTEXT(2) 
PARAMETRIC_REPRESENTATION_CONTEXT() REPRESENTATION_CONTEXT('2D SPACE',''
  ) );
#2544 = PCURVE('',#2545,#2550);
#2545 = PLANE('',#2546);
#2546 = AXIS2_PLACEMENT_3D('',#2547,#2548,#2549);
#2547 = CARTESIAN_POINT('',(-3.45185237878,0.981117863259,
    -0.476598313841));
#2548 = DIRECTION('',(-0.978817722392,4.342996335742E-03,-0.204687578311
    ));
#2549 = DIRECTION('',(0.204689508707,0.,-0.978826953565));
#2550 = DEFINITIONAL_REPRESENTATION('',(#2551),#2555);
#2551 = LINE('',#2552,#2553);
#2552 = CARTESIAN_POINT('',(0.769789104462,0.231120042918));
#2553 = VECTOR('',#2554,1.);
#2554 = DIRECTION('',(-6.660707005422E-04,-0.999999778175));
#2555 = ( GEOMETRIC_REPRESENTATION_CONTEXT(2) 
PARAMETRIC_REPRESENTATION_CONTEXT() REPRESENTATION_CONTEXT('2D SPACE',''
  ) );
#2556 = ADVANCED_FACE('',(#2557),#2545,.T.);
#2557 = FACE_BOUND('',#2558,.T.);
#2558 = EDGE_LOOP('',(#2559,#2582,#2610,#2631));
#2559 = ORIENTED_EDGE('',*,*,#2560,.F.);
#2560 = EDGE_CURVE('',#2561,#2509,#2563,.T.);
#2561 = VERTEX_POINT('',#2562);
#2562 = CARTESIAN_POINT('',(-3.555679485779,0.75,1.5E-02));
#2563 = SURFACE_CURVE('',#2564,(#2568,#2575),.PCURVE_S1.);
#2564 = LINE('',#2565,#2566);
#2565 = CARTESIAN_POINT('',(-3.555679485779,0.75,1.5E-02));
#2566 = VECTOR('',#2567,1.);
#2567 = DIRECTION('',(0.204689508707,0.,-0.978826953565));
#2568 = PCURVE('',#2545,#2569);
#2569 = DEFINITIONAL_REPRESENTATION('',(#2570),#2574);
#2570 = LINE('',#2571,#2572);
#2571 = CARTESIAN_POINT('',(-0.502441999436,0.231120042918));
#2572 = VECTOR('',#2573,1.);
#2573 = DIRECTION('',(1.,-5.421010862428E-19));
#2574 = ( GEOMETRIC_REPRESENTATION_CONTEXT(2) 
PARAMETRIC_REPRESENTATION_CONTEXT() REPRESENTATION_CONTEXT('2D SPACE',''
  ) );
#2575 = PCURVE('',#1841,#2576);
#2576 = DEFINITIONAL_REPRESENTATION('',(#2577),#2581);
#2577 = LINE('',#2578,#2579);
#2578 = CARTESIAN_POINT('',(-0.245971490663,0.502616072493));
#2579 = VECTOR('',#2580,1.);
#2580 = DIRECTION('',(4.232128165893E-02,-0.999104053199));
#2581 = ( GEOMETRIC_REPRESENTATION_CONTEXT(2) 
PARAMETRIC_REPRESENTATION_CONTEXT() REPRESENTATION_CONTEXT('2D SPACE',''
  ) );
#2582 = ORIENTED_EDGE('',*,*,#2583,.T.);
#2583 = EDGE_CURVE('',#2561,#2584,#2586,.T.);
#2584 = VERTEX_POINT('',#2585);
#2585 = CARTESIAN_POINT('',(-3.552440489127,1.48,1.5E-02));
#2586 = SURFACE_CURVE('',#2587,(#2591,#2598),.PCURVE_S1.);
#2587 = LINE('',#2588,#2589);
#2588 = CARTESIAN_POINT('',(-3.555679485779,0.75,1.5E-02));
#2589 = VECTOR('',#2590,1.);
#2590 = DIRECTION('',(4.436938039798E-03,0.999990156742,0.));
#2591 = PCURVE('',#2545,#2592);
#2592 = DEFINITIONAL_REPRESENTATION('',(#2593),#2597);
#2593 = LINE('',#2594,#2595);
#2594 = CARTESIAN_POINT('',(-0.502441999436,0.231120042918));
#2595 = VECTOR('',#2596,1.);
#2596 = DIRECTION('',(9.081946675319E-04,-0.999999587591));
#2597 = ( GEOMETRIC_REPRESENTATION_CONTEXT(2) 
PARAMETRIC_REPRESENTATION_CONTEXT() REPRESENTATION_CONTEXT('2D SPACE',''
  ) );
#2598 = PCURVE('',#2599,#2604);
#2599 = PLANE('',#2600);
#2600 = AXIS2_PLACEMENT_3D('',#2601,#2602,#2603);
#2601 = CARTESIAN_POINT('',(-3.438714676506,0.980685663826,
    0.782925634728));
#2602 = DIRECTION('',(-0.988784257258,4.387217668699E-03,0.149286452565)
  );
#2603 = DIRECTION('',(-0.149287889294,-1.084202172486E-19,
    -0.988793773297));
#2604 = DEFINITIONAL_REPRESENTATION('',(#2605),#2609);
#2605 = LINE('',#2606,#2607);
#2606 = CARTESIAN_POINT('',(0.776781515472,0.23068788394));
#2607 = VECTOR('',#2608,1.);
#2608 = DIRECTION('',(-6.623811148911E-04,-0.999999780626));
#2609 = ( GEOMETRIC_REPRESENTATION_CONTEXT(2) 
PARAMETRIC_REPRESENTATION_CONTEXT() REPRESENTATION_CONTEXT('2D SPACE',''
  ) );
#2610 = ORIENTED_EDGE('',*,*,#2611,.T.);
#2611 = EDGE_CURVE('',#2584,#2485,#2612,.T.);
#2612 = SURFACE_CURVE('',#2613,(#2617,#2624),.PCURVE_S1.);
#2613 = LINE('',#2614,#2615);
#2614 = CARTESIAN_POINT('',(-3.552440489127,1.48,1.5E-02));
#2615 = VECTOR('',#2616,1.);
#2616 = DIRECTION('',(0.204689508707,0.,-0.978826953565));
#2617 = PCURVE('',#2545,#2618);
#2618 = DEFINITIONAL_REPRESENTATION('',(#2619),#2623);
#2619 = LINE('',#2620,#2621);
#2620 = CARTESIAN_POINT('',(-0.501779010803,-0.498886841669));
#2621 = VECTOR('',#2622,1.);
#2622 = DIRECTION('',(1.,-1.084202172486E-19));
#2623 = ( GEOMETRIC_REPRESENTATION_CONTEXT(2) 
PARAMETRIC_REPRESENTATION_CONTEXT() REPRESENTATION_CONTEXT('2D SPACE',''
  ) );
#2624 = PCURVE('',#240,#2625);
#2625 = DEFINITIONAL_REPRESENTATION('',(#2626),#2630);
#2626 = LINE('',#2627,#2628);
#2627 = CARTESIAN_POINT('',(0.554972243851,0.759496700694));
#2628 = VECTOR('',#2629,1.);
#2629 = DIRECTION('',(-4.567491458855E-02,-0.998956356493));
#2630 = ( GEOMETRIC_REPRESENTATION_CONTEXT(2) 
PARAMETRIC_REPRESENTATION_CONTEXT() REPRESENTATION_CONTEXT('2D SPACE',''
  ) );
#2631 = ORIENTED_EDGE('',*,*,#2531,.F.);
#2632 = ADVANCED_FACE('',(#2633),#2599,.T.);
#2633 = FACE_BOUND('',#2634,.T.);
#2634 = EDGE_LOOP('',(#2635,#2658,#2686,#2707));
#2635 = ORIENTED_EDGE('',*,*,#2636,.F.);
#2636 = EDGE_CURVE('',#2637,#2561,#2639,.T.);
#2637 = VERTEX_POINT('',#2638);
#2638 = CARTESIAN_POINT('',(-3.363790823164,0.75,1.285955840131));
#2639 = SURFACE_CURVE('',#2640,(#2644,#2651),.PCURVE_S1.);
#2640 = LINE('',#2641,#2642);
#2641 = CARTESIAN_POINT('',(-3.363790823164,0.75,1.285955840131));
#2642 = VECTOR('',#2643,1.);
#2643 = DIRECTION('',(-0.149287889294,0.,-0.988793773297));
#2644 = PCURVE('',#2599,#2645);
#2645 = DEFINITIONAL_REPRESENTATION('',(#2646),#2650);
#2646 = LINE('',#2647,#2648);
#2647 = CARTESIAN_POINT('',(-0.508578358806,0.23068788394));
#2648 = VECTOR('',#2649,1.);
#2649 = DIRECTION('',(1.,2.168404344971E-19));
#2650 = ( GEOMETRIC_REPRESENTATION_CONTEXT(2) 
PARAMETRIC_REPRESENTATION_CONTEXT() REPRESENTATION_CONTEXT('2D SPACE',''
  ) );
#2651 = PCURVE('',#1759,#2652);
#2652 = DEFINITIONAL_REPRESENTATION('',(#2653),#2657);
#2653 = LINE('',#2654,#2655);
#2654 = CARTESIAN_POINT('',(-0.471268651653,0.522313536808));
#2655 = VECTOR('',#2656,1.);
#2656 = DIRECTION('',(-3.086652975517E-02,-0.999523515152));
#2657 = ( GEOMETRIC_REPRESENTATION_CONTEXT(2) 
PARAMETRIC_REPRESENTATION_CONTEXT() REPRESENTATION_CONTEXT('2D SPACE',''
  ) );
#2658 = ORIENTED_EDGE('',*,*,#2659,.T.);
#2659 = EDGE_CURVE('',#2637,#2660,#2662,.T.);
#2660 = VERTEX_POINT('',#2661);
#2661 = CARTESIAN_POINT('',(-3.360725162345,1.48,1.284807767158));
#2662 = SURFACE_CURVE('',#2663,(#2667,#2674),.PCURVE_S1.);
#2663 = LINE('',#2664,#2665);
#2664 = CARTESIAN_POINT('',(-3.363790823164,0.75,1.285955840131));
#2665 = VECTOR('',#2666,1.);
#2666 = DIRECTION('',(4.199493144829E-03,0.999989945406,
    -1.57268689089E-03));
#2667 = PCURVE('',#2599,#2668);
#2668 = DEFINITIONAL_REPRESENTATION('',(#2669),#2673);
#2669 = LINE('',#2670,#2671);
#2670 = CARTESIAN_POINT('',(-0.508578358806,0.23068788394));
#2671 = VECTOR('',#2672,1.);
#2672 = DIRECTION('',(9.281295373597E-04,-0.999999569288));
#2673 = ( GEOMETRIC_REPRESENTATION_CONTEXT(2) 
PARAMETRIC_REPRESENTATION_CONTEXT() REPRESENTATION_CONTEXT('2D SPACE',''
  ) );
#2674 = PCURVE('',#2675,#2680);
#2675 = PLANE('',#2676);
#2676 = AXIS2_PLACEMENT_3D('',#2677,#2678,#2679);
#2677 = CARTESIAN_POINT('',(-3.050870115064,0.978905515891,
    1.719932951523));
#2678 = DIRECTION('',(-0.812203032679,4.328325338113E-03,0.583358808373)
  );
#2679 = DIRECTION('',(-0.583364272888,4.336808689942E-19,-0.812210640855
    ));
#2680 = DEFINITIONAL_REPRESENTATION('',(#2681),#2685);
#2681 = LINE('',#2682,#2683);
#2682 = CARTESIAN_POINT('',(0.535027589112,0.228907660125));
#2683 = VECTOR('',#2684,1.);
#2684 = DIRECTION('',(-1.172481237419E-03,-0.999999312644));
#2685 = ( GEOMETRIC_REPRESENTATION_CONTEXT(2) 
PARAMETRIC_REPRESENTATION_CONTEXT() REPRESENTATION_CONTEXT('2D SPACE',''
  ) );
#2686 = ORIENTED_EDGE('',*,*,#2687,.T.);
#2687 = EDGE_CURVE('',#2660,#2584,#2688,.T.);
#2688 = SURFACE_CURVE('',#2689,(#2693,#2700),.PCURVE_S1.);
#2689 = LINE('',#2690,#2691);
#2690 = CARTESIAN_POINT('',(-3.360725162345,1.48,1.284807767158));
#2691 = VECTOR('',#2692,1.);
#2692 = DIRECTION('',(-0.149287889294,0.,-0.988793773297));
#2693 = PCURVE('',#2599,#2694);
#2694 = DEFINITIONAL_REPRESENTATION('',(#2695),#2699);
#2695 = LINE('',#2696,#2697);
#2696 = CARTESIAN_POINT('',(-0.507900817432,-0.499319141564));
#2697 = VECTOR('',#2698,1.);
#2698 = DIRECTION('',(1.,8.673617379884E-19));
#2699 = ( GEOMETRIC_REPRESENTATION_CONTEXT(2) 
PARAMETRIC_REPRESENTATION_CONTEXT() REPRESENTATION_CONTEXT('2D SPACE',''
  ) );
#2700 = PCURVE('',#268,#2701);
#2701 = DEFINITIONAL_REPRESENTATION('',(#2702),#2706);
#2702 = LINE('',#2703,#2704);
#2703 = CARTESIAN_POINT('',(0.503122050184,0.516938426044));
#2704 = VECTOR('',#2705,1.);
#2705 = DIRECTION('',(3.331246254719E-02,-0.999444985899));
#2706 = ( GEOMETRIC_REPRESENTATION_CONTEXT(2) 
PARAMETRIC_REPRESENTATION_CONTEXT() REPRESENTATION_CONTEXT('2D SPACE',''
  ) );
#2707 = ORIENTED_EDGE('',*,*,#2583,.F.);
#2708 = ADVANCED_FACE('',(#2709),#2675,.T.);
#2709 = FACE_BOUND('',#2710,.T.);
#2710 = EDGE_LOOP('',(#2711,#2712,#2740,#2763));
#2711 = ORIENTED_EDGE('',*,*,#2659,.F.);
#2712 = ORIENTED_EDGE('',*,*,#2713,.F.);
#2713 = EDGE_CURVE('',#2714,#2637,#2716,.T.);
#2714 = VERTEX_POINT('',#2715);
#2715 = CARTESIAN_POINT('',(-2.872481175306,0.75,1.97));
#2716 = SURFACE_CURVE('',#2717,(#2721,#2728),.PCURVE_S1.);
#2717 = LINE('',#2718,#2719);
#2718 = CARTESIAN_POINT('',(-2.581085084514,0.75,2.375707062712));
#2719 = VECTOR('',#2720,1.);
#2720 = DIRECTION('',(-0.583364272888,0.,-0.812210640855));
#2721 = PCURVE('',#2675,#2722);
#2722 = DEFINITIONAL_REPRESENTATION('',(#2723),#2727);
#2723 = LINE('',#2724,#2725);
#2724 = CARTESIAN_POINT('',(-0.806682513865,0.228907660125));
#2725 = VECTOR('',#2726,1.);
#2726 = DIRECTION('',(1.,8.673617379884E-19));
#2727 = ( GEOMETRIC_REPRESENTATION_CONTEXT(2) 
PARAMETRIC_REPRESENTATION_CONTEXT() REPRESENTATION_CONTEXT('2D SPACE',''
  ) );
#2728 = PCURVE('',#2729,#2734);
#2729 = PLANE('',#2730);
#2730 = AXIS2_PLACEMENT_3D('',#2731,#2732,#2733);
#2731 = CARTESIAN_POINT('',(-2.969466097082,0.271658062216,
    1.665930765507));
#2732 = DIRECTION('',(-0.7954831076,-0.20190586637,0.571349846109));
#2733 = DIRECTION('',(-0.583364272888,0.,-0.812210640855));
#2734 = DEFINITIONAL_REPRESENTATION('',(#2735),#2739);
#2735 = LINE('',#2736,#2737);
#2736 = CARTESIAN_POINT('',(-0.803055468216,-0.488400580884));
#2737 = VECTOR('',#2738,1.);
#2738 = DIRECTION('',(1.,-8.326672684689E-17));
#2739 = ( GEOMETRIC_REPRESENTATION_CONTEXT(2) 
PARAMETRIC_REPRESENTATION_CONTEXT() REPRESENTATION_CONTEXT('2D SPACE',''
  ) );
#2740 = ORIENTED_EDGE('',*,*,#2741,.F.);
#2741 = EDGE_CURVE('',#2742,#2714,#2744,.T.);
#2742 = VERTEX_POINT('',#2743);
#2743 = CARTESIAN_POINT('',(-2.868590919582,1.48,1.97));
#2744 = SURFACE_CURVE('',#2745,(#2749,#2756),.PCURVE_S1.);
#2745 = LINE('',#2746,#2747);
#2746 = CARTESIAN_POINT('',(-2.868590919582,1.48,1.97));
#2747 = VECTOR('',#2748,1.);
#2748 = DIRECTION('',(-5.329041759449E-03,-0.999985800556,0.));
#2749 = PCURVE('',#2675,#2750);
#2750 = DEFINITIONAL_REPRESENTATION('',(#2751),#2755);
#2751 = LINE('',#2752,#2753);
#2752 = CARTESIAN_POINT('',(-0.309442288035,-0.501099178027));
#2753 = VECTOR('',#2754,1.);
#2754 = DIRECTION('',(3.108772571192E-03,0.999995167755));
#2755 = ( GEOMETRIC_REPRESENTATION_CONTEXT(2) 
PARAMETRIC_REPRESENTATION_CONTEXT() REPRESENTATION_CONTEXT('2D SPACE',''
  ) );
#2756 = PCURVE('',#324,#2757);
#2757 = DEFINITIONAL_REPRESENTATION('',(#2758),#2762);
#2758 = LINE('',#2759,#2760);
#2759 = CARTESIAN_POINT('',(7.131409080418,1.48));
#2760 = VECTOR('',#2761,1.);
#2761 = DIRECTION('',(-5.329041759449E-03,-0.999985800556));
#2762 = ( GEOMETRIC_REPRESENTATION_CONTEXT(2) 
PARAMETRIC_REPRESENTATION_CONTEXT() REPRESENTATION_CONTEXT('2D SPACE',''
  ) );
#2763 = ORIENTED_EDGE('',*,*,#2764,.T.);
#2764 = EDGE_CURVE('',#2742,#2660,#2765,.T.);
#2765 = SURFACE_CURVE('',#2766,(#2770,#2777),.PCURVE_S1.);
#2766 = LINE('',#2767,#2768);
#2767 = CARTESIAN_POINT('',(-2.57872645322,1.48,2.373574601542));
#2768 = VECTOR('',#2769,1.);
#2769 = DIRECTION('',(-0.583364272888,0.,-0.812210640855));
#2770 = PCURVE('',#2675,#2771);
#2771 = DEFINITIONAL_REPRESENTATION('',(#2772),#2776);
#2772 = LINE('',#2773,#2774);
#2773 = CARTESIAN_POINT('',(-0.806326447441,-0.501099178027));
#2774 = VECTOR('',#2775,1.);
#2775 = DIRECTION('',(1.,-1.734723475977E-18));
#2776 = ( GEOMETRIC_REPRESENTATION_CONTEXT(2) 
PARAMETRIC_REPRESENTATION_CONTEXT() REPRESENTATION_CONTEXT('2D SPACE',''
  ) );
#2777 = PCURVE('',#296,#2778);
#2778 = DEFINITIONAL_REPRESENTATION('',(#2779),#2783);
#2779 = LINE('',#2780,#2781);
#2780 = CARTESIAN_POINT('',(-0.534586200326,0.242656645393));
#2781 = VECTOR('',#2782,1.);
#2782 = DIRECTION('',(1.,-5.551115123126E-17));
#2783 = ( GEOMETRIC_REPRESENTATION_CONTEXT(2) 
PARAMETRIC_REPRESENTATION_CONTEXT() REPRESENTATION_CONTEXT('2D SPACE',''
  ) );
#2784 = ADVANCED_FACE('',(#2785),#2729,.T.);
#2785 = FACE_BOUND('',#2786,.T.);
#2786 = EDGE_LOOP('',(#2787,#2810,#2831,#2832));
#2787 = ORIENTED_EDGE('',*,*,#2788,.F.);
#2788 = EDGE_CURVE('',#2789,#1721,#2791,.T.);
#2789 = VERTEX_POINT('',#2790);
#2790 = CARTESIAN_POINT('',(-2.694810392471,5.E-02,1.97));
#2791 = SURFACE_CURVE('',#2792,(#2796,#2803),.PCURVE_S1.);
#2792 = LINE('',#2793,#2794);
#2793 = CARTESIAN_POINT('',(-2.473364693324,5.E-02,2.278316024101));
#2794 = VECTOR('',#2795,1.);
#2795 = DIRECTION('',(-0.583364272888,0.,-0.812210640855));
#2796 = PCURVE('',#2729,#2797);
#2797 = DEFINITIONAL_REPRESENTATION('',(#2798),#2802);
#2798 = LINE('',#2799,#2800);
#2799 = CARTESIAN_POINT('',(-0.786793658014,0.226319119844));
#2800 = VECTOR('',#2801,1.);
#2801 = DIRECTION('',(1.,-4.163336342344E-17));
#2802 = ( GEOMETRIC_REPRESENTATION_CONTEXT(2) 
PARAMETRIC_REPRESENTATION_CONTEXT() REPRESENTATION_CONTEXT('2D SPACE',''
  ) );
#2803 = PCURVE('',#502,#2804);
#2804 = DEFINITIONAL_REPRESENTATION('',(#2805),#2809);
#2805 = LINE('',#2806,#2807);
#2806 = CARTESIAN_POINT('',(-0.764811625142,-0.271853139654));
#2807 = VECTOR('',#2808,1.);
#2808 = DIRECTION('',(1.,0.));
#2809 = ( GEOMETRIC_REPRESENTATION_CONTEXT(2) 
PARAMETRIC_REPRESENTATION_CONTEXT() REPRESENTATION_CONTEXT('2D SPACE',''
  ) );
#2810 = ORIENTED_EDGE('',*,*,#2811,.F.);
#2811 = EDGE_CURVE('',#2714,#2789,#2812,.T.);
#2812 = SURFACE_CURVE('',#2813,(#2817,#2824),.PCURVE_S1.);
#2813 = LINE('',#2814,#2815);
#2814 = CARTESIAN_POINT('',(-2.872481175306,0.75,1.97));
#2815 = VECTOR('',#2816,1.);
#2816 = DIRECTION('',(0.246014668169,-0.969266105384,0.));
#2817 = PCURVE('',#2729,#2818);
#2818 = DEFINITIONAL_REPRESENTATION('',(#2819),#2823);
#2819 = LINE('',#2820,#2821);
#2820 = CARTESIAN_POINT('',(-0.303545806185,-0.488400580884));
#2821 = VECTOR('',#2822,1.);
#2822 = DIRECTION('',(-0.143516168016,0.989647972523));
#2823 = ( GEOMETRIC_REPRESENTATION_CONTEXT(2) 
PARAMETRIC_REPRESENTATION_CONTEXT() REPRESENTATION_CONTEXT('2D SPACE',''
  ) );
#2824 = PCURVE('',#324,#2825);
#2825 = DEFINITIONAL_REPRESENTATION('',(#2826),#2830);
#2826 = LINE('',#2827,#2828);
#2827 = CARTESIAN_POINT('',(7.127518824694,0.75));
#2828 = VECTOR('',#2829,1.);
#2829 = DIRECTION('',(0.246014668169,-0.969266105384));
#2830 = ( GEOMETRIC_REPRESENTATION_CONTEXT(2) 
PARAMETRIC_REPRESENTATION_CONTEXT() REPRESENTATION_CONTEXT('2D SPACE',''
  ) );
#2831 = ORIENTED_EDGE('',*,*,#2713,.T.);
#2832 = ORIENTED_EDGE('',*,*,#2833,.T.);
#2833 = EDGE_CURVE('',#2637,#1721,#2834,.T.);
#2834 = SURFACE_CURVE('',#2835,(#2839,#2846),.PCURVE_S1.);
#2835 = LINE('',#2836,#2837);
#2836 = CARTESIAN_POINT('',(-3.363790823164,0.75,1.285955840131));
#2837 = VECTOR('',#2838,1.);
#2838 = DIRECTION('',(0.195603948391,-0.97794332805,-7.325259378477E-02)
  );
#2839 = PCURVE('',#2729,#2840);
#2840 = DEFINITIONAL_REPRESENTATION('',(#2841),#2845);
#2841 = LINE('',#2842,#2843);
#2842 = CARTESIAN_POINT('',(0.538654634761,-0.488400580884));
#2843 = VECTOR('',#2844,1.);
#2844 = DIRECTION('',(-5.461181898473E-02,0.998507661076));
#2845 = ( GEOMETRIC_REPRESENTATION_CONTEXT(2) 
PARAMETRIC_REPRESENTATION_CONTEXT() REPRESENTATION_CONTEXT('2D SPACE',''
  ) );
#2846 = PCURVE('',#1759,#2847);
#2847 = DEFINITIONAL_REPRESENTATION('',(#2848),#2852);
#2848 = LINE('',#2849,#2850);
#2849 = CARTESIAN_POINT('',(-0.471268651653,0.522313536808));
#2850 = VECTOR('',#2851,1.);
#2851 = DIRECTION('',(0.997254716847,-7.404748291407E-02));
#2852 = ( GEOMETRIC_REPRESENTATION_CONTEXT(2) 
PARAMETRIC_REPRESENTATION_CONTEXT() REPRESENTATION_CONTEXT('2D SPACE',''
  ) );
#2853 = ADVANCED_FACE('',(#2854),#2366,.T.);
#2854 = FACE_BOUND('',#2855,.T.);
#2855 = EDGE_LOOP('',(#2856,#2886,#2907,#2908));
#2856 = ORIENTED_EDGE('',*,*,#2857,.T.);
#2857 = EDGE_CURVE('',#2858,#2860,#2862,.T.);
#2858 = VERTEX_POINT('',#2859);
#2859 = CARTESIAN_POINT('',(1.428678668932,1.48,-3.037914997094));
#2860 = VERTEX_POINT('',#2861);
#2861 = CARTESIAN_POINT('',(1.429943258124,0.75,-3.040675233163));
#2862 = SURFACE_CURVE('',#2863,(#2867,#2874),.PCURVE_S1.);
#2863 = LINE('',#2864,#2865);
#2864 = CARTESIAN_POINT('',(1.428678668932,1.48,-3.037914997094));
#2865 = VECTOR('',#2866,1.);
#2866 = DIRECTION('',(1.732298979625E-03,-0.999991351126,
    -3.781112597068E-03));
#2867 = PCURVE('',#2366,#2868);
#2868 = DEFINITIONAL_REPRESENTATION('',(#2869),#2873);
#2869 = LINE('',#2870,#2871);
#2870 = CARTESIAN_POINT('',(-0.573039632228,0.226597012201));
#2871 = VECTOR('',#2872,1.);
#2872 = DIRECTION('',(-1.001398836402E-03,-0.9999994986));
#2873 = ( GEOMETRIC_REPRESENTATION_CONTEXT(2) 
PARAMETRIC_REPRESENTATION_CONTEXT() REPRESENTATION_CONTEXT('2D SPACE',''
  ) );
#2874 = PCURVE('',#2875,#2880);
#2875 = PLANE('',#2876);
#2876 = AXIS2_PLACEMENT_3D('',#2877,#2878,#2879);
#2877 = CARTESIAN_POINT('',(2.104046068252,1.251700567563,
    -2.575065594231));
#2878 = DIRECTION('',(0.566249941336,4.09743111862E-03,-0.824223401145)
  );
#2879 = DIRECTION('',(-0.824230320152,0.,-0.566254694764));
#2880 = DEFINITIONAL_REPRESENTATION('',(#2881),#2885);
#2881 = LINE('',#2882,#2883);
#2882 = CARTESIAN_POINT('',(0.818748935101,0.228301348914));
#2883 = VECTOR('',#2884,1.);
#2884 = DIRECTION('',(7.132594169476E-04,-0.99999974563));
#2885 = ( GEOMETRIC_REPRESENTATION_CONTEXT(2) 
PARAMETRIC_REPRESENTATION_CONTEXT() REPRESENTATION_CONTEXT('2D SPACE',''
  ) );
#2886 = ORIENTED_EDGE('',*,*,#2887,.F.);
#2887 = EDGE_CURVE('',#2247,#2860,#2888,.T.);
#2888 = SURFACE_CURVE('',#2889,(#2893,#2900),.PCURVE_S1.);
#2889 = LINE('',#2890,#2891);
#2890 = CARTESIAN_POINT('',(3.E-02,0.75,-3.304749729518));
#2891 = VECTOR('',#2892,1.);
#2892 = DIRECTION('',(0.98267006022,0.,0.185363299355));
#2893 = PCURVE('',#2366,#2894);
#2894 = DEFINITIONAL_REPRESENTATION('',(#2895),#2899);
#2895 = LINE('',#2896,#2897);
#2896 = CARTESIAN_POINT('',(0.850861385984,-0.503408935506));
#2897 = VECTOR('',#2898,1.);
#2898 = DIRECTION('',(-1.,1.084202172486E-18));
#2899 = ( GEOMETRIC_REPRESENTATION_CONTEXT(2) 
PARAMETRIC_REPRESENTATION_CONTEXT() REPRESENTATION_CONTEXT('2D SPACE',''
  ) );
#2900 = PCURVE('',#2262,#2901);
#2901 = DEFINITIONAL_REPRESENTATION('',(#2902),#2906);
#2902 = LINE('',#2903,#2904);
#2903 = CARTESIAN_POINT('',(-0.51981260971,0.834314396063));
#2904 = VECTOR('',#2905,1.);
#2905 = DIRECTION('',(3.559186733369E-02,-0.999366408771));
#2906 = ( GEOMETRIC_REPRESENTATION_CONTEXT(2) 
PARAMETRIC_REPRESENTATION_CONTEXT() REPRESENTATION_CONTEXT('2D SPACE',''
  ) );
#2907 = ORIENTED_EDGE('',*,*,#2352,.T.);
#2908 = ORIENTED_EDGE('',*,*,#2909,.T.);
#2909 = EDGE_CURVE('',#2330,#2858,#2910,.T.);
#2910 = SURFACE_CURVE('',#2911,(#2915,#2922),.PCURVE_S1.);
#2911 = LINE('',#2912,#2913);
#2912 = CARTESIAN_POINT('',(3.E-02,1.48,-3.3017509511));
#2913 = VECTOR('',#2914,1.);
#2914 = DIRECTION('',(0.98267006022,0.,0.185363299355));
#2915 = PCURVE('',#2366,#2916);
#2916 = DEFINITIONAL_REPRESENTATION('',(#2917),#2921);
#2917 = LINE('',#2918,#2919);
#2918 = CARTESIAN_POINT('',(0.850305522523,0.226597012201));
#2919 = VECTOR('',#2920,1.);
#2920 = DIRECTION('',(-1.,-1.084202172486E-19));
#2921 = ( GEOMETRIC_REPRESENTATION_CONTEXT(2) 
PARAMETRIC_REPRESENTATION_CONTEXT() REPRESENTATION_CONTEXT('2D SPACE',''
  ) );
#2922 = PCURVE('',#128,#2923);
#2923 = DEFINITIONAL_REPRESENTATION('',(#2924),#2928);
#2924 = LINE('',#2925,#2926);
#2925 = CARTESIAN_POINT('',(0.544216143664,0.536933098719));
#2926 = VECTOR('',#2927,1.);
#2927 = DIRECTION('',(-3.843170148364E-02,-0.999261229269));
#2928 = ( GEOMETRIC_REPRESENTATION_CONTEXT(2) 
PARAMETRIC_REPRESENTATION_CONTEXT() REPRESENTATION_CONTEXT('2D SPACE',''
  ) );
#2929 = ADVANCED_FACE('',(#2930),#2875,.T.);
#2930 = FACE_BOUND('',#2931,.T.);
#2931 = EDGE_LOOP('',(#2932,#2957,#2978,#2979));
#2932 = ORIENTED_EDGE('',*,*,#2933,.F.);
#2933 = EDGE_CURVE('',#2934,#2936,#2938,.T.);
#2934 = VERTEX_POINT('',#2935);
#2935 = CARTESIAN_POINT('',(2.29,0.75,-2.449807418738));
#2936 = VERTEX_POINT('',#2937);
#2937 = CARTESIAN_POINT('',(2.29,1.48,-2.446178396907));
#2938 = SURFACE_CURVE('',#2939,(#2943,#2950),.PCURVE_S1.);
#2939 = LINE('',#2940,#2941);
#2940 = CARTESIAN_POINT('',(2.29,0.75,-2.449807418738));
#2941 = VECTOR('',#2942,1.);
#2942 = DIRECTION('',(0.,0.999987643502,4.971201355153E-03));
#2943 = PCURVE('',#2875,#2944);
#2944 = DEFINITIONAL_REPRESENTATION('',(#2945),#2949);
#2945 = LINE('',#2946,#2947);
#2946 = CARTESIAN_POINT('',(-0.224196898629,-0.501704779127));
#2947 = VECTOR('',#2948,1.);
#2948 = DIRECTION('',(-2.814966105975E-03,0.999996037975));
#2949 = ( GEOMETRIC_REPRESENTATION_CONTEXT(2) 
PARAMETRIC_REPRESENTATION_CONTEXT() REPRESENTATION_CONTEXT('2D SPACE',''
  ) );
#2950 = PCURVE('',#72,#2951);
#2951 = DEFINITIONAL_REPRESENTATION('',(#2952),#2956);
#2952 = LINE('',#2953,#2954);
#2953 = CARTESIAN_POINT('',(7.550192581262,-0.75));
#2954 = VECTOR('',#2955,1.);
#2955 = DIRECTION('',(4.971201355153E-03,-0.999987643502));
#2956 = ( GEOMETRIC_REPRESENTATION_CONTEXT(2) 
PARAMETRIC_REPRESENTATION_CONTEXT() REPRESENTATION_CONTEXT('2D SPACE',''
  ) );
#2957 = ORIENTED_EDGE('',*,*,#2958,.T.);
#2958 = EDGE_CURVE('',#2934,#2860,#2959,.T.);
#2959 = SURFACE_CURVE('',#2960,(#2964,#2971),.PCURVE_S1.);
#2960 = LINE('',#2961,#2962);
#2961 = CARTESIAN_POINT('',(2.554920172492,0.75,-2.267804539514));
#2962 = VECTOR('',#2963,1.);
#2963 = DIRECTION('',(-0.824230320152,0.,-0.566254694764));
#2964 = PCURVE('',#2875,#2965);
#2965 = DEFINITIONAL_REPRESENTATION('',(#2966),#2970);
#2966 = LINE('',#2967,#2968);
#2967 = CARTESIAN_POINT('',(-0.545612122038,-0.501704779127));
#2968 = VECTOR('',#2969,1.);
#2969 = DIRECTION('',(1.,-6.505213034913E-19));
#2970 = ( GEOMETRIC_REPRESENTATION_CONTEXT(2) 
PARAMETRIC_REPRESENTATION_CONTEXT() REPRESENTATION_CONTEXT('2D SPACE',''
  ) );
#2971 = PCURVE('',#836,#2972);
#2972 = DEFINITIONAL_REPRESENTATION('',(#2973),#2977);
#2973 = LINE('',#2974,#2975);
#2974 = CARTESIAN_POINT('',(-0.810433664348,0.221306131236));
#2975 = VECTOR('',#2976,1.);
#2976 = DIRECTION('',(1.,-4.163336342344E-17));
#2977 = ( GEOMETRIC_REPRESENTATION_CONTEXT(2) 
PARAMETRIC_REPRESENTATION_CONTEXT() REPRESENTATION_CONTEXT('2D SPACE',''
  ) );
#2978 = ORIENTED_EDGE('',*,*,#2857,.F.);
#2979 = ORIENTED_EDGE('',*,*,#2980,.F.);
#2980 = EDGE_CURVE('',#2936,#2858,#2981,.T.);
#2981 = SURFACE_CURVE('',#2982,(#2986,#2993),.PCURVE_S1.);
#2982 = LINE('',#2983,#2984);
#2983 = CARTESIAN_POINT('',(2.552639375222,1.48,-2.265742448831));
#2984 = VECTOR('',#2985,1.);
#2985 = DIRECTION('',(-0.824230320152,0.,-0.566254694764));
#2986 = PCURVE('',#2875,#2987);
#2987 = DEFINITIONAL_REPRESENTATION('',(#2988),#2992);
#2988 = LINE('',#2989,#2990);
#2989 = CARTESIAN_POINT('',(-0.544899888304,0.228301348914));
#2990 = VECTOR('',#2991,1.);
#2991 = DIRECTION('',(1.,-4.336808689942E-19));
#2992 = ( GEOMETRIC_REPRESENTATION_CONTEXT(2) 
PARAMETRIC_REPRESENTATION_CONTEXT() REPRESENTATION_CONTEXT('2D SPACE',''
  ) );
#2993 = PCURVE('',#100,#2994);
#2994 = DEFINITIONAL_REPRESENTATION('',(#2995),#2999);
#2995 = LINE('',#2996,#2997);
#2996 = CARTESIAN_POINT('',(-0.8341559711,-0.521634211699));
#2997 = VECTOR('',#2998,1.);
#2998 = DIRECTION('',(1.,4.163336342344E-17));
#2999 = ( GEOMETRIC_REPRESENTATION_CONTEXT(2) 
PARAMETRIC_REPRESENTATION_CONTEXT() REPRESENTATION_CONTEXT('2D SPACE',''
  ) );
#3000 = ADVANCED_FACE('',(#3001),#2262,.T.);
#3001 = FACE_BOUND('',#3002,.T.);
#3002 = EDGE_LOOP('',(#3003,#3024,#3025,#3026));
#3003 = ORIENTED_EDGE('',*,*,#3004,.F.);
#3004 = EDGE_CURVE('',#2193,#791,#3005,.T.);
#3005 = SURFACE_CURVE('',#3006,(#3010,#3017),.PCURVE_S1.);
#3006 = LINE('',#3007,#3008);
#3007 = CARTESIAN_POINT('',(3.E-02,5.E-02,-3.167793357763));
#3008 = VECTOR('',#3009,1.);
#3009 = DIRECTION('',(0.98267006022,0.,0.185363299355));
#3010 = PCURVE('',#2262,#3011);
#3011 = DEFINITIONAL_REPRESENTATION('',(#3012),#3016);
#3012 = LINE('',#3013,#3014);
#3013 = CARTESIAN_POINT('',(0.193459461637,0.834314396063));
#3014 = VECTOR('',#3015,1.);
#3015 = DIRECTION('',(3.559186733369E-02,-0.999366408771));
#3016 = ( GEOMETRIC_REPRESENTATION_CONTEXT(2) 
PARAMETRIC_REPRESENTATION_CONTEXT() REPRESENTATION_CONTEXT('2D SPACE',''
  ) );
#3017 = PCURVE('',#808,#3018);
#3018 = DEFINITIONAL_REPRESENTATION('',(#3019),#3023);
#3019 = LINE('',#3020,#3021);
#3020 = CARTESIAN_POINT('',(-0.32442824648,0.78895103893));
#3021 = VECTOR('',#3022,1.);
#3022 = DIRECTION('',(7.355728188115E-02,-0.997290993784));
#3023 = ( GEOMETRIC_REPRESENTATION_CONTEXT(2) 
PARAMETRIC_REPRESENTATION_CONTEXT() REPRESENTATION_CONTEXT('2D SPACE',''
  ) );
#3024 = ORIENTED_EDGE('',*,*,#2246,.F.);
#3025 = ORIENTED_EDGE('',*,*,#2887,.T.);
#3026 = ORIENTED_EDGE('',*,*,#3027,.T.);
#3027 = EDGE_CURVE('',#2860,#791,#3028,.T.);
#3028 = SURFACE_CURVE('',#3029,(#3033,#3040),.PCURVE_S1.);
#3029 = LINE('',#3030,#3031);
#3030 = CARTESIAN_POINT('',(1.429943258124,0.75,-3.040675233163));
#3031 = VECTOR('',#3032,1.);
#3032 = DIRECTION('',(-8.093409667397E-02,-0.980939521671,0.176655956082
    ));
#3033 = PCURVE('',#2262,#3034);
#3034 = DEFINITIONAL_REPRESENTATION('',(#3035),#3039);
#3035 = LINE('',#3036,#3037);
#3036 = CARTESIAN_POINT('',(-0.469107294941,-0.589415015254));
#3037 = VECTOR('',#3038,1.);
#3038 = DIRECTION('',(0.996606838427,8.23092315666E-02));
#3039 = ( GEOMETRIC_REPRESENTATION_CONTEXT(2) 
PARAMETRIC_REPRESENTATION_CONTEXT() REPRESENTATION_CONTEXT('2D SPACE',''
  ) );
#3040 = PCURVE('',#836,#3041);
#3041 = DEFINITIONAL_REPRESENTATION('',(#3042),#3046);
#3042 = LINE('',#3043,#3044);
#3043 = CARTESIAN_POINT('',(0.55444807667,0.221306131236));
#3044 = VECTOR('',#3045,1.);
#3045 = DIRECTION('',(-3.3323928077E-02,-0.999444603676));
#3046 = ( GEOMETRIC_REPRESENTATION_CONTEXT(2) 
PARAMETRIC_REPRESENTATION_CONTEXT() REPRESENTATION_CONTEXT('2D SPACE',''
  ) );
#3047 = ADVANCED_FACE('',(#3048),#1979,.T.);
#3048 = FACE_BOUND('',#3049,.T.);
#3049 = EDGE_LOOP('',(#3050,#3071,#3072,#3073));
#3050 = ORIENTED_EDGE('',*,*,#3051,.F.);
#3051 = EDGE_CURVE('',#2411,#1884,#3052,.T.);
#3052 = SURFACE_CURVE('',#3053,(#3057,#3064),.PCURVE_S1.);
#3053 = LINE('',#3054,#3055);
#3054 = CARTESIAN_POINT('',(-2.540944832153,0.75,-2.309415875645));
#3055 = VECTOR('',#3056,1.);
#3056 = DIRECTION('',(0.148455077592,-0.979768428264,0.134219659193));
#3057 = PCURVE('',#1979,#3058);
#3058 = DEFINITIONAL_REPRESENTATION('',(#3059),#3063);
#3059 = LINE('',#3060,#3061);
#3060 = CARTESIAN_POINT('',(0.565325342213,0.220408311683));
#3061 = VECTOR('',#3062,1.);
#3062 = DIRECTION('',(-5.766161438488E-02,-0.998336184973));
#3063 = ( GEOMETRIC_REPRESENTATION_CONTEXT(2) 
PARAMETRIC_REPRESENTATION_CONTEXT() REPRESENTATION_CONTEXT('2D SPACE',''
  ) );
#3064 = PCURVE('',#1899,#3065);
#3065 = DEFINITIONAL_REPRESENTATION('',(#3066),#3070);
#3066 = LINE('',#3067,#3068);
#3067 = CARTESIAN_POINT('',(0.791038924069,-0.487413631685));
#3068 = VECTOR('',#3069,1.);
#3069 = DIRECTION('',(-2.495497179841E-02,0.999688576199));
#3070 = ( GEOMETRIC_REPRESENTATION_CONTEXT(2) 
PARAMETRIC_REPRESENTATION_CONTEXT() REPRESENTATION_CONTEXT('2D SPACE',''
  ) );
#3071 = ORIENTED_EDGE('',*,*,#2460,.T.);
#3072 = ORIENTED_EDGE('',*,*,#2275,.T.);
#3073 = ORIENTED_EDGE('',*,*,#1963,.F.);
#3074 = ADVANCED_FACE('',(#3075),#1899,.T.);
#3075 = FACE_BOUND('',#3076,.T.);
#3076 = EDGE_LOOP('',(#3077,#3098,#3099,#3100));
#3077 = ORIENTED_EDGE('',*,*,#3078,.T.);
#3078 = EDGE_CURVE('',#1826,#2509,#3079,.T.);
#3079 = SURFACE_CURVE('',#3080,(#3084,#3091),.PCURVE_S1.);
#3080 = LINE('',#3081,#3082);
#3081 = CARTESIAN_POINT('',(-3.158083134045,5.E-02,-1.178919451483));
#3082 = VECTOR('',#3083,1.);
#3083 = DIRECTION('',(-0.191821864698,0.978797184857,-7.183622441879E-02
    ));
#3084 = PCURVE('',#1899,#3085);
#3085 = DEFINITIONAL_REPRESENTATION('',(#3086),#3090);
#3086 = LINE('',#3087,#3088);
#3087 = CARTESIAN_POINT('',(-0.489099522197,0.226818408409));
#3088 = VECTOR('',#3089,1.);
#3089 = DIRECTION('',(-5.102089549014E-02,-0.998697585971));
#3090 = ( GEOMETRIC_REPRESENTATION_CONTEXT(2) 
PARAMETRIC_REPRESENTATION_CONTEXT() REPRESENTATION_CONTEXT('2D SPACE',''
  ) );
#3091 = PCURVE('',#1841,#3092);
#3092 = DEFINITIONAL_REPRESENTATION('',(#3093),#3097);
#3093 = LINE('',#3094,#3095);
#3094 = CARTESIAN_POINT('',(0.521109323482,-0.716036273384));
#3095 = VECTOR('',#3096,1.);
#3096 = DIRECTION('',(-0.997308145846,-7.332436312868E-02));
#3097 = ( GEOMETRIC_REPRESENTATION_CONTEXT(2) 
PARAMETRIC_REPRESENTATION_CONTEXT() REPRESENTATION_CONTEXT('2D SPACE',''
  ) );
#3098 = ORIENTED_EDGE('',*,*,#2508,.T.);
#3099 = ORIENTED_EDGE('',*,*,#3051,.T.);
#3100 = ORIENTED_EDGE('',*,*,#1883,.F.);
#3101 = ADVANCED_FACE('',(#3102),#1841,.T.);
#3102 = FACE_BOUND('',#3103,.T.);
#3103 = EDGE_LOOP('',(#3104,#3105,#3106,#3107));
#3104 = ORIENTED_EDGE('',*,*,#2560,.T.);
#3105 = ORIENTED_EDGE('',*,*,#3078,.F.);
#3106 = ORIENTED_EDGE('',*,*,#1825,.T.);
#3107 = ORIENTED_EDGE('',*,*,#3108,.T.);
#3108 = EDGE_CURVE('',#1744,#2561,#3109,.T.);
#3109 = SURFACE_CURVE('',#3110,(#3114,#3121),.PCURVE_S1.);
#3110 = LINE('',#3111,#3112);
#3111 = CARTESIAN_POINT('',(-3.407752174186,5.E-02,1.5E-02));
#3112 = VECTOR('',#3113,1.);
#3113 = DIRECTION('',(-0.206758430982,0.97839202328,2.424628016417E-17)
  );
#3114 = PCURVE('',#1841,#3115);
#3115 = DEFINITIONAL_REPRESENTATION('',(#3116),#3120);
#3116 = LINE('',#3117,#3118);
#3117 = CARTESIAN_POINT('',(0.469488144477,0.502616072493));
#3118 = VECTOR('',#3119,1.);
#3119 = DIRECTION('',(-1.,4.311381967915E-17));
#3120 = ( GEOMETRIC_REPRESENTATION_CONTEXT(2) 
PARAMETRIC_REPRESENTATION_CONTEXT() REPRESENTATION_CONTEXT('2D SPACE',''
  ) );
#3121 = PCURVE('',#1759,#3122);
#3122 = DEFINITIONAL_REPRESENTATION('',(#3123),#3127);
#3123 = LINE('',#3124,#3125);
#3124 = CARTESIAN_POINT('',(0.204516384682,-0.762433882965));
#3125 = VECTOR('',#3126,1.);
#3126 = DIRECTION('',(-1.,-7.53967932581E-18));
#3127 = ( GEOMETRIC_REPRESENTATION_CONTEXT(2) 
PARAMETRIC_REPRESENTATION_CONTEXT() REPRESENTATION_CONTEXT('2D SPACE',''
  ) );
#3128 = ADVANCED_FACE('',(#3129),#1759,.T.);
#3129 = FACE_BOUND('',#3130,.T.);
#3130 = EDGE_LOOP('',(#3131,#3132,#3133,#3134));
#3131 = ORIENTED_EDGE('',*,*,#2833,.F.);
#3132 = ORIENTED_EDGE('',*,*,#2636,.T.);
#3133 = ORIENTED_EDGE('',*,*,#3108,.F.);
#3134 = ORIENTED_EDGE('',*,*,#1743,.T.);
#3135 = ADVANCED_FACE('',(#3136),#1655,.T.);
#3136 = FACE_BOUND('',#3137,.T.);
#3137 = EDGE_LOOP('',(#3138,#3161,#3162,#3185));
#3138 = ORIENTED_EDGE('',*,*,#3139,.F.);
#3139 = EDGE_CURVE('',#1640,#3140,#3142,.T.);
#3140 = VERTEX_POINT('',#3141);
#3141 = CARTESIAN_POINT('',(-2.211536624916,-0.72,2.041594756773));
#3142 = SURFACE_CURVE('',#3143,(#3147,#3154),.PCURVE_S1.);
#3143 = LINE('',#3144,#3145);
#3144 = CARTESIAN_POINT('',(-2.883465544475,-0.72,1.106076687313));
#3145 = VECTOR('',#3146,1.);
#3146 = DIRECTION('',(0.583364272888,0.,0.812210640855));
#3147 = PCURVE('',#1655,#3148);
#3148 = DEFINITIONAL_REPRESENTATION('',(#3149),#3153);
#3149 = LINE('',#3150,#3151);
#3150 = CARTESIAN_POINT('',(0.599970682684,0.506160698331));
#3151 = VECTOR('',#3152,1.);
#3152 = DIRECTION('',(-0.415799450143,-0.909456330596));
#3153 = ( GEOMETRIC_REPRESENTATION_CONTEXT(2) 
PARAMETRIC_REPRESENTATION_CONTEXT() REPRESENTATION_CONTEXT('2D SPACE',''
  ) );
#3154 = PCURVE('',#502,#3155);
#3155 = DEFINITIONAL_REPRESENTATION('',(#3156),#3160);
#3156 = LINE('',#3157,#3158);
#3157 = CARTESIAN_POINT('',(0.426531822668,0.574272477608));
#3158 = VECTOR('',#3159,1.);
#3159 = DIRECTION('',(-1.,-5.551115123126E-17));
#3160 = ( GEOMETRIC_REPRESENTATION_CONTEXT(2) 
PARAMETRIC_REPRESENTATION_CONTEXT() REPRESENTATION_CONTEXT('2D SPACE',''
  ) );
#3161 = ORIENTED_EDGE('',*,*,#1639,.F.);
#3162 = ORIENTED_EDGE('',*,*,#3163,.T.);
#3163 = EDGE_CURVE('',#1582,#3164,#3166,.T.);
#3164 = VERTEX_POINT('',#3165);
#3165 = CARTESIAN_POINT('',(-1.743295392203,-1.48,1.618253368293));
#3166 = SURFACE_CURVE('',#3167,(#3171,#3178),.PCURVE_S1.);
#3167 = LINE('',#3168,#3169);
#3168 = CARTESIAN_POINT('',(-2.274863087193,-1.48,0.878158442582));
#3169 = VECTOR('',#3170,1.);
#3170 = DIRECTION('',(0.583364272888,0.,0.812210640855));
#3171 = PCURVE('',#1655,#3172);
#3172 = DEFINITIONAL_REPRESENTATION('',(#3173),#3177);
#3173 = LINE('',#3174,#3175);
#3174 = CARTESIAN_POINT('',(-0.366886679607,0.761367513045));
#3175 = VECTOR('',#3176,1.);
#3176 = DIRECTION('',(-0.415799450143,-0.909456330596));
#3177 = ( GEOMETRIC_REPRESENTATION_CONTEXT(2) 
PARAMETRIC_REPRESENTATION_CONTEXT() REPRESENTATION_CONTEXT('2D SPACE',''
  ) );
#3178 = PCURVE('',#1597,#3179);
#3179 = DEFINITIONAL_REPRESENTATION('',(#3180),#3184);
#3180 = LINE('',#3181,#3182);
#3181 = CARTESIAN_POINT('',(0.538470595649,0.132836151057));
#3182 = VECTOR('',#3183,1.);
#3183 = DIRECTION('',(-0.513889450115,-0.857856417509));
#3184 = ( GEOMETRIC_REPRESENTATION_CONTEXT(2) 
PARAMETRIC_REPRESENTATION_CONTEXT() REPRESENTATION_CONTEXT('2D SPACE',''
  ) );
#3185 = ORIENTED_EDGE('',*,*,#3186,.T.);
#3186 = EDGE_CURVE('',#3164,#3140,#3187,.T.);
#3187 = SURFACE_CURVE('',#3188,(#3192,#3199),.PCURVE_S1.);
#3188 = LINE('',#3189,#3190);
#3189 = CARTESIAN_POINT('',(-1.743295392203,-1.48,1.618253368293));
#3190 = VECTOR('',#3191,1.);
#3191 = DIRECTION('',(-0.473946876308,0.769260801547,0.428499915566));
#3192 = PCURVE('',#1655,#3193);
#3193 = DEFINITIONAL_REPRESENTATION('',(#3194),#3198);
#3194 = LINE('',#3195,#3196);
#3195 = CARTESIAN_POINT('',(-0.745767535982,-6.733871360757E-02));
#3196 = VECTOR('',#3197,1.);
#3197 = DIRECTION('',(0.877375670161,-0.479804057309));
#3198 = ( GEOMETRIC_REPRESENTATION_CONTEXT(2) 
PARAMETRIC_REPRESENTATION_CONTEXT() REPRESENTATION_CONTEXT('2D SPACE',''
  ) );
#3199 = PCURVE('',#3200,#3205);
#3200 = PLANE('',#3201);
#3201 = AXIS2_PLACEMENT_3D('',#3202,#3203,#3204);
#3202 = CARTESIAN_POINT('',(-1.674293951757,-0.972297834627,
    2.102789805972));
#3203 = DIRECTION('',(-0.36830411916,-0.615194705629,0.697056346342));
#3204 = DIRECTION('',(-2.775557561563E-17,0.749760481665,0.661709316946)
  );
#3205 = DEFINITIONAL_REPRESENTATION('',(#3206),#3210);
#3206 = LINE('',#3207,#3208);
#3207 = CARTESIAN_POINT('',(-0.701277295264,7.421861015399E-02));
#3208 = VECTOR('',#3209,1.);
#3209 = DIRECTION('',(0.860303735535,0.509781799032));
#3210 = ( GEOMETRIC_REPRESENTATION_CONTEXT(2) 
PARAMETRIC_REPRESENTATION_CONTEXT() REPRESENTATION_CONTEXT('2D SPACE',''
  ) );
#3211 = ADVANCED_FACE('',(#3212),#3200,.T.);
#3212 = FACE_BOUND('',#3213,.T.);
#3213 = EDGE_LOOP('',(#3214,#3237,#3238,#3266));
#3214 = ORIENTED_EDGE('',*,*,#3215,.F.);
#3215 = EDGE_CURVE('',#3140,#3216,#3218,.T.);
#3216 = VERTEX_POINT('',#3217);
#3217 = CARTESIAN_POINT('',(-1.15438107901,-0.72,2.600164726323));
#3218 = SURFACE_CURVE('',#3219,(#3223,#3230),.PCURVE_S1.);
#3219 = LINE('',#3220,#3221);
#3220 = CARTESIAN_POINT('',(-2.211536624916,-0.72,2.041594756773));
#3221 = VECTOR('',#3222,1.);
#3222 = DIRECTION('',(0.884168269298,0.,0.467168568685));
#3223 = PCURVE('',#3200,#3224);
#3224 = DEFINITIONAL_REPRESENTATION('',(#3225),#3229);
#3225 = LINE('',#3226,#3227);
#3226 = CARTESIAN_POINT('',(0.148669611807,0.577863364293));
#3227 = VECTOR('',#3228,1.);
#3228 = DIRECTION('',(0.309129794483,-0.951019857922));
#3229 = ( GEOMETRIC_REPRESENTATION_CONTEXT(2) 
PARAMETRIC_REPRESENTATION_CONTEXT() REPRESENTATION_CONTEXT('2D SPACE',''
  ) );
#3230 = PCURVE('',#530,#3231);
#3231 = DEFINITIONAL_REPRESENTATION('',(#3232),#3236);
#3232 = LINE('',#3233,#3234);
#3233 = CARTESIAN_POINT('',(-0.69063414618,-0.569062770948));
#3234 = VECTOR('',#3235,1.);
#3235 = DIRECTION('',(1.,-5.551115123126E-17));
#3236 = ( GEOMETRIC_REPRESENTATION_CONTEXT(2) 
PARAMETRIC_REPRESENTATION_CONTEXT() REPRESENTATION_CONTEXT('2D SPACE',''
  ) );
#3237 = ORIENTED_EDGE('',*,*,#3186,.F.);
#3238 = ORIENTED_EDGE('',*,*,#3239,.T.);
#3239 = EDGE_CURVE('',#3164,#3240,#3242,.T.);
#3240 = VERTEX_POINT('',#3241);
#3241 = CARTESIAN_POINT('',(-0.906972203209,-1.48,2.0601420005));
#3242 = SURFACE_CURVE('',#3243,(#3247,#3254),.PCURVE_S1.);
#3243 = LINE('',#3244,#3245);
#3244 = CARTESIAN_POINT('',(-1.743295392203,-1.48,1.618253368293));
#3245 = VECTOR('',#3246,1.);
#3246 = DIRECTION('',(0.884168269298,0.,0.467168568685));
#3247 = PCURVE('',#3200,#3248);
#3248 = DEFINITIONAL_REPRESENTATION('',(#3249),#3253);
#3249 = LINE('',#3250,#3251);
#3250 = CARTESIAN_POINT('',(-0.701277295264,7.421861015399E-02));
#3251 = VECTOR('',#3252,1.);
#3252 = DIRECTION('',(0.309129794483,-0.951019857922));
#3253 = ( GEOMETRIC_REPRESENTATION_CONTEXT(2) 
PARAMETRIC_REPRESENTATION_CONTEXT() REPRESENTATION_CONTEXT('2D SPACE',''
  ) );
#3254 = PCURVE('',#3255,#3260);
#3255 = PLANE('',#3256);
#3256 = AXIS2_PLACEMENT_3D('',#3257,#3258,#3259);
#3257 = CARTESIAN_POINT('',(-1.066512504175,-1.695853477003,
    1.626920622585));
#3258 = DIRECTION('',(-0.267818314292,-0.819359655294,0.506875828784));
#3259 = DIRECTION('',(1.387778780781E-17,-0.5260943532,-0.850426205812)
  );
#3260 = DEFINITIONAL_REPRESENTATION('',(#3261),#3265);
#3261 = LINE('',#3262,#3263);
#3262 = CARTESIAN_POINT('',(-0.106188435188,-0.70244354833));
#3263 = VECTOR('',#3264,1.);
#3264 = DIRECTION('',(-0.397292393341,0.917692080272));
#3265 = ( GEOMETRIC_REPRESENTATION_CONTEXT(2) 
PARAMETRIC_REPRESENTATION_CONTEXT() REPRESENTATION_CONTEXT('2D SPACE',''
  ) );
#3266 = ORIENTED_EDGE('',*,*,#3267,.F.);
#3267 = EDGE_CURVE('',#3216,#3240,#3268,.T.);
#3268 = SURFACE_CURVE('',#3269,(#3273,#3280),.PCURVE_S1.);
#3269 = LINE('',#3270,#3271);
#3270 = CARTESIAN_POINT('',(-1.15438107901,-0.72,2.600164726323));
#3271 = VECTOR('',#3272,1.);
#3272 = DIRECTION('',(0.256490978286,-0.787898748039,-0.559846354722));
#3273 = PCURVE('',#3200,#3274);
#3274 = DEFINITIONAL_REPRESENTATION('',(#3275),#3279);
#3275 = LINE('',#3276,#3277);
#3276 = CARTESIAN_POINT('',(0.518280564825,-0.559223265007));
#3277 = VECTOR('',#3278,1.);
#3278 = DIRECTION('',(-0.961190893811,-0.275884152597));
#3279 = ( GEOMETRIC_REPRESENTATION_CONTEXT(2) 
PARAMETRIC_REPRESENTATION_CONTEXT() REPRESENTATION_CONTEXT('2D SPACE',''
  ) );
#3280 = PCURVE('',#3281,#3286);
#3281 = PLANE('',#3282);
#3282 = AXIS2_PLACEMENT_3D('',#3283,#3284,#3285);
#3283 = CARTESIAN_POINT('',(-0.639410074639,-0.972558294808,
    2.494672162422));
#3284 = DIRECTION('',(-0.134438827006,-0.602674796178,0.786580759901));
#3285 = DIRECTION('',(1.387778780781E-17,0.793786840263,0.608196063967)
  );
#3286 = DEFINITIONAL_REPRESENTATION('',(#3287),#3291);
#3287 = LINE('',#3288,#3289);
#3288 = CARTESIAN_POINT('',(0.26463761296,0.519688793861));
#3289 = VECTOR('',#3290,1.);
#3290 = DIRECTION('',(-0.965920007022,-0.258840761927));
#3291 = ( GEOMETRIC_REPRESENTATION_CONTEXT(2) 
PARAMETRIC_REPRESENTATION_CONTEXT() REPRESENTATION_CONTEXT('2D SPACE',''
  ) );
#3292 = ADVANCED_FACE('',(#3293),#3281,.T.);
#3293 = FACE_BOUND('',#3294,.T.);
#3294 = EDGE_LOOP('',(#3295,#3296,#3324,#3352));
#3295 = ORIENTED_EDGE('',*,*,#3267,.T.);
#3296 = ORIENTED_EDGE('',*,*,#3297,.T.);
#3297 = EDGE_CURVE('',#3240,#3298,#3300,.T.);
#3298 = VERTEX_POINT('',#3299);
#3299 = CARTESIAN_POINT('',(3.E-02,-1.48,2.22028505301));
#3300 = SURFACE_CURVE('',#3301,(#3305,#3312),.PCURVE_S1.);
#3301 = LINE('',#3302,#3303);
#3302 = CARTESIAN_POINT('',(-0.906972203209,-1.48,2.0601420005));
#3303 = VECTOR('',#3304,1.);
#3304 = DIRECTION('',(0.985706358659,0.,0.168472474011));
#3305 = PCURVE('',#3281,#3306);
#3306 = DEFINITIONAL_REPRESENTATION('',(#3307),#3311);
#3307 = LINE('',#3308,#3309);
#3308 = CARTESIAN_POINT('',(-0.667080081938,0.270013338031));
#3309 = VECTOR('',#3310,1.);
#3310 = DIRECTION('',(0.10246429558,-0.994736682812));
#3311 = ( GEOMETRIC_REPRESENTATION_CONTEXT(2) 
PARAMETRIC_REPRESENTATION_CONTEXT() REPRESENTATION_CONTEXT('2D SPACE',''
  ) );
#3312 = PCURVE('',#3313,#3318);
#3313 = PLANE('',#3314);
#3314 = AXIS2_PLACEMENT_3D('',#3315,#3316,#3317);
#3315 = CARTESIAN_POINT('',(-0.462603947773,-1.692408866209,
    1.838006057065));
#3316 = DIRECTION('',(-9.870077699535E-02,-0.810414451979,0.577482963077
    ));
#3317 = DIRECTION('',(6.938893903907E-18,-0.580316557583,-0.814390995159
    ));
#3318 = DEFINITIONAL_REPRESENTATION('',(#3319),#3323);
#3319 = LINE('',#3320,#3321);
#3320 = CARTESIAN_POINT('',(-0.304169894072,-0.446548682439));
#3321 = VECTOR('',#3322,1.);
#3322 = DIRECTION('',(-0.137202465767,0.990543024501));
#3323 = ( GEOMETRIC_REPRESENTATION_CONTEXT(2) 
PARAMETRIC_REPRESENTATION_CONTEXT() REPRESENTATION_CONTEXT('2D SPACE',''
  ) );
#3324 = ORIENTED_EDGE('',*,*,#3325,.T.);
#3325 = EDGE_CURVE('',#3298,#3326,#3328,.T.);
#3326 = VERTEX_POINT('',#3327);
#3327 = CARTESIAN_POINT('',(3.E-02,-0.72,2.802593785241));
#3328 = SURFACE_CURVE('',#3329,(#3333,#3340),.PCURVE_S1.);
#3329 = LINE('',#3330,#3331);
#3330 = CARTESIAN_POINT('',(3.E-02,-1.48,2.22028505301));
#3331 = VECTOR('',#3332,1.);
#3332 = DIRECTION('',(3.986054561574E-17,0.793786840263,0.608196063967)
  );
#3333 = PCURVE('',#3281,#3334);
#3334 = DEFINITIONAL_REPRESENTATION('',(#3335),#3339);
#3335 = LINE('',#3336,#3337);
#3336 = CARTESIAN_POINT('',(-0.56968170773,-0.675542722472));
#3337 = VECTOR('',#3338,1.);
#3338 = DIRECTION('',(1.,-1.387778780781E-17));
#3339 = ( GEOMETRIC_REPRESENTATION_CONTEXT(2) 
PARAMETRIC_REPRESENTATION_CONTEXT() REPRESENTATION_CONTEXT('2D SPACE',''
  ) );
#3340 = PCURVE('',#3341,#3346);
#3341 = PLANE('',#3342);
#3342 = AXIS2_PLACEMENT_3D('',#3343,#3344,#3345);
#3343 = CARTESIAN_POINT('',(0.703857938377,-0.972214197176,
    2.503936822343));
#3344 = DIRECTION('',(0.12322564081,-0.6035608062,0.787737135513));
#3345 = DIRECTION('',(0.,0.793786840263,0.608196063967));
#3346 = DEFINITIONAL_REPRESENTATION('',(#3347),#3351);
#3347 = LINE('',#3348,#3349);
#3348 = CARTESIAN_POINT('',(-0.5755895776,0.679033067728));
#3349 = VECTOR('',#3350,1.);
#3350 = DIRECTION('',(1.,-5.551115123126E-17));
#3351 = ( GEOMETRIC_REPRESENTATION_CONTEXT(2) 
PARAMETRIC_REPRESENTATION_CONTEXT() REPRESENTATION_CONTEXT('2D SPACE',''
  ) );
#3352 = ORIENTED_EDGE('',*,*,#3353,.T.);
#3353 = EDGE_CURVE('',#3326,#3216,#3354,.T.);
#3354 = SURFACE_CURVE('',#3355,(#3359,#3366),.PCURVE_S1.);
#3355 = LINE('',#3356,#3357);
#3356 = CARTESIAN_POINT('',(3.E-02,-0.72,2.802593785241));
#3357 = VECTOR('',#3358,1.);
#3358 = DIRECTION('',(-0.985706358659,0.,-0.168472474011));
#3359 = PCURVE('',#3281,#3360);
#3360 = DEFINITIONAL_REPRESENTATION('',(#3361),#3365);
#3361 = LINE('',#3362,#3363);
#3362 = CARTESIAN_POINT('',(0.387754169827,-0.675542722472));
#3363 = VECTOR('',#3364,1.);
#3364 = DIRECTION('',(-0.10246429558,0.994736682812));
#3365 = ( GEOMETRIC_REPRESENTATION_CONTEXT(2) 
PARAMETRIC_REPRESENTATION_CONTEXT() REPRESENTATION_CONTEXT('2D SPACE',''
  ) );
#3366 = PCURVE('',#558,#3367);
#3367 = DEFINITIONAL_REPRESENTATION('',(#3368),#3372);
#3368 = LINE('',#3369,#3370);
#3369 = CARTESIAN_POINT('',(-0.246228995951,-0.458135589731));
#3370 = VECTOR('',#3371,1.);
#3371 = DIRECTION('',(-6.561666704705E-02,0.997844904284));
#3372 = ( GEOMETRIC_REPRESENTATION_CONTEXT(2) 
PARAMETRIC_REPRESENTATION_CONTEXT() REPRESENTATION_CONTEXT('2D SPACE',''
  ) );
#3373 = ADVANCED_FACE('',(#3374),#3341,.T.);
#3374 = FACE_BOUND('',#3375,.T.);
#3375 = EDGE_LOOP('',(#3376,#3406,#3427,#3428));
#3376 = ORIENTED_EDGE('',*,*,#3377,.T.);
#3377 = EDGE_CURVE('',#3378,#3380,#3382,.T.);
#3378 = VERTEX_POINT('',#3379);
#3379 = CARTESIAN_POINT('',(0.972774576985,-1.48,2.072806920837));
#3380 = VERTEX_POINT('',#3381);
#3381 = CARTESIAN_POINT('',(1.221715578038,-0.72,2.616173837333));
#3382 = SURFACE_CURVE('',#3383,(#3387,#3394),.PCURVE_S1.);
#3383 = LINE('',#3384,#3385);
#3384 = CARTESIAN_POINT('',(0.972774576985,-1.48,2.072806920837));
#3385 = VECTOR('',#3386,1.);
#3386 = DIRECTION('',(0.257473545413,0.786049279493,0.561991017384));
#3387 = PCURVE('',#3341,#3388);
#3388 = DEFINITIONAL_REPRESENTATION('',(#3389),#3393);
#3389 = LINE('',#3390,#3391);
#3390 = CARTESIAN_POINT('',(-0.665285197108,-0.270981878638));
#3391 = VECTOR('',#3392,1.);
#3392 = DIRECTION('',(0.965756298618,-0.25945090418));
#3393 = ( GEOMETRIC_REPRESENTATION_CONTEXT(2) 
PARAMETRIC_REPRESENTATION_CONTEXT() REPRESENTATION_CONTEXT('2D SPACE',''
  ) );
#3394 = PCURVE('',#3395,#3400);
#3395 = PLANE('',#3396);
#3396 = AXIS2_PLACEMENT_3D('',#3397,#3398,#3399);
#3397 = CARTESIAN_POINT('',(1.71281995181,-0.973715659083,2.087913479385
    ));
#3398 = DIRECTION('',(0.407437269464,-0.615684046446,0.674483525673));
#3399 = DIRECTION('',(2.775557561563E-17,0.738566587539,0.674180536481)
  );
#3400 = DEFINITIONAL_REPRESENTATION('',(#3401),#3405);
#3401 = LINE('',#3402,#3403);
#3402 = CARTESIAN_POINT('',(-0.384109245741,0.81035750512));
#3403 = VECTOR('',#3404,1.);
#3404 = DIRECTION('',(0.959433139591,-0.281936252821));
#3405 = ( GEOMETRIC_REPRESENTATION_CONTEXT(2) 
PARAMETRIC_REPRESENTATION_CONTEXT() REPRESENTATION_CONTEXT('2D SPACE',''
  ) );
#3406 = ORIENTED_EDGE('',*,*,#3407,.T.);
#3407 = EDGE_CURVE('',#3380,#3326,#3408,.T.);
#3408 = SURFACE_CURVE('',#3409,(#3413,#3420),.PCURVE_S1.);
#3409 = LINE('',#3410,#3411);
#3410 = CARTESIAN_POINT('',(1.221715578038,-0.72,2.616173837333));
#3411 = VECTOR('',#3412,1.);
#3412 = DIRECTION('',(-0.987984908839,0.,0.154550379833));
#3413 = PCURVE('',#3341,#3414);
#3414 = DEFINITIONAL_REPRESENTATION('',(#3415),#3419);
#3415 = LINE('',#3416,#3417);
#3416 = CARTESIAN_POINT('',(0.268466421395,-0.521834709779));
#3417 = VECTOR('',#3418,1.);
#3418 = DIRECTION('',(9.399693269933E-02,0.995572486885));
#3419 = ( GEOMETRIC_REPRESENTATION_CONTEXT(2) 
PARAMETRIC_REPRESENTATION_CONTEXT() REPRESENTATION_CONTEXT('2D SPACE',''
  ) );
#3420 = PCURVE('',#586,#3421);
#3421 = DEFINITIONAL_REPRESENTATION('',(#3422),#3426);
#3422 = LINE('',#3423,#3424);
#3423 = CARTESIAN_POINT('',(-0.595953888542,-0.423634563843));
#3424 = VECTOR('',#3425,1.);
#3425 = DIRECTION('',(6.019428915642E-02,0.998186679711));
#3426 = ( GEOMETRIC_REPRESENTATION_CONTEXT(2) 
PARAMETRIC_REPRESENTATION_CONTEXT() REPRESENTATION_CONTEXT('2D SPACE',''
  ) );
#3427 = ORIENTED_EDGE('',*,*,#3325,.F.);
#3428 = ORIENTED_EDGE('',*,*,#3429,.T.);
#3429 = EDGE_CURVE('',#3298,#3378,#3430,.T.);
#3430 = SURFACE_CURVE('',#3431,(#3435,#3442),.PCURVE_S1.);
#3431 = LINE('',#3432,#3433);
#3432 = CARTESIAN_POINT('',(3.E-02,-1.48,2.22028505301));
#3433 = VECTOR('',#3434,1.);
#3434 = DIRECTION('',(0.987984908839,0.,-0.154550379833));
#3435 = PCURVE('',#3341,#3436);
#3436 = DEFINITIONAL_REPRESENTATION('',(#3437),#3441);
#3437 = LINE('',#3438,#3439);
#3438 = CARTESIAN_POINT('',(-0.5755895776,0.679033067728));
#3439 = VECTOR('',#3440,1.);
#3440 = DIRECTION('',(-9.399693269933E-02,-0.995572486885));
#3441 = ( GEOMETRIC_REPRESENTATION_CONTEXT(2) 
PARAMETRIC_REPRESENTATION_CONTEXT() REPRESENTATION_CONTEXT('2D SPACE',''
  ) );
#3442 = PCURVE('',#3443,#3448);
#3443 = PLANE('',#3444);
#3444 = AXIS2_PLACEMENT_3D('',#3445,#3446,#3447);
#3445 = CARTESIAN_POINT('',(0.52624702194,-1.692173859593,1.844901622907
    ));
#3446 = DIRECTION('',(9.040711145915E-02,-0.811055976197,0.577940098689)
  );
#3447 = DIRECTION('',(0.,-0.580316557583,-0.814390995159));
#3448 = DEFINITIONAL_REPRESENTATION('',(#3449),#3453);
#3449 = LINE('',#3450,#3451);
#3450 = CARTESIAN_POINT('',(-0.428836889016,-0.498287563255));
#3451 = VECTOR('',#3452,1.);
#3452 = DIRECTION('',(0.125864437635,0.992047450145));
#3453 = ( GEOMETRIC_REPRESENTATION_CONTEXT(2) 
PARAMETRIC_REPRESENTATION_CONTEXT() REPRESENTATION_CONTEXT('2D SPACE',''
  ) );
#3454 = ADVANCED_FACE('',(#3455),#3443,.T.);
#3455 = FACE_BOUND('',#3456,.T.);
#3456 = EDGE_LOOP('',(#3457,#3485,#3486,#3509));
#3457 = ORIENTED_EDGE('',*,*,#3458,.T.);
#3458 = EDGE_CURVE('',#3459,#3378,#3461,.T.);
#3459 = VERTEX_POINT('',#3460);
#3460 = CARTESIAN_POINT('',(0.612807832651,-2.08,1.28710260101));
#3461 = SURFACE_CURVE('',#3462,(#3466,#3473),.PCURVE_S1.);
#3462 = LINE('',#3463,#3464);
#3463 = CARTESIAN_POINT('',(0.612807832651,-2.08,1.28710260101));
#3464 = VECTOR('',#3465,1.);
#3465 = DIRECTION('',(0.34214228181,0.570289817927,0.746798622499));
#3466 = PCURVE('',#3443,#3467);
#3467 = DEFINITIONAL_REPRESENTATION('',(#3468),#3472);
#3468 = LINE('',#3469,#3470);
#3469 = CARTESIAN_POINT('',(0.679328431283,8.691674415302E-02));
#3470 = VECTOR('',#3471,1.);
#3471 = DIRECTION('',(-0.939134697324,0.343549152643));
#3472 = ( GEOMETRIC_REPRESENTATION_CONTEXT(2) 
PARAMETRIC_REPRESENTATION_CONTEXT() REPRESENTATION_CONTEXT('2D SPACE',''
  ) );
#3473 = PCURVE('',#3474,#3479);
#3474 = PLANE('',#3475);
#3475 = AXIS2_PLACEMENT_3D('',#3476,#3477,#3478);
#3476 = CARTESIAN_POINT('',(1.26742227633,-1.69404474631,1.536953050972)
  );
#3477 = DIRECTION('',(0.29616358578,-0.819704081877,0.490277827984));
#3478 = DIRECTION('',(-1.387778780781E-17,-0.513306163722,
    -0.858205559458));
#3479 = DEFINITIONAL_REPRESENTATION('',(#3480),#3484);
#3480 = LINE('',#3481,#3482);
#3481 = CARTESIAN_POINT('',(0.412536255831,-0.685361665616));
#3482 = VECTOR('',#3483,1.);
#3483 = DIRECTION('',(-0.933640008274,0.358212695126));
#3484 = ( GEOMETRIC_REPRESENTATION_CONTEXT(2) 
PARAMETRIC_REPRESENTATION_CONTEXT() REPRESENTATION_CONTEXT('2D SPACE',''
  ) );
#3485 = ORIENTED_EDGE('',*,*,#3429,.F.);
#3486 = ORIENTED_EDGE('',*,*,#3487,.F.);
#3487 = EDGE_CURVE('',#3488,#3298,#3490,.T.);
#3488 = VERTEX_POINT('',#3489);
#3489 = CARTESIAN_POINT('',(3.E-02,-2.08,1.378271171602));
#3490 = SURFACE_CURVE('',#3491,(#3495,#3502),.PCURVE_S1.);
#3491 = LINE('',#3492,#3493);
#3492 = CARTESIAN_POINT('',(3.E-02,-2.08,1.378271171602));
#3493 = VECTOR('',#3494,1.);
#3494 = DIRECTION('',(5.369006698329E-17,0.580316557583,0.814390995159)
  );
#3495 = PCURVE('',#3443,#3496);
#3496 = DEFINITIONAL_REPRESENTATION('',(#3497),#3501);
#3497 = LINE('',#3498,#3499);
#3498 = CARTESIAN_POINT('',(0.605081568351,-0.498287563255));
#3499 = VECTOR('',#3500,1.);
#3500 = DIRECTION('',(-1.,5.551115123126E-17));
#3501 = ( GEOMETRIC_REPRESENTATION_CONTEXT(2) 
PARAMETRIC_REPRESENTATION_CONTEXT() REPRESENTATION_CONTEXT('2D SPACE',''
  ) );
#3502 = PCURVE('',#3313,#3503);
#3503 = DEFINITIONAL_REPRESENTATION('',(#3504),#3508);
#3504 = LINE('',#3505,#3506);
#3505 = CARTESIAN_POINT('',(0.599329503393,0.495021057765));
#3506 = VECTOR('',#3507,1.);
#3507 = DIRECTION('',(-1.,7.632783294298E-17));
#3508 = ( GEOMETRIC_REPRESENTATION_CONTEXT(2) 
PARAMETRIC_REPRESENTATION_CONTEXT() REPRESENTATION_CONTEXT('2D SPACE',''
  ) );
#3509 = ORIENTED_EDGE('',*,*,#3510,.F.);
#3510 = EDGE_CURVE('',#3459,#3488,#3511,.T.);
#3511 = SURFACE_CURVE('',#3512,(#3516,#3523),.PCURVE_S1.);
#3512 = LINE('',#3513,#3514);
#3513 = CARTESIAN_POINT('',(0.612807832651,-2.08,1.28710260101));
#3514 = VECTOR('',#3515,1.);
#3515 = DIRECTION('',(-0.987984908839,0.,0.154550379833));
#3516 = PCURVE('',#3443,#3517);
#3517 = DEFINITIONAL_REPRESENTATION('',(#3518),#3522);
#3518 = LINE('',#3519,#3520);
#3519 = CARTESIAN_POINT('',(0.679328431283,8.691674415302E-02));
#3520 = VECTOR('',#3521,1.);
#3521 = DIRECTION('',(-0.125864437635,-0.992047450145));
#3522 = ( GEOMETRIC_REPRESENTATION_CONTEXT(2) 
PARAMETRIC_REPRESENTATION_CONTEXT() REPRESENTATION_CONTEXT('2D SPACE',''
  ) );
#3523 = PCURVE('',#3524,#3529);
#3524 = PLANE('',#3525);
#3525 = AXIS2_PLACEMENT_3D('',#3526,#3527,#3528);
#3526 = CARTESIAN_POINT('',(0.202283102893,-2.21244764809,0.78706450445)
  );
#3527 = DIRECTION('',(3.572430571301E-02,-0.972918147189,0.228372618438)
  );
#3528 = DIRECTION('',(0.,-0.228518485612,-0.973539573789));
#3529 = DEFINITIONAL_REPRESENTATION('',(#3530),#3534);
#3530 = LINE('',#3531,#3532);
#3531 = CARTESIAN_POINT('',(-0.517073611367,0.410786941938));
#3532 = VECTOR('',#3533,1.);
#3533 = DIRECTION('',(-0.150460910912,-0.988615958948));
#3534 = ( GEOMETRIC_REPRESENTATION_CONTEXT(2) 
PARAMETRIC_REPRESENTATION_CONTEXT() REPRESENTATION_CONTEXT('2D SPACE',''
  ) );
#3535 = ADVANCED_FACE('',(#3536),#3524,.T.);
#3536 = FACE_BOUND('',#3537,.T.);
#3537 = EDGE_LOOP('',(#3538,#3539,#3564));
#3538 = ORIENTED_EDGE('',*,*,#3510,.T.);
#3539 = ORIENTED_EDGE('',*,*,#3540,.F.);
#3540 = EDGE_CURVE('',#1176,#3488,#3541,.T.);
#3541 = SURFACE_CURVE('',#3542,(#3546,#3552),.PCURVE_S1.);
#3542 = LINE('',#3543,#3544);
#3543 = CARTESIAN_POINT('',(3.E-02,-2.4,1.5E-02));
#3544 = VECTOR('',#3545,1.);
#3545 = DIRECTION('',(6.689526440937E-17,0.228518485612,0.973539573789)
  );
#3546 = PCURVE('',#3524,#3547);
#3547 = DEFINITIONAL_REPRESENTATION('',(#3548),#3551);
#3548 = B_SPLINE_CURVE_WITH_KNOTS('',1,(#3549,#3550),.UNSPECIFIED.,.F.,
  .F.,(2,2),(0.,1.400324350757),.PIECEWISE_BEZIER_KNOTS.);
#3549 = CARTESIAN_POINT('',(0.794494528032,-0.172393144321));
#3550 = CARTESIAN_POINT('',(-0.605829822725,-0.172393144321));
#3551 = ( GEOMETRIC_REPRESENTATION_CONTEXT(2) 
PARAMETRIC_REPRESENTATION_CONTEXT() REPRESENTATION_CONTEXT('2D SPACE',''
  ) );
#3552 = PCURVE('',#3553,#3558);
#3553 = PLANE('',#3554);
#3554 = AXIS2_PLACEMENT_3D('',#3555,#3556,#3557);
#3555 = CARTESIAN_POINT('',(-0.140852900237,-2.212468174531,
    0.784725880479));
#3556 = DIRECTION('',(-3.902758984058E-02,-0.9727978665,0.228344385009)
  );
#3557 = DIRECTION('',(0.,-0.228518485612,-0.973539573789));
#3558 = DEFINITIONAL_REPRESENTATION('',(#3559),#3563);
#3559 = LINE('',#3560,#3561);
#3560 = CARTESIAN_POINT('',(0.792213094376,0.170983166602));
#3561 = VECTOR('',#3562,1.);
#3562 = DIRECTION('',(-1.,6.245004513517E-17));
#3563 = ( GEOMETRIC_REPRESENTATION_CONTEXT(2) 
PARAMETRIC_REPRESENTATION_CONTEXT() REPRESENTATION_CONTEXT('2D SPACE',''
  ) );
#3564 = ORIENTED_EDGE('',*,*,#3565,.T.);
#3565 = EDGE_CURVE('',#1176,#3459,#3566,.T.);
#3566 = SURFACE_CURVE('',#3567,(#3571,#3578),.PCURVE_S1.);
#3567 = LINE('',#3568,#3569);
#3568 = CARTESIAN_POINT('',(3.E-02,-2.4,1.5E-02));
#3569 = VECTOR('',#3570,1.);
#3570 = DIRECTION('',(0.406030908542,0.222937790905,0.886249198981));
#3571 = PCURVE('',#3524,#3572);
#3572 = DEFINITIONAL_REPRESENTATION('',(#3573),#3577);
#3573 = LINE('',#3574,#3575);
#3574 = CARTESIAN_POINT('',(0.794494528032,-0.172393144321));
#3575 = VECTOR('',#3576,1.);
#3576 = DIRECTION('',(-0.91374407381,0.406290250408));
#3577 = ( GEOMETRIC_REPRESENTATION_CONTEXT(2) 
PARAMETRIC_REPRESENTATION_CONTEXT() REPRESENTATION_CONTEXT('2D SPACE',''
  ) );
#3578 = PCURVE('',#3579,#3584);
#3579 = PLANE('',#3580);
#3580 = AXIS2_PLACEMENT_3D('',#3581,#3582,#3583);
#3581 = CARTESIAN_POINT('',(0.515183169371,-2.213606126709,
    0.667956682237));
#3582 = DIRECTION('',(0.115984358454,-0.974516360242,0.192003885938));
#3583 = DIRECTION('',(0.,-0.193308517376,-0.981138021437));
#3584 = DEFINITIONAL_REPRESENTATION('',(#3585),#3588);
#3585 = B_SPLINE_CURVE_WITH_KNOTS('',1,(#3586,#3587),.UNSPECIFIED.,.F.,
  .F.,(2,2),(0.,1.435377998053),.PIECEWISE_BEZIER_KNOTS.);
#3586 = CARTESIAN_POINT('',(0.676672150588,-0.488479900648));
#3587 = CARTESIAN_POINT('',(-0.633294803992,9.828800508902E-02));
#3588 = ( GEOMETRIC_REPRESENTATION_CONTEXT(2) 
PARAMETRIC_REPRESENTATION_CONTEXT() REPRESENTATION_CONTEXT('2D SPACE',''
  ) );
#3589 = ADVANCED_FACE('',(#3590),#3579,.T.);
#3590 = FACE_BOUND('',#3591,.T.);
#3591 = EDGE_LOOP('',(#3592,#3615,#3616));
#3592 = ORIENTED_EDGE('',*,*,#3593,.T.);
#3593 = EDGE_CURVE('',#3594,#3459,#3596,.T.);
#3594 = VERTEX_POINT('',#3595);
#3595 = CARTESIAN_POINT('',(1.10689950899,-2.08,0.988635172511));
#3596 = SURFACE_CURVE('',#3597,(#3601,#3608),.PCURVE_S1.);
#3597 = LINE('',#3598,#3599);
#3598 = CARTESIAN_POINT('',(1.10689950899,-2.08,0.988635172511));
#3599 = VECTOR('',#3600,1.);
#3600 = DIRECTION('',(-0.855951035303,0.,0.517056887744));
#3601 = PCURVE('',#3579,#3602);
#3602 = DEFINITIONAL_REPRESENTATION('',(#3603),#3607);
#3603 = LINE('',#3604,#3605);
#3604 = CARTESIAN_POINT('',(-0.340457061731,0.595736944387));
#3605 = VECTOR('',#3606,1.);
#3606 = DIRECTION('',(-0.507304171811,-0.861767066708));
#3607 = ( GEOMETRIC_REPRESENTATION_CONTEXT(2) 
PARAMETRIC_REPRESENTATION_CONTEXT() REPRESENTATION_CONTEXT('2D SPACE',''
  ) );
#3608 = PCURVE('',#3474,#3609);
#3609 = DEFINITIONAL_REPRESENTATION('',(#3610),#3614);
#3610 = LINE('',#3611,#3612);
#3611 = CARTESIAN_POINT('',(0.668682662286,-0.16806251719));
#3612 = VECTOR('',#3613,1.);
#3613 = DIRECTION('',(-0.443741095618,-0.896155031264));
#3614 = ( GEOMETRIC_REPRESENTATION_CONTEXT(2) 
PARAMETRIC_REPRESENTATION_CONTEXT() REPRESENTATION_CONTEXT('2D SPACE',''
  ) );
#3615 = ORIENTED_EDGE('',*,*,#3565,.F.);
#3616 = ORIENTED_EDGE('',*,*,#3617,.F.);
#3617 = EDGE_CURVE('',#3594,#1176,#3618,.T.);
#3618 = SURFACE_CURVE('',#3619,(#3623,#3629),.PCURVE_S1.);
#3619 = LINE('',#3620,#3621);
#3620 = CARTESIAN_POINT('',(1.10689950899,-2.08,0.988635172511));
#3621 = VECTOR('',#3622,1.);
#3622 = DIRECTION('',(-0.724388218092,-0.215251495478,-0.654926334166));
#3623 = PCURVE('',#3579,#3624);
#3624 = DEFINITIONAL_REPRESENTATION('',(#3625),#3628);
#3625 = B_SPLINE_CURVE_WITH_KNOTS('',1,(#3626,#3627),.UNSPECIFIED.,.F.,
  .F.,(2,2),(0.,1.486633109282),.PIECEWISE_BEZIER_KNOTS.);
#3626 = CARTESIAN_POINT('',(-0.340457061731,0.595736944387));
#3627 = CARTESIAN_POINT('',(0.676672150588,-0.488479900648));
#3628 = ( GEOMETRIC_REPRESENTATION_CONTEXT(2) 
PARAMETRIC_REPRESENTATION_CONTEXT() REPRESENTATION_CONTEXT('2D SPACE',''
  ) );
#3629 = PCURVE('',#3630,#3635);
#3630 = PLANE('',#3631);
#3631 = AXIS2_PLACEMENT_3D('',#3632,#3633,#3634);
#3632 = CARTESIAN_POINT('',(0.753262587741,-2.215101644093,
    0.448080440907));
#3633 = DIRECTION('',(0.170142244663,-0.976439103569,0.132733920317));
#3634 = DIRECTION('',(-0.985156052922,-0.17166115283,0.));
#3635 = DEFINITIONAL_REPRESENTATION('',(#3636),#3640);
#3636 = LINE('',#3637,#3638);
#3637 = CARTESIAN_POINT('',(-0.371579257479,-0.545380417303));
#3638 = VECTOR('',#3639,1.);
#3639 = DIRECTION('',(0.750585757581,0.660773047662));
#3640 = ( GEOMETRIC_REPRESENTATION_CONTEXT(2) 
PARAMETRIC_REPRESENTATION_CONTEXT() REPRESENTATION_CONTEXT('2D SPACE',''
  ) );
#3641 = ADVANCED_FACE('',(#3642),#3630,.T.);
#3642 = FACE_BOUND('',#3643,.T.);
#3643 = EDGE_LOOP('',(#3644,#3671,#3697));
#3644 = ORIENTED_EDGE('',*,*,#3645,.F.);
#3645 = EDGE_CURVE('',#3646,#1176,#3648,.T.);
#3646 = VERTEX_POINT('',#3647);
#3647 = CARTESIAN_POINT('',(1.451241751985,-2.08,0.547247153417));
#3648 = SURFACE_CURVE('',#3649,(#3653,#3659),.PCURVE_S1.);
#3649 = LINE('',#3650,#3651);
#3650 = CARTESIAN_POINT('',(1.451241751985,-2.08,0.547247153417));
#3651 = VECTOR('',#3652,1.);
#3652 = DIRECTION('',(-0.916336281163,-0.206317897404,-0.343162854976));
#3653 = PCURVE('',#3630,#3654);
#3654 = DEFINITIONAL_REPRESENTATION('',(#3655),#3658);
#3655 = B_SPLINE_CURVE_WITH_KNOTS('',1,(#3656,#3657),.UNSPECIFIED.,.F.,
  .F.,(2,2),(0.,1.551004561536),.PIECEWISE_BEZIER_KNOTS.);
#3656 = CARTESIAN_POINT('',(-0.710810102443,-0.100052001933));
#3657 = CARTESIAN_POINT('',(0.744266381096,0.436946673072));
#3658 = ( GEOMETRIC_REPRESENTATION_CONTEXT(2) 
PARAMETRIC_REPRESENTATION_CONTEXT() REPRESENTATION_CONTEXT('2D SPACE',''
  ) );
#3659 = PCURVE('',#3660,#3665);
#3660 = PLANE('',#3661);
#3661 = AXIS2_PLACEMENT_3D('',#3662,#3663,#3664);
#3662 = CARTESIAN_POINT('',(0.88174775527,-2.21621267495,0.166908279128)
  );
#3663 = DIRECTION('',(0.202714597633,-0.97812041946,4.676790505115E-02)
  );
#3664 = DIRECTION('',(-0.979191867972,-0.202936654396,1.734723475977E-18
    ));
#3665 = DEFINITIONAL_REPRESENTATION('',(#3666),#3670);
#3666 = LINE('',#3667,#3668);
#3667 = CARTESIAN_POINT('',(-0.585286434982,-0.380755503482));
#3668 = VECTOR('',#3669,1.);
#3669 = DIRECTION('',(0.939138498684,0.343538760972));
#3670 = ( GEOMETRIC_REPRESENTATION_CONTEXT(2) 
PARAMETRIC_REPRESENTATION_CONTEXT() REPRESENTATION_CONTEXT('2D SPACE',''
  ) );
#3671 = ORIENTED_EDGE('',*,*,#3672,.T.);
#3672 = EDGE_CURVE('',#3646,#3594,#3673,.T.);
#3673 = SURFACE_CURVE('',#3674,(#3678,#3685),.PCURVE_S1.);
#3674 = LINE('',#3675,#3676);
#3675 = CARTESIAN_POINT('',(1.451241751985,-2.08,0.547247153417));
#3676 = VECTOR('',#3677,1.);
#3677 = DIRECTION('',(-0.615097975418,0.,0.788450683706));
#3678 = PCURVE('',#3630,#3679);
#3679 = DEFINITIONAL_REPRESENTATION('',(#3680),#3684);
#3680 = LINE('',#3681,#3682);
#3681 = CARTESIAN_POINT('',(-0.710810102443,-0.100052001933));
#3682 = VECTOR('',#3683,1.);
#3683 = DIRECTION('',(0.605967493623,-0.795489407014));
#3684 = ( GEOMETRIC_REPRESENTATION_CONTEXT(2) 
PARAMETRIC_REPRESENTATION_CONTEXT() REPRESENTATION_CONTEXT('2D SPACE',''
  ) );
#3685 = PCURVE('',#3686,#3691);
#3686 = PLANE('',#3687);
#3687 = AXIS2_PLACEMENT_3D('',#3688,#3689,#3690);
#3688 = CARTESIAN_POINT('',(1.718183476979,-1.69891850207,1.128530727465
    ));
#3689 = DIRECTION('',(0.439270055871,-0.830424842532,0.342689945753));
#3690 = DIRECTION('',(-0.883949239923,-0.467582870985,0.));
#3691 = DEFINITIONAL_REPRESENTATION('',(#3692),#3696);
#3692 = LINE('',#3693,#3694);
#3693 = CARTESIAN_POINT('',(0.414150115794,0.618749761739));
#3694 = VECTOR('',#3695,1.);
#3695 = DIRECTION('',(0.543715387849,-0.839269668829));
#3696 = ( GEOMETRIC_REPRESENTATION_CONTEXT(2) 
PARAMETRIC_REPRESENTATION_CONTEXT() REPRESENTATION_CONTEXT('2D SPACE',''
  ) );
#3697 = ORIENTED_EDGE('',*,*,#3617,.T.);
#3698 = ADVANCED_FACE('',(#3699),#3686,.T.);
#3699 = FACE_BOUND('',#3700,.T.);
#3700 = EDGE_LOOP('',(#3701,#3731,#3752,#3753));
#3701 = ORIENTED_EDGE('',*,*,#3702,.F.);
#3702 = EDGE_CURVE('',#3703,#3705,#3707,.T.);
#3703 = VERTEX_POINT('',#3704);
#3704 = CARTESIAN_POINT('',(1.772038150764,-1.48,1.589993396581));
#3705 = VERTEX_POINT('',#3706);
#3706 = CARTESIAN_POINT('',(2.329060713417,-1.48,0.875985485785));
#3707 = SURFACE_CURVE('',#3708,(#3712,#3719),.PCURVE_S1.);
#3708 = LINE('',#3709,#3710);
#3709 = CARTESIAN_POINT('',(1.772038150764,-1.48,1.589993396581));
#3710 = VECTOR('',#3711,1.);
#3711 = DIRECTION('',(0.615097975418,0.,-0.788450683706));
#3712 = PCURVE('',#3686,#3713);
#3713 = DEFINITIONAL_REPRESENTATION('',(#3714),#3718);
#3714 = LINE('',#3715,#3716);
#3715 = CARTESIAN_POINT('',(-0.149967339668,-0.491205892125));
#3716 = VECTOR('',#3717,1.);
#3717 = DIRECTION('',(-0.543715387849,0.839269668829));
#3718 = ( GEOMETRIC_REPRESENTATION_CONTEXT(2) 
PARAMETRIC_REPRESENTATION_CONTEXT() REPRESENTATION_CONTEXT('2D SPACE',''
  ) );
#3719 = PCURVE('',#3720,#3725);
#3720 = PLANE('',#3721);
#3721 = AXIS2_PLACEMENT_3D('',#3722,#3723,#3724);
#3722 = CARTESIAN_POINT('',(2.331283705147,-0.979120900236,
    1.535815571875));
#3723 = DIRECTION('',(0.61153986379,-0.631197420293,0.477083652635));
#3724 = DIRECTION('',(-0.718201916904,-0.695834755208,2.775557561563E-17
    ));
#3725 = DEFINITIONAL_REPRESENTATION('',(#3726),#3730);
#3726 = LINE('',#3727,#3728);
#3727 = CARTESIAN_POINT('',(0.750180314951,-6.164571702471E-02));
#3728 = VECTOR('',#3729,1.);
#3729 = DIRECTION('',(-0.441764545029,0.897131030985));
#3730 = ( GEOMETRIC_REPRESENTATION_CONTEXT(2) 
PARAMETRIC_REPRESENTATION_CONTEXT() REPRESENTATION_CONTEXT('2D SPACE',''
  ) );
#3731 = ORIENTED_EDGE('',*,*,#3732,.T.);
#3732 = EDGE_CURVE('',#3703,#3594,#3733,.T.);
#3733 = SURFACE_CURVE('',#3734,(#3738,#3745),.PCURVE_S1.);
#3734 = LINE('',#3735,#3736);
#3735 = CARTESIAN_POINT('',(1.772038150764,-1.48,1.589993396581));
#3736 = VECTOR('',#3737,1.);
#3737 = DIRECTION('',(-0.616492811562,-0.556118174025,-0.557377062508));
#3738 = PCURVE('',#3686,#3739);
#3739 = DEFINITIONAL_REPRESENTATION('',(#3740),#3744);
#3740 = LINE('',#3741,#3742);
#3741 = CARTESIAN_POINT('',(-0.149967339668,-0.491205892125));
#3742 = VECTOR('',#3743,1.);
#3743 = DIRECTION('',(0.804979684617,0.593302374304));
#3744 = ( GEOMETRIC_REPRESENTATION_CONTEXT(2) 
PARAMETRIC_REPRESENTATION_CONTEXT() REPRESENTATION_CONTEXT('2D SPACE',''
  ) );
#3745 = PCURVE('',#3474,#3746);
#3746 = DEFINITIONAL_REPRESENTATION('',(#3747),#3751);
#3747 = LINE('',#3748,#3749);
#3748 = CARTESIAN_POINT('',(-0.15539000707,0.528317667808));
#3749 = VECTOR('',#3750,1.);
#3750 = DIRECTION('',(0.763802980244,-0.645449461515));
#3751 = ( GEOMETRIC_REPRESENTATION_CONTEXT(2) 
PARAMETRIC_REPRESENTATION_CONTEXT() REPRESENTATION_CONTEXT('2D SPACE',''
  ) );
#3752 = ORIENTED_EDGE('',*,*,#3672,.F.);
#3753 = ORIENTED_EDGE('',*,*,#3754,.F.);
#3754 = EDGE_CURVE('',#3705,#3646,#3755,.T.);
#3755 = SURFACE_CURVE('',#3756,(#3760,#3767),.PCURVE_S1.);
#3756 = LINE('',#3757,#3758);
#3757 = CARTESIAN_POINT('',(2.329060713417,-1.48,0.875985485785));
#3758 = VECTOR('',#3759,1.);
#3759 = DIRECTION('',(-0.788738936023,-0.539112712764,-0.29537835692));
#3760 = PCURVE('',#3686,#3761);
#3761 = DEFINITIONAL_REPRESENTATION('',(#3762),#3766);
#3762 = LINE('',#3763,#3764);
#3763 = CARTESIAN_POINT('',(-0.642347010546,0.268822851865));
#3764 = VECTOR('',#3765,1.);
#3765 = DIRECTION('',(0.949285053015,0.314416742752));
#3766 = ( GEOMETRIC_REPRESENTATION_CONTEXT(2) 
PARAMETRIC_REPRESENTATION_CONTEXT() REPRESENTATION_CONTEXT('2D SPACE',''
  ) );
#3767 = PCURVE('',#3768,#3773);
#3768 = PLANE('',#3769);
#3769 = AXIS2_PLACEMENT_3D('',#3770,#3771,#3772);
#3770 = CARTESIAN_POINT('',(2.072515467272,-1.70060944841,0.468113677911
    ));
#3771 = DIRECTION('',(0.528550908047,-0.840097811334,0.1219409898));
#3772 = DIRECTION('',(-0.846414303389,-0.532524954362,
    -6.938893903907E-18));
#3773 = DEFINITIONAL_REPRESENTATION('',(#3774),#3778);
#3774 = LINE('',#3775,#3776);
#3775 = CARTESIAN_POINT('',(-0.33462360225,-0.410938497251));
#3776 = VECTOR('',#3777,1.);
#3777 = DIRECTION('',(0.954690889851,0.297599235275));
#3778 = ( GEOMETRIC_REPRESENTATION_CONTEXT(2) 
PARAMETRIC_REPRESENTATION_CONTEXT() REPRESENTATION_CONTEXT('2D SPACE',''
  ) );
#3779 = ADVANCED_FACE('',(#3780),#3768,.T.);
#3780 = FACE_BOUND('',#3781,.T.);
#3781 = EDGE_LOOP('',(#3782,#3810,#3811,#3834));
#3782 = ORIENTED_EDGE('',*,*,#3783,.F.);
#3783 = EDGE_CURVE('',#3705,#3784,#3786,.T.);
#3784 = VERTEX_POINT('',#3785);
#3785 = CARTESIAN_POINT('',(2.527697061859,-1.48,1.5E-02));
#3786 = SURFACE_CURVE('',#3787,(#3791,#3798),.PCURVE_S1.);
#3787 = LINE('',#3788,#3789);
#3788 = CARTESIAN_POINT('',(2.329060713417,-1.48,0.875985485785));
#3789 = VECTOR('',#3790,1.);
#3790 = DIRECTION('',(0.224802976602,0.,-0.974404239374));
#3791 = PCURVE('',#3768,#3792);
#3792 = DEFINITIONAL_REPRESENTATION('',(#3793),#3797);
#3793 = LINE('',#3794,#3795);
#3794 = CARTESIAN_POINT('',(-0.33462360225,-0.410938497251));
#3795 = VECTOR('',#3796,1.);
#3796 = DIRECTION('',(-0.19027645484,0.981730548946));
#3797 = ( GEOMETRIC_REPRESENTATION_CONTEXT(2) 
PARAMETRIC_REPRESENTATION_CONTEXT() REPRESENTATION_CONTEXT('2D SPACE',''
  ) );
#3798 = PCURVE('',#3799,#3804);
#3799 = PLANE('',#3800);
#3800 = AXIS2_PLACEMENT_3D('',#3801,#3802,#3803);
#3801 = CARTESIAN_POINT('',(2.818322134184,-0.980424680677,
    0.634403808202));
#3802 = DIRECTION('',(0.744057903664,-0.645686154417,0.171660205025));
#3803 = DIRECTION('',(0.655414991624,0.755268951272,1.387778780781E-17)
  );
#3804 = DEFINITIONAL_REPRESENTATION('',(#3805),#3809);
#3805 = LINE('',#3806,#3807);
#3806 = CARTESIAN_POINT('',(-0.6979829975,0.245221694946));
#3807 = VECTOR('',#3808,1.);
#3808 = DIRECTION('',(0.147339241027,-0.989086016509));
#3809 = ( GEOMETRIC_REPRESENTATION_CONTEXT(2) 
PARAMETRIC_REPRESENTATION_CONTEXT() REPRESENTATION_CONTEXT('2D SPACE',''
  ) );
#3810 = ORIENTED_EDGE('',*,*,#3754,.T.);
#3811 = ORIENTED_EDGE('',*,*,#3812,.F.);
#3812 = EDGE_CURVE('',#3813,#3646,#3815,.T.);
#3813 = VERTEX_POINT('',#3814);
#3814 = CARTESIAN_POINT('',(1.574035495629,-2.08,1.5E-02));
#3815 = SURFACE_CURVE('',#3816,(#3820,#3827),.PCURVE_S1.);
#3816 = LINE('',#3817,#3818);
#3817 = CARTESIAN_POINT('',(1.574035495629,-2.08,1.5E-02));
#3818 = VECTOR('',#3819,1.);
#3819 = DIRECTION('',(-0.224802976602,0.,0.974404239374));
#3820 = PCURVE('',#3768,#3821);
#3821 = DEFINITIONAL_REPRESENTATION('',(#3822),#3826);
#3822 = LINE('',#3823,#3824);
#3823 = CARTESIAN_POINT('',(0.623955514122,0.456520529956));
#3824 = VECTOR('',#3825,1.);
#3825 = DIRECTION('',(0.19027645484,-0.981730548946));
#3826 = ( GEOMETRIC_REPRESENTATION_CONTEXT(2) 
PARAMETRIC_REPRESENTATION_CONTEXT() REPRESENTATION_CONTEXT('2D SPACE',''
  ) );
#3827 = PCURVE('',#3660,#3828);
#3828 = DEFINITIONAL_REPRESENTATION('',(#3829),#3833);
#3829 = LINE('',#3830,#3831);
#3830 = CARTESIAN_POINT('',(-0.705525070197,0.15207468185));
#3831 = VECTOR('',#3832,1.);
#3832 = DIRECTION('',(0.220125246585,-0.975471617125));
#3833 = ( GEOMETRIC_REPRESENTATION_CONTEXT(2) 
PARAMETRIC_REPRESENTATION_CONTEXT() REPRESENTATION_CONTEXT('2D SPACE',''
  ) );
#3834 = ORIENTED_EDGE('',*,*,#3835,.F.);
#3835 = EDGE_CURVE('',#3784,#3813,#3836,.T.);
#3836 = SURFACE_CURVE('',#3837,(#3841,#3848),.PCURVE_S1.);
#3837 = LINE('',#3838,#3839);
#3838 = CARTESIAN_POINT('',(2.527697061859,-1.48,1.5E-02));
#3839 = VECTOR('',#3840,1.);
#3840 = DIRECTION('',(-0.846414303389,-0.532524954362,0.));
#3841 = PCURVE('',#3768,#3842);
#3842 = DEFINITIONAL_REPRESENTATION('',(#3843),#3847);
#3843 = LINE('',#3844,#3845);
#3844 = CARTESIAN_POINT('',(-0.502752248744,0.456520529956));
#3845 = VECTOR('',#3846,1.);
#3846 = DIRECTION('',(1.,-6.938893903907E-18));
#3847 = ( GEOMETRIC_REPRESENTATION_CONTEXT(2) 
PARAMETRIC_REPRESENTATION_CONTEXT() REPRESENTATION_CONTEXT('2D SPACE',''
  ) );
#3848 = PCURVE('',#3849,#3854);
#3849 = PLANE('',#3850);
#3850 = AXIS2_PLACEMENT_3D('',#3851,#3852,#3853);
#3851 = CARTESIAN_POINT('',(2.047992309355,-1.701022432686,
    -0.426792871671));
#3852 = DIRECTION('',(0.526258965241,-0.836454915056,-0.152953184283));
#3853 = DIRECTION('',(-0.846414303389,-0.532524954362,0.));
#3854 = DEFINITIONAL_REPRESENTATION('',(#3855),#3859);
#3855 = LINE('',#3856,#3857);
#3856 = CARTESIAN_POINT('',(-0.523728924802,-0.447053151326));
#3857 = VECTOR('',#3858,1.);
#3858 = DIRECTION('',(1.,-2.807572252572E-17));
#3859 = ( GEOMETRIC_REPRESENTATION_CONTEXT(2) 
PARAMETRIC_REPRESENTATION_CONTEXT() REPRESENTATION_CONTEXT('2D SPACE',''
  ) );
#3860 = ADVANCED_FACE('',(#3861),#3849,.T.);
#3861 = FACE_BOUND('',#3862,.T.);
#3862 = EDGE_LOOP('',(#3863,#3888,#3914,#3915));
#3863 = ORIENTED_EDGE('',*,*,#3864,.T.);
#3864 = EDGE_CURVE('',#3865,#3867,#3869,.T.);
#3865 = VERTEX_POINT('',#3866);
#3866 = CARTESIAN_POINT('',(1.422473176031,-2.08,-0.506473481283));
#3867 = VERTEX_POINT('',#3868);
#3868 = CARTESIAN_POINT('',(2.282523449321,-1.48,-0.828557538493));
#3869 = SURFACE_CURVE('',#3870,(#3874,#3881),.PCURVE_S1.);
#3870 = LINE('',#3871,#3872);
#3871 = CARTESIAN_POINT('',(1.422473176031,-2.08,-0.506473481283));
#3872 = VECTOR('',#3873,1.);
#3873 = DIRECTION('',(0.783996986681,0.546942669071,-0.293602523192));
#3874 = PCURVE('',#3849,#3875);
#3875 = DEFINITIONAL_REPRESENTATION('',(#3876),#3880);
#3876 = LINE('',#3877,#3878);
#3877 = CARTESIAN_POINT('',(0.731263353228,8.062933992534E-02));
#3878 = VECTOR('',#3879,1.);
#3879 = DIRECTION('',(-0.954846883226,0.297098350034));
#3880 = ( GEOMETRIC_REPRESENTATION_CONTEXT(2) 
PARAMETRIC_REPRESENTATION_CONTEXT() REPRESENTATION_CONTEXT('2D SPACE',''
  ) );
#3881 = PCURVE('',#1024,#3882);
#3882 = DEFINITIONAL_REPRESENTATION('',(#3883),#3887);
#3883 = LINE('',#3884,#3885);
#3884 = CARTESIAN_POINT('',(0.414573037386,-0.61036840102));
#3885 = VECTOR('',#3886,1.);
#3886 = DIRECTION('',(-0.949966880365,0.312350646245));
#3887 = ( GEOMETRIC_REPRESENTATION_CONTEXT(2) 
PARAMETRIC_REPRESENTATION_CONTEXT() REPRESENTATION_CONTEXT('2D SPACE',''
  ) );
#3888 = ORIENTED_EDGE('',*,*,#3889,.F.);
#3889 = EDGE_CURVE('',#3784,#3867,#3890,.T.);
#3890 = SURFACE_CURVE('',#3891,(#3895,#3902),.PCURVE_S1.);
#3891 = LINE('',#3892,#3893);
#3892 = CARTESIAN_POINT('',(2.527697061859,-1.48,1.5E-02));
#3893 = VECTOR('',#3894,1.);
#3894 = DIRECTION('',(-0.279093446679,0.,-0.960263947059));
#3895 = PCURVE('',#3849,#3896);
#3896 = DEFINITIONAL_REPRESENTATION('',(#3897),#3901);
#3897 = LINE('',#3898,#3899);
#3898 = CARTESIAN_POINT('',(-0.523728924802,-0.447053151326));
#3899 = VECTOR('',#3900,1.);
#3900 = DIRECTION('',(0.236228685252,0.971697488041));
#3901 = ( GEOMETRIC_REPRESENTATION_CONTEXT(2) 
PARAMETRIC_REPRESENTATION_CONTEXT() REPRESENTATION_CONTEXT('2D SPACE',''
  ) );
#3902 = PCURVE('',#3903,#3908);
#3903 = PLANE('',#3904);
#3904 = AXIS2_PLACEMENT_3D('',#3905,#3906,#3907);
#3905 = CARTESIAN_POINT('',(2.784623528832,-0.981226269552,
    -0.590226452264));
#3906 = DIRECTION('',(0.737704520014,-0.640172750371,-0.214408234061));
#3907 = DIRECTION('',(0.655414991624,0.755268951272,0.));
#3908 = DEFINITIONAL_REPRESENTATION('',(#3909),#3913);
#3909 = LINE('',#3910,#3911);
#3910 = CARTESIAN_POINT('',(-0.545101770516,0.619636637003));
#3911 = VECTOR('',#3912,1.);
#3912 = DIRECTION('',(-0.182922029018,-0.983127423735));
#3913 = ( GEOMETRIC_REPRESENTATION_CONTEXT(2) 
PARAMETRIC_REPRESENTATION_CONTEXT() REPRESENTATION_CONTEXT('2D SPACE',''
  ) );
#3914 = ORIENTED_EDGE('',*,*,#3835,.T.);
#3915 = ORIENTED_EDGE('',*,*,#3916,.F.);
#3916 = EDGE_CURVE('',#3865,#3813,#3917,.T.);
#3917 = SURFACE_CURVE('',#3918,(#3922,#3929),.PCURVE_S1.);
#3918 = LINE('',#3919,#3920);
#3919 = CARTESIAN_POINT('',(1.422473176031,-2.08,-0.506473481283));
#3920 = VECTOR('',#3921,1.);
#3921 = DIRECTION('',(0.279093446679,0.,0.960263947059));
#3922 = PCURVE('',#3849,#3923);
#3923 = DEFINITIONAL_REPRESENTATION('',(#3924),#3928);
#3924 = LINE('',#3925,#3926);
#3925 = CARTESIAN_POINT('',(0.731263353228,8.062933992534E-02));
#3926 = VECTOR('',#3927,1.);
#3927 = DIRECTION('',(-0.236228685252,-0.971697488041));
#3928 = ( GEOMETRIC_REPRESENTATION_CONTEXT(2) 
PARAMETRIC_REPRESENTATION_CONTEXT() REPRESENTATION_CONTEXT('2D SPACE',''
  ) );
#3929 = PCURVE('',#3930,#3935);
#3930 = PLANE('',#3931);
#3931 = AXIS2_PLACEMENT_3D('',#3932,#3933,#3934);
#3932 = CARTESIAN_POINT('',(0.874207546674,-2.216135196884,
    -0.132812290871));
#3933 = DIRECTION('',(0.202584576967,-0.977493055323,-5.887967365936E-02
    ));
#3934 = DIRECTION('',(-0.979191867972,-0.202936654396,0.));
#3935 = DEFINITIONAL_REPRESENTATION('',(#3936),#3940);
#3936 = LINE('',#3937,#3938);
#3937 = CARTESIAN_POINT('',(-0.564484067156,0.374310586695));
#3938 = VECTOR('',#3939,1.);
#3939 = DIRECTION('',(-0.273286033393,-0.961932816756));
#3940 = ( GEOMETRIC_REPRESENTATION_CONTEXT(2) 
PARAMETRIC_REPRESENTATION_CONTEXT() REPRESENTATION_CONTEXT('2D SPACE',''
  ) );
#3941 = ADVANCED_FACE('',(#3942),#3930,.T.);
#3942 = FACE_BOUND('',#3943,.T.);
#3943 = EDGE_LOOP('',(#3944,#3945,#3965));
#3944 = ORIENTED_EDGE('',*,*,#3916,.T.);
#3945 = ORIENTED_EDGE('',*,*,#3946,.T.);
#3946 = EDGE_CURVE('',#3813,#1176,#3947,.T.);
#3947 = SURFACE_CURVE('',#3948,(#3952,#3959),.PCURVE_S1.);
#3948 = LINE('',#3949,#3950);
#3949 = CARTESIAN_POINT('',(1.574035495629,-2.08,1.5E-02));
#3950 = VECTOR('',#3951,1.);
#3951 = DIRECTION('',(-0.979191867972,-0.202936654396,0.));
#3952 = PCURVE('',#3930,#3953);
#3953 = DEFINITIONAL_REPRESENTATION('',(#3954),#3958);
#3954 = LINE('',#3955,#3956);
#3955 = CARTESIAN_POINT('',(-0.712892657998,-0.148069178005));
#3956 = VECTOR('',#3957,1.);
#3957 = DIRECTION('',(1.,-1.033195043065E-19));
#3958 = ( GEOMETRIC_REPRESENTATION_CONTEXT(2) 
PARAMETRIC_REPRESENTATION_CONTEXT() REPRESENTATION_CONTEXT('2D SPACE',''
  ) );
#3959 = PCURVE('',#3660,#3960);
#3960 = DEFINITIONAL_REPRESENTATION('',(#3961),#3964);
#3961 = B_SPLINE_CURVE_WITH_KNOTS('',1,(#3962,#3963),.UNSPECIFIED.,.F.,
  .F.,(2,2),(0.,1.576846730587),.PIECEWISE_BEZIER_KNOTS.);
#3962 = CARTESIAN_POINT('',(-0.705525070197,0.15207468185));
#3963 = CARTESIAN_POINT('',(0.87132166039,0.15207468185));
#3964 = ( GEOMETRIC_REPRESENTATION_CONTEXT(2) 
PARAMETRIC_REPRESENTATION_CONTEXT() REPRESENTATION_CONTEXT('2D SPACE',''
  ) );
#3965 = ORIENTED_EDGE('',*,*,#3966,.T.);
#3966 = EDGE_CURVE('',#1176,#3865,#3967,.T.);
#3967 = SURFACE_CURVE('',#3968,(#3972,#3979),.PCURVE_S1.);
#3968 = LINE('',#3969,#3970);
#3969 = CARTESIAN_POINT('',(3.E-02,-2.4,1.5E-02));
#3970 = VECTOR('',#3971,1.);
#3971 = DIRECTION('',(0.91552317898,0.210393580513,-0.342858352718));
#3972 = PCURVE('',#3930,#3973);
#3973 = DEFINITIONAL_REPRESENTATION('',(#3974),#3978);
#3974 = LINE('',#3975,#3976);
#3975 = CARTESIAN_POINT('',(0.863954072589,-0.148069178005));
#3976 = VECTOR('',#3977,1.);
#3977 = DIRECTION('',(-0.939169421133,0.343454215884));
#3978 = ( GEOMETRIC_REPRESENTATION_CONTEXT(2) 
PARAMETRIC_REPRESENTATION_CONTEXT() REPRESENTATION_CONTEXT('2D SPACE',''
  ) );
#3979 = PCURVE('',#3980,#3985);
#3980 = PLANE('',#3981);
#3981 = AXIS2_PLACEMENT_3D('',#3982,#3983,#3984);
#3982 = CARTESIAN_POINT('',(0.739697428644,-2.215146882546,
    -0.410689720756));
#3983 = DIRECTION('',(0.17449631632,-0.975666584655,-0.132762009543));
#3984 = DIRECTION('',(-0.984380373894,-0.176054762768,0.));
#3985 = DEFINITIONAL_REPRESENTATION('',(#3986),#3989);
#3986 = B_SPLINE_CURVE_WITH_KNOTS('',1,(#3987,#3988),.UNSPECIFIED.,.F.,
  .F.,(2,2),(0.,1.520958953308),.PIECEWISE_BEZIER_KNOTS.);
#3987 = CARTESIAN_POINT('',(0.7311564919,-0.429491604069));
#3988 = CARTESIAN_POINT('',(-0.695904297844,9.663921618729E-02));
#3989 = ( GEOMETRIC_REPRESENTATION_CONTEXT(2) 
PARAMETRIC_REPRESENTATION_CONTEXT() REPRESENTATION_CONTEXT('2D SPACE',''
  ) );
#3990 = ADVANCED_FACE('',(#3991),#3980,.T.);
#3991 = FACE_BOUND('',#3992,.T.);
#3992 = EDGE_LOOP('',(#3993,#4014,#4015));
#3993 = ORIENTED_EDGE('',*,*,#3994,.T.);
#3994 = EDGE_CURVE('',#1009,#3865,#3995,.T.);
#3995 = SURFACE_CURVE('',#3996,(#4000,#4007),.PCURVE_S1.);
#3996 = LINE('',#3997,#3998);
#3997 = CARTESIAN_POINT('',(1.090047267366,-2.08,-0.943398899262));
#3998 = VECTOR('',#3999,1.);
#3999 = DIRECTION('',(0.605501823877,0.,0.795843917663));
#4000 = PCURVE('',#3980,#4001);
#4001 = DEFINITIONAL_REPRESENTATION('',(#4002),#4006);
#4002 = LINE('',#4003,#4004);
#4003 = CARTESIAN_POINT('',(-0.368670757581,0.53746686477));
#4004 = VECTOR('',#4005,1.);
#4005 = DIRECTION('',(-0.596044111781,-0.80295169021));
#4006 = ( GEOMETRIC_REPRESENTATION_CONTEXT(2) 
PARAMETRIC_REPRESENTATION_CONTEXT() REPRESENTATION_CONTEXT('2D SPACE',''
  ) );
#4007 = PCURVE('',#1024,#4008);
#4008 = DEFINITIONAL_REPRESENTATION('',(#4009),#4013);
#4009 = LINE('',#4010,#4011);
#4010 = CARTESIAN_POINT('',(0.706716956723,-0.145542911162));
#4011 = VECTOR('',#4012,1.);
#4012 = DIRECTION('',(-0.532129630641,-0.846662894069));
#4013 = ( GEOMETRIC_REPRESENTATION_CONTEXT(2) 
PARAMETRIC_REPRESENTATION_CONTEXT() REPRESENTATION_CONTEXT('2D SPACE',''
  ) );
#4014 = ORIENTED_EDGE('',*,*,#3966,.F.);
#4015 = ORIENTED_EDGE('',*,*,#4016,.F.);
#4016 = EDGE_CURVE('',#1009,#1176,#4017,.T.);
#4017 = SURFACE_CURVE('',#4018,(#4022,#4028),.PCURVE_S1.);
#4018 = LINE('',#4019,#4020);
#4019 = CARTESIAN_POINT('',(1.090047267366,-2.08,-0.943398899262));
#4020 = VECTOR('',#4021,1.);
#4021 = DIRECTION('',(-0.723850999136,-0.218511312518,0.654440629356));
#4022 = PCURVE('',#3980,#4023);
#4023 = DEFINITIONAL_REPRESENTATION('',(#4024),#4027);
#4024 = B_SPLINE_CURVE_WITH_KNOTS('',1,(#4025,#4026),.UNSPECIFIED.,.F.,
  .F.,(2,2),(0.,1.464455072427),.PIECEWISE_BEZIER_KNOTS.);
#4025 = CARTESIAN_POINT('',(-0.368670757581,0.53746686477));
#4026 = CARTESIAN_POINT('',(0.7311564919,-0.429491604069));
#4027 = ( GEOMETRIC_REPRESENTATION_CONTEXT(2) 
PARAMETRIC_REPRESENTATION_CONTEXT() REPRESENTATION_CONTEXT('2D SPACE',''
  ) );
#4028 = PCURVE('',#1052,#4029);
#4029 = DEFINITIONAL_REPRESENTATION('',(#4030),#4034);
#4030 = LINE('',#4031,#4032);
#4031 = CARTESIAN_POINT('',(0.325891923724,0.58449383379));
#4032 = VECTOR('',#4033,1.);
#4033 = DIRECTION('',(-0.683701253389,-0.729762013341));
#4034 = ( GEOMETRIC_REPRESENTATION_CONTEXT(2) 
PARAMETRIC_REPRESENTATION_CONTEXT() REPRESENTATION_CONTEXT('2D SPACE',''
  ) );
#4035 = ADVANCED_FACE('',(#4036),#3903,.T.);
#4036 = FACE_BOUND('',#4037,.T.);
#4037 = EDGE_LOOP('',(#4038,#4061,#4084,#4105));
#4038 = ORIENTED_EDGE('',*,*,#4039,.T.);
#4039 = EDGE_CURVE('',#3867,#4040,#4042,.T.);
#4040 = VERTEX_POINT('',#4041);
#4041 = CARTESIAN_POINT('',(2.877305548943,-0.72,-1.051300135933));
#4042 = SURFACE_CURVE('',#4043,(#4047,#4054),.PCURVE_S1.);
#4043 = LINE('',#4044,#4045);
#4044 = CARTESIAN_POINT('',(2.282523449321,-1.48,-0.828557538493));
#4045 = VECTOR('',#4046,1.);
#4046 = DIRECTION('',(0.600520462893,0.767332359344,-0.224891582658));
#4047 = PCURVE('',#3903,#4048);
#4048 = DEFINITIONAL_REPRESENTATION('',(#4049),#4053);
#4049 = LINE('',#4050,#4051);
#4050 = CARTESIAN_POINT('',(-0.705792231724,-0.244005648153));
#4051 = VECTOR('',#4052,1.);
#4052 = DIRECTION('',(0.973132420475,-0.230246155711));
#4053 = ( GEOMETRIC_REPRESENTATION_CONTEXT(2) 
PARAMETRIC_REPRESENTATION_CONTEXT() REPRESENTATION_CONTEXT('2D SPACE',''
  ) );
#4054 = PCURVE('',#966,#4055);
#4055 = DEFINITIONAL_REPRESENTATION('',(#4056),#4060);
#4056 = LINE('',#4057,#4058);
#4057 = CARTESIAN_POINT('',(0.357599945872,-0.740398505359));
#4058 = VECTOR('',#4059,1.);
#4059 = DIRECTION('',(-0.966885258031,0.255211476627));
#4060 = ( GEOMETRIC_REPRESENTATION_CONTEXT(2) 
PARAMETRIC_REPRESENTATION_CONTEXT() REPRESENTATION_CONTEXT('2D SPACE',''
  ) );
#4061 = ORIENTED_EDGE('',*,*,#4062,.T.);
#4062 = EDGE_CURVE('',#4040,#4063,#4065,.T.);
#4063 = VERTEX_POINT('',#4064);
#4064 = CARTESIAN_POINT('',(3.187217611188,-0.72,1.5E-02));
#4065 = SURFACE_CURVE('',#4066,(#4070,#4077),.PCURVE_S1.);
#4066 = LINE('',#4067,#4068);
#4067 = CARTESIAN_POINT('',(2.877305548943,-0.72,-1.051300135933));
#4068 = VECTOR('',#4069,1.);
#4069 = DIRECTION('',(0.279093446679,0.,0.960263947059));
#4070 = PCURVE('',#3903,#4071);
#4071 = DEFINITIONAL_REPRESENTATION('',(#4072),#4076);
#4072 = LINE('',#4073,#4074);
#4073 = CARTESIAN_POINT('',(0.258041276084,-0.472051652221));
#4074 = VECTOR('',#4075,1.);
#4075 = DIRECTION('',(0.182922029018,0.983127423735));
#4076 = ( GEOMETRIC_REPRESENTATION_CONTEXT(2) 
PARAMETRIC_REPRESENTATION_CONTEXT() REPRESENTATION_CONTEXT('2D SPACE',''
  ) );
#4077 = PCURVE('',#698,#4078);
#4078 = DEFINITIONAL_REPRESENTATION('',(#4079),#4083);
#4079 = LINE('',#4080,#4081);
#4080 = CARTESIAN_POINT('',(-0.621696460029,-0.382505086329));
#4081 = VECTOR('',#4082,1.);
#4082 = DIRECTION('',(0.120556194613,0.992706504431));
#4083 = ( GEOMETRIC_REPRESENTATION_CONTEXT(2) 
PARAMETRIC_REPRESENTATION_CONTEXT() REPRESENTATION_CONTEXT('2D SPACE',''
  ) );
#4084 = ORIENTED_EDGE('',*,*,#4085,.T.);
#4085 = EDGE_CURVE('',#4063,#3784,#4086,.T.);
#4086 = SURFACE_CURVE('',#4087,(#4091,#4098),.PCURVE_S1.);
#4087 = LINE('',#4088,#4089);
#4088 = CARTESIAN_POINT('',(3.187217611188,-0.72,1.5E-02));
#4089 = VECTOR('',#4090,1.);
#4090 = DIRECTION('',(-0.655414991624,-0.755268951272,0.));
#4091 = PCURVE('',#3903,#4092);
#4092 = DEFINITIONAL_REPRESENTATION('',(#4093),#4097);
#4093 = LINE('',#4094,#4095);
#4094 = CARTESIAN_POINT('',(0.461162287764,0.619636637003));
#4095 = VECTOR('',#4096,1.);
#4096 = DIRECTION('',(-1.,-9.300204408557E-17));
#4097 = ( GEOMETRIC_REPRESENTATION_CONTEXT(2) 
PARAMETRIC_REPRESENTATION_CONTEXT() REPRESENTATION_CONTEXT('2D SPACE',''
  ) );
#4098 = PCURVE('',#3799,#4099);
#4099 = DEFINITIONAL_REPRESENTATION('',(#4100),#4104);
#4100 = LINE('',#4101,#4102);
#4101 = CARTESIAN_POINT('',(0.438470301431,-0.628736637741));
#4102 = VECTOR('',#4103,1.);
#4103 = DIRECTION('',(-1.,-2.367264570502E-17));
#4104 = ( GEOMETRIC_REPRESENTATION_CONTEXT(2) 
PARAMETRIC_REPRESENTATION_CONTEXT() REPRESENTATION_CONTEXT('2D SPACE',''
  ) );
#4105 = ORIENTED_EDGE('',*,*,#3889,.T.);
#4106 = ADVANCED_FACE('',(#4107),#3799,.T.);
#4107 = FACE_BOUND('',#4108,.T.);
#4108 = EDGE_LOOP('',(#4109,#4132,#4153,#4154));
#4109 = ORIENTED_EDGE('',*,*,#4110,.T.);
#4110 = EDGE_CURVE('',#4063,#4111,#4113,.T.);
#4111 = VERTEX_POINT('',#4112);
#4112 = CARTESIAN_POINT('',(2.936131045447,-0.72,1.103329958107));
#4113 = SURFACE_CURVE('',#4114,(#4118,#4125),.PCURVE_S1.);
#4114 = LINE('',#4115,#4116);
#4115 = CARTESIAN_POINT('',(3.187217611188,-0.72,1.5E-02));
#4116 = VECTOR('',#4117,1.);
#4117 = DIRECTION('',(-0.224802976602,0.,0.974404239374));
#4118 = PCURVE('',#3799,#4119);
#4119 = DEFINITIONAL_REPRESENTATION('',(#4120),#4124);
#4120 = LINE('',#4121,#4122);
#4121 = CARTESIAN_POINT('',(0.438470301431,-0.628736637741));
#4122 = VECTOR('',#4123,1.);
#4123 = DIRECTION('',(-0.147339241027,0.989086016509));
#4124 = ( GEOMETRIC_REPRESENTATION_CONTEXT(2) 
PARAMETRIC_REPRESENTATION_CONTEXT() REPRESENTATION_CONTEXT('2D SPACE',''
  ) );
#4125 = PCURVE('',#670,#4126);
#4126 = DEFINITIONAL_REPRESENTATION('',(#4127),#4131);
#4127 = LINE('',#4128,#4129);
#4128 = CARTESIAN_POINT('',(-0.53121563879,-0.471149480111));
#4129 = VECTOR('',#4130,1.);
#4130 = DIRECTION('',(-9.710507974725E-02,0.995274134843));
#4131 = ( GEOMETRIC_REPRESENTATION_CONTEXT(2) 
PARAMETRIC_REPRESENTATION_CONTEXT() REPRESENTATION_CONTEXT('2D SPACE',''
  ) );
#4132 = ORIENTED_EDGE('',*,*,#4133,.T.);
#4133 = EDGE_CURVE('',#4111,#3705,#4134,.T.);
#4134 = SURFACE_CURVE('',#4135,(#4139,#4146),.PCURVE_S1.);
#4135 = LINE('',#4136,#4137);
#4136 = CARTESIAN_POINT('',(2.936131045447,-0.72,1.103329958107));
#4137 = VECTOR('',#4138,1.);
#4138 = DIRECTION('',(-0.60773315388,-0.760829796119,-0.227592695429));
#4139 = PCURVE('',#3799,#4140);
#4140 = DEFINITIONAL_REPRESENTATION('',(#4141),#4145);
#4141 = LINE('',#4142,#4143);
#4142 = CARTESIAN_POINT('',(0.273904402049,0.4759916664));
#4143 = VECTOR('',#4144,1.);
#4144 = DIRECTION('',(-0.972948542171,-0.231021934647));
#4145 = ( GEOMETRIC_REPRESENTATION_CONTEXT(2) 
PARAMETRIC_REPRESENTATION_CONTEXT() REPRESENTATION_CONTEXT('2D SPACE',''
  ) );
#4146 = PCURVE('',#3720,#4147);
#4147 = DEFINITIONAL_REPRESENTATION('',(#4148),#4152);
#4148 = LINE('',#4149,#4150);
#4149 = CARTESIAN_POINT('',(-0.614707847423,0.49209959809));
#4150 = VECTOR('',#4151,1.);
#4151 = DIRECTION('',(0.96588693102,0.258964160618));
#4152 = ( GEOMETRIC_REPRESENTATION_CONTEXT(2) 
PARAMETRIC_REPRESENTATION_CONTEXT() REPRESENTATION_CONTEXT('2D SPACE',''
  ) );
#4153 = ORIENTED_EDGE('',*,*,#3783,.T.);
#4154 = ORIENTED_EDGE('',*,*,#4085,.F.);
#4155 = ADVANCED_FACE('',(#4156),#3720,.T.);
#4156 = FACE_BOUND('',#4157,.T.);
#4157 = EDGE_LOOP('',(#4158,#4181,#4202,#4203));
#4158 = ORIENTED_EDGE('',*,*,#4159,.F.);
#4159 = EDGE_CURVE('',#4160,#4111,#4162,.T.);
#4160 = VERTEX_POINT('',#4161);
#4161 = CARTESIAN_POINT('',(2.232025863321,-0.72,2.005872698345));
#4162 = SURFACE_CURVE('',#4163,(#4167,#4174),.PCURVE_S1.);
#4163 = LINE('',#4164,#4165);
#4164 = CARTESIAN_POINT('',(2.232025863321,-0.72,2.005872698345));
#4165 = VECTOR('',#4166,1.);
#4166 = DIRECTION('',(0.615097975418,0.,-0.788450683706));
#4167 = PCURVE('',#3720,#4168);
#4168 = DEFINITIONAL_REPRESENTATION('',(#4169),#4173);
#4169 = LINE('',#4170,#4171);
#4170 = CARTESIAN_POINT('',(-0.109018155918,-0.534849982639));
#4171 = VECTOR('',#4172,1.);
#4172 = DIRECTION('',(-0.441764545029,0.897131030985));
#4173 = ( GEOMETRIC_REPRESENTATION_CONTEXT(2) 
PARAMETRIC_REPRESENTATION_CONTEXT() REPRESENTATION_CONTEXT('2D SPACE',''
  ) );
#4174 = PCURVE('',#642,#4175);
#4175 = DEFINITIONAL_REPRESENTATION('',(#4176),#4180);
#4176 = LINE('',#4177,#4178);
#4177 = CARTESIAN_POINT('',(0.747819233292,0.28428210014));
#4178 = VECTOR('',#4179,1.);
#4179 = DIRECTION('',(-1.,-2.775557561563E-17));
#4180 = ( GEOMETRIC_REPRESENTATION_CONTEXT(2) 
PARAMETRIC_REPRESENTATION_CONTEXT() REPRESENTATION_CONTEXT('2D SPACE',''
  ) );
#4181 = ORIENTED_EDGE('',*,*,#4182,.F.);
#4182 = EDGE_CURVE('',#3703,#4160,#4183,.T.);
#4183 = SURFACE_CURVE('',#4184,(#4188,#4195),.PCURVE_S1.);
#4184 = LINE('',#4185,#4186);
#4185 = CARTESIAN_POINT('',(1.772038150764,-1.48,1.589993396581));
#4186 = VECTOR('',#4187,1.);
#4187 = DIRECTION('',(0.468949554339,0.774806916725,0.423981788854));
#4188 = PCURVE('',#3720,#4189);
#4189 = DEFINITIONAL_REPRESENTATION('',(#4190),#4194);
#4190 = LINE('',#4191,#4192);
#4191 = CARTESIAN_POINT('',(0.750180314951,-6.164571702471E-02));
#4192 = VECTOR('',#4193,1.);
#4193 = DIRECTION('',(-0.87593805009,-0.48242360266));
#4194 = ( GEOMETRIC_REPRESENTATION_CONTEXT(2) 
PARAMETRIC_REPRESENTATION_CONTEXT() REPRESENTATION_CONTEXT('2D SPACE',''
  ) );
#4195 = PCURVE('',#3395,#4196);
#4196 = DEFINITIONAL_REPRESENTATION('',(#4197),#4201);
#4197 = LINE('',#4198,#4199);
#4198 = CARTESIAN_POINT('',(-0.709612726545,-6.48445535841E-02));
#4199 = VECTOR('',#4200,1.);
#4200 = DIRECTION('',(0.858086770356,-0.513504717155));
#4201 = ( GEOMETRIC_REPRESENTATION_CONTEXT(2) 
PARAMETRIC_REPRESENTATION_CONTEXT() REPRESENTATION_CONTEXT('2D SPACE',''
  ) );
#4202 = ORIENTED_EDGE('',*,*,#3702,.T.);
#4203 = ORIENTED_EDGE('',*,*,#4133,.F.);
#4204 = ADVANCED_FACE('',(#4205),#3660,.T.);
#4205 = FACE_BOUND('',#4206,.T.);
#4206 = EDGE_LOOP('',(#4207,#4208,#4209));
#4207 = ORIENTED_EDGE('',*,*,#3946,.F.);
#4208 = ORIENTED_EDGE('',*,*,#3812,.T.);
#4209 = ORIENTED_EDGE('',*,*,#3645,.T.);
#4210 = ADVANCED_FACE('',(#4211),#3553,.T.);
#4211 = FACE_BOUND('',#4212,.T.);
#4212 = EDGE_LOOP('',(#4213,#4214,#4237));
#4213 = ORIENTED_EDGE('',*,*,#3540,.T.);
#4214 = ORIENTED_EDGE('',*,*,#4215,.T.);
#4215 = EDGE_CURVE('',#3488,#4216,#4218,.T.);
#4216 = VERTEX_POINT('',#4217);
#4217 = CARTESIAN_POINT('',(-0.54922090003,-2.08,1.279273354281));
#4218 = SURFACE_CURVE('',#4219,(#4223,#4230),.PCURVE_S1.);
#4219 = LINE('',#4220,#4221);
#4220 = CARTESIAN_POINT('',(3.E-02,-2.08,1.378271171602));
#4221 = VECTOR('',#4222,1.);
#4222 = DIRECTION('',(-0.985706358659,0.,-0.168472474011));
#4223 = PCURVE('',#3553,#4224);
#4224 = DEFINITIONAL_REPRESENTATION('',(#4225),#4229);
#4225 = LINE('',#4226,#4227);
#4226 = CARTESIAN_POINT('',(-0.608111256381,0.170983166602));
#4227 = VECTOR('',#4228,1.);
#4228 = DIRECTION('',(0.164014620544,-0.986457907996));
#4229 = ( GEOMETRIC_REPRESENTATION_CONTEXT(2) 
PARAMETRIC_REPRESENTATION_CONTEXT() REPRESENTATION_CONTEXT('2D SPACE',''
  ) );
#4230 = PCURVE('',#3313,#4231);
#4231 = DEFINITIONAL_REPRESENTATION('',(#4232),#4236);
#4232 = LINE('',#4233,#4234);
#4233 = CARTESIAN_POINT('',(0.599329503393,0.495021057765));
#4234 = VECTOR('',#4235,1.);
#4235 = DIRECTION('',(0.137202465767,-0.990543024501));
#4236 = ( GEOMETRIC_REPRESENTATION_CONTEXT(2) 
PARAMETRIC_REPRESENTATION_CONTEXT() REPRESENTATION_CONTEXT('2D SPACE',''
  ) );
#4237 = ORIENTED_EDGE('',*,*,#4238,.F.);
#4238 = EDGE_CURVE('',#1176,#4216,#4239,.T.);
#4239 = SURFACE_CURVE('',#4240,(#4244,#4250),.PCURVE_S1.);
#4240 = LINE('',#4241,#4242);
#4241 = CARTESIAN_POINT('',(3.E-02,-2.4,1.5E-02));
#4242 = VECTOR('',#4243,1.);
#4243 = DIRECTION('',(-0.405905609701,0.224249151054,0.885975707492));
#4244 = PCURVE('',#3553,#4245);
#4245 = DEFINITIONAL_REPRESENTATION('',(#4246),#4249);
#4246 = B_SPLINE_CURVE_WITH_KNOTS('',1,(#4247,#4248),.UNSPECIFIED.,.F.,
  .F.,(2,2),(0.,1.426984220437),.PIECEWISE_BEZIER_KNOTS.);
#4247 = CARTESIAN_POINT('',(0.792213094376,0.170983166602));
#4248 = CARTESIAN_POINT('',(-0.5117329635,-0.408679358948));
#4249 = ( GEOMETRIC_REPRESENTATION_CONTEXT(2) 
PARAMETRIC_REPRESENTATION_CONTEXT() REPRESENTATION_CONTEXT('2D SPACE',''
  ) );
#4250 = PCURVE('',#4251,#4256);
#4251 = PLANE('',#4252);
#4252 = AXIS2_PLACEMENT_3D('',#4253,#4254,#4255);
#4253 = CARTESIAN_POINT('',(-0.461487006713,-2.213449928895,
    0.670758589481));
#4254 = DIRECTION('',(-0.104921032587,-0.974453526052,0.198574677351));
#4255 = DIRECTION('',(0.,-0.199676782102,-0.979861818161));
#4256 = DEFINITIONAL_REPRESENTATION('',(#4257),#4261);
#4257 = LINE('',#4258,#4259);
#4258 = CARTESIAN_POINT('',(0.679802521662,0.494214797448));
#4259 = VECTOR('',#4260,1.);
#4260 = DIRECTION('',(-0.91291111646,-0.408158417092));
#4261 = ( GEOMETRIC_REPRESENTATION_CONTEXT(2) 
PARAMETRIC_REPRESENTATION_CONTEXT() REPRESENTATION_CONTEXT('2D SPACE',''
  ) );
#4262 = ADVANCED_FACE('',(#4263),#4251,.T.);
#4263 = FACE_BOUND('',#4264,.T.);
#4264 = EDGE_LOOP('',(#4265,#4288,#4313));
#4265 = ORIENTED_EDGE('',*,*,#4266,.T.);
#4266 = EDGE_CURVE('',#4216,#4267,#4269,.T.);
#4267 = VERTEX_POINT('',#4268);
#4268 = CARTESIAN_POINT('',(-1.066222224708,-2.08,1.006105025078));
#4269 = SURFACE_CURVE('',#4270,(#4274,#4281),.PCURVE_S1.);
#4270 = LINE('',#4271,#4272);
#4271 = CARTESIAN_POINT('',(-0.54922090003,-2.08,1.279273354281));
#4272 = VECTOR('',#4273,1.);
#4273 = DIRECTION('',(-0.884168269298,0.,-0.467168568685));
#4274 = PCURVE('',#4251,#4275);
#4275 = DEFINITIONAL_REPRESENTATION('',(#4276),#4280);
#4276 = LINE('',#4277,#4278);
#4277 = CARTESIAN_POINT('',(-0.622907236188,-8.822082318097E-02));
#4278 = VECTOR('',#4279,1.);
#4279 = DIRECTION('',(0.457760643099,-0.889075471279));
#4280 = ( GEOMETRIC_REPRESENTATION_CONTEXT(2) 
PARAMETRIC_REPRESENTATION_CONTEXT() REPRESENTATION_CONTEXT('2D SPACE',''
  ) );
#4281 = PCURVE('',#3255,#4282);
#4282 = DEFINITIONAL_REPRESENTATION('',(#4283),#4287);
#4283 = LINE('',#4284,#4285);
#4284 = CARTESIAN_POINT('',(0.497745663895,0.536905049411));
#4285 = VECTOR('',#4286,1.);
#4286 = DIRECTION('',(0.397292393341,-0.917692080272));
#4287 = ( GEOMETRIC_REPRESENTATION_CONTEXT(2) 
PARAMETRIC_REPRESENTATION_CONTEXT() REPRESENTATION_CONTEXT('2D SPACE',''
  ) );
#4288 = ORIENTED_EDGE('',*,*,#4289,.T.);
#4289 = EDGE_CURVE('',#4267,#1176,#4290,.T.);
#4290 = SURFACE_CURVE('',#4291,(#4295,#4302),.PCURVE_S1.);
#4291 = LINE('',#4292,#4293);
#4292 = CARTESIAN_POINT('',(-1.066222224708,-2.08,1.006105025078));
#4293 = VECTOR('',#4294,1.);
#4294 = DIRECTION('',(0.724975324048,-0.211628717669,-0.65545714229));
#4295 = PCURVE('',#4251,#4296);
#4296 = DEFINITIONAL_REPRESENTATION('',(#4297),#4301);
#4297 = LINE('',#4298,#4299);
#4298 = CARTESIAN_POINT('',(-0.355240020472,-0.608091545023));
#4299 = VECTOR('',#4300,1.);
#4300 = DIRECTION('',(0.684514768515,0.728998992924));
#4301 = ( GEOMETRIC_REPRESENTATION_CONTEXT(2) 
PARAMETRIC_REPRESENTATION_CONTEXT() REPRESENTATION_CONTEXT('2D SPACE',''
  ) );
#4302 = PCURVE('',#4303,#4308);
#4303 = PLANE('',#4304);
#4304 = AXIS2_PLACEMENT_3D('',#4305,#4306,#4307);
#4305 = CARTESIAN_POINT('',(-0.69902766877,-2.215172439244,
    0.453977008159));
#4306 = DIRECTION('',(-0.17292587924,-0.977072321725,0.12420273108));
#4307 = DIRECTION('',(-0.98469696552,0.174275316946,3.469446951954E-18)
  );
#4308 = DEFINITIONAL_REPRESENTATION('',(#4309),#4312);
#4309 = B_SPLINE_CURVE_WITH_KNOTS('',1,(#4310,#4311),.UNSPECIFIED.,.F.,
  .F.,(2,2),(0.,1.512082119688),.PIECEWISE_BEZIER_KNOTS.);
#4310 = CARTESIAN_POINT('',(0.385132584679,-0.556436581766));
#4311 = CARTESIAN_POINT('',(-0.750082214949,0.442402592168));
#4312 = ( GEOMETRIC_REPRESENTATION_CONTEXT(2) 
PARAMETRIC_REPRESENTATION_CONTEXT() REPRESENTATION_CONTEXT('2D SPACE',''
  ) );
#4313 = ORIENTED_EDGE('',*,*,#4238,.T.);
#4314 = ADVANCED_FACE('',(#4315),#4303,.T.);
#4315 = FACE_BOUND('',#4316,.T.);
#4316 = EDGE_LOOP('',(#4317,#4318,#4339));
#4317 = ORIENTED_EDGE('',*,*,#4289,.F.);
#4318 = ORIENTED_EDGE('',*,*,#4319,.T.);
#4319 = EDGE_CURVE('',#4267,#1554,#4320,.T.);
#4320 = SURFACE_CURVE('',#4321,(#4325,#4332),.PCURVE_S1.);
#4321 = LINE('',#4322,#4323);
#4322 = CARTESIAN_POINT('',(-1.066222224708,-2.08,1.006105025078));
#4323 = VECTOR('',#4324,1.);
#4324 = DIRECTION('',(-0.583364272888,0.,-0.812210640855));
#4325 = PCURVE('',#4303,#4326);
#4326 = DEFINITIONAL_REPRESENTATION('',(#4327),#4331);
#4327 = LINE('',#4328,#4329);
#4328 = CARTESIAN_POINT('',(0.385132584679,-0.556436581766));
#4329 = VECTOR('',#4330,1.);
#4330 = DIRECTION('',(0.574437029306,0.81854877641));
#4331 = ( GEOMETRIC_REPRESENTATION_CONTEXT(2) 
PARAMETRIC_REPRESENTATION_CONTEXT() REPRESENTATION_CONTEXT('2D SPACE',''
  ) );
#4332 = PCURVE('',#1597,#4333);
#4333 = DEFINITIONAL_REPRESENTATION('',(#4334),#4338);
#4334 = LINE('',#4335,#4336);
#4335 = CARTESIAN_POINT('',(-0.81020320648,-2.300956698376E-03));
#4336 = VECTOR('',#4337,1.);
#4337 = DIRECTION('',(0.513889450115,0.857856417509));
#4338 = ( GEOMETRIC_REPRESENTATION_CONTEXT(2) 
PARAMETRIC_REPRESENTATION_CONTEXT() REPRESENTATION_CONTEXT('2D SPACE',''
  ) );
#4339 = ORIENTED_EDGE('',*,*,#4340,.T.);
#4340 = EDGE_CURVE('',#1554,#1176,#4341,.T.);
#4341 = SURFACE_CURVE('',#4342,(#4346,#4353),.PCURVE_S1.);
#4342 = LINE('',#4343,#4344);
#4343 = CARTESIAN_POINT('',(-1.394828684606,-2.08,0.54859043979));
#4344 = VECTOR('',#4345,1.);
#4345 = DIRECTION('',(0.916434368283,-0.205820531983,-0.343199588058));
#4346 = PCURVE('',#4303,#4347);
#4347 = DEFINITIONAL_REPRESENTATION('',(#4348),#4352);
#4348 = LINE('',#4349,#4350);
#4349 = CARTESIAN_POINT('',(0.70871036859,-9.535175334785E-02));
#4350 = VECTOR('',#4351,1.);
#4351 = DIRECTION('',(-0.938279579992,0.345877767095));
#4352 = ( GEOMETRIC_REPRESENTATION_CONTEXT(2) 
PARAMETRIC_REPRESENTATION_CONTEXT() REPRESENTATION_CONTEXT('2D SPACE',''
  ) );
#4353 = PCURVE('',#1569,#4354);
#4354 = DEFINITIONAL_REPRESENTATION('',(#4355),#4358);
#4355 = B_SPLINE_CURVE_WITH_KNOTS('',1,(#4356,#4357),.UNSPECIFIED.,.F.,
  .F.,(2,2),(0.,1.554752564851),.PIECEWISE_BEZIER_KNOTS.);
#4356 = CARTESIAN_POINT('',(0.599134704231,-0.379990201903));
#4357 = CARTESIAN_POINT('',(-0.861090003461,0.153863093446));
#4358 = ( GEOMETRIC_REPRESENTATION_CONTEXT(2) 
PARAMETRIC_REPRESENTATION_CONTEXT() REPRESENTATION_CONTEXT('2D SPACE',''
  ) );
#4359 = ADVANCED_FACE('',(#4360),#3474,.T.);
#4360 = FACE_BOUND('',#4361,.T.);
#4361 = EDGE_LOOP('',(#4362,#4363,#4384,#4385));
#4362 = ORIENTED_EDGE('',*,*,#3732,.F.);
#4363 = ORIENTED_EDGE('',*,*,#4364,.F.);
#4364 = EDGE_CURVE('',#3378,#3703,#4365,.T.);
#4365 = SURFACE_CURVE('',#4366,(#4370,#4377),.PCURVE_S1.);
#4366 = LINE('',#4367,#4368);
#4367 = CARTESIAN_POINT('',(0.972774576985,-1.48,2.072806920837));
#4368 = VECTOR('',#4369,1.);
#4369 = DIRECTION('',(0.855951035303,0.,-0.517056887744));
#4370 = PCURVE('',#3474,#4371);
#4371 = DEFINITIONAL_REPRESENTATION('',(#4372),#4376);
#4372 = LINE('',#4373,#4374);
#4373 = CARTESIAN_POINT('',(-0.569743257769,-0.308487293465));
#4374 = VECTOR('',#4375,1.);
#4375 = DIRECTION('',(0.443741095618,0.896155031264));
#4376 = ( GEOMETRIC_REPRESENTATION_CONTEXT(2) 
PARAMETRIC_REPRESENTATION_CONTEXT() REPRESENTATION_CONTEXT('2D SPACE',''
  ) );
#4377 = PCURVE('',#3395,#4378);
#4378 = DEFINITIONAL_REPRESENTATION('',(#4379),#4383);
#4379 = LINE('',#4380,#4381);
#4380 = CARTESIAN_POINT('',(-0.384109245741,0.81035750512));
#4381 = VECTOR('',#4382,1.);
#4382 = DIRECTION('',(-0.34858968997,-0.937275428061));
#4383 = ( GEOMETRIC_REPRESENTATION_CONTEXT(2) 
PARAMETRIC_REPRESENTATION_CONTEXT() REPRESENTATION_CONTEXT('2D SPACE',''
  ) );
#4384 = ORIENTED_EDGE('',*,*,#3458,.F.);
#4385 = ORIENTED_EDGE('',*,*,#3593,.F.);
#4386 = ADVANCED_FACE('',(#4387),#3395,.T.);
#4387 = FACE_BOUND('',#4388,.T.);
#4388 = EDGE_LOOP('',(#4389,#4410,#4411,#4412));
#4389 = ORIENTED_EDGE('',*,*,#4390,.F.);
#4390 = EDGE_CURVE('',#3380,#4160,#4391,.T.);
#4391 = SURFACE_CURVE('',#4392,(#4396,#4403),.PCURVE_S1.);
#4392 = LINE('',#4393,#4394);
#4393 = CARTESIAN_POINT('',(1.221715578038,-0.72,2.616173837333));
#4394 = VECTOR('',#4395,1.);
#4395 = DIRECTION('',(0.855951035303,0.,-0.517056887744));
#4396 = PCURVE('',#3395,#4397);
#4397 = DEFINITIONAL_REPRESENTATION('',(#4398),#4402);
#4398 = LINE('',#4399,#4400);
#4399 = CARTESIAN_POINT('',(0.543528760058,0.537764478533));
#4400 = VECTOR('',#4401,1.);
#4401 = DIRECTION('',(-0.34858968997,-0.937275428061));
#4402 = ( GEOMETRIC_REPRESENTATION_CONTEXT(2) 
PARAMETRIC_REPRESENTATION_CONTEXT() REPRESENTATION_CONTEXT('2D SPACE',''
  ) );
#4403 = PCURVE('',#614,#4404);
#4404 = DEFINITIONAL_REPRESENTATION('',(#4405),#4409);
#4405 = LINE('',#4406,#4407);
#4406 = CARTESIAN_POINT('',(-0.483333515984,-0.569130468559));
#4407 = VECTOR('',#4408,1.);
#4408 = DIRECTION('',(1.,-1.665334536938E-16));
#4409 = ( GEOMETRIC_REPRESENTATION_CONTEXT(2) 
PARAMETRIC_REPRESENTATION_CONTEXT() REPRESENTATION_CONTEXT('2D SPACE',''
  ) );
#4410 = ORIENTED_EDGE('',*,*,#3377,.F.);
#4411 = ORIENTED_EDGE('',*,*,#4364,.T.);
#4412 = ORIENTED_EDGE('',*,*,#4182,.T.);
#4413 = ADVANCED_FACE('',(#4414),#3313,.T.);
#4414 = FACE_BOUND('',#4415,.T.);
#4415 = EDGE_LOOP('',(#4416,#4417,#4438,#4439));
#4416 = ORIENTED_EDGE('',*,*,#3297,.F.);
#4417 = ORIENTED_EDGE('',*,*,#4418,.T.);
#4418 = EDGE_CURVE('',#3240,#4216,#4419,.T.);
#4419 = SURFACE_CURVE('',#4420,(#4424,#4431),.PCURVE_S1.);
#4420 = LINE('',#4421,#4422);
#4421 = CARTESIAN_POINT('',(-0.906972203209,-1.48,2.0601420005));
#4422 = VECTOR('',#4423,1.);
#4423 = DIRECTION('',(0.341453144193,-0.57266566102,-0.745294432428));
#4424 = PCURVE('',#3313,#4425);
#4425 = DEFINITIONAL_REPRESENTATION('',(#4426),#4430);
#4426 = LINE('',#4427,#4428);
#4427 = CARTESIAN_POINT('',(-0.304169894072,-0.446548682439));
#4428 = VECTOR('',#4429,1.);
#4429 = DIRECTION('',(0.939288439561,0.343128587133));
#4430 = ( GEOMETRIC_REPRESENTATION_CONTEXT(2) 
PARAMETRIC_REPRESENTATION_CONTEXT() REPRESENTATION_CONTEXT('2D SPACE',''
  ) );
#4431 = PCURVE('',#3255,#4432);
#4432 = DEFINITIONAL_REPRESENTATION('',(#4433),#4437);
#4433 = LINE('',#4434,#4435);
#4434 = CARTESIAN_POINT('',(-0.481982108067,0.165589374518));
#4435 = VECTOR('',#4436,1.);
#4436 = DIRECTION('',(0.935094086917,0.354399560684));
#4437 = ( GEOMETRIC_REPRESENTATION_CONTEXT(2) 
PARAMETRIC_REPRESENTATION_CONTEXT() REPRESENTATION_CONTEXT('2D SPACE',''
  ) );
#4438 = ORIENTED_EDGE('',*,*,#4215,.F.);
#4439 = ORIENTED_EDGE('',*,*,#3487,.T.);
#4440 = ADVANCED_FACE('',(#4441),#3255,.T.);
#4441 = FACE_BOUND('',#4442,.T.);
#4442 = EDGE_LOOP('',(#4443,#4444,#4445,#4466));
#4443 = ORIENTED_EDGE('',*,*,#4418,.F.);
#4444 = ORIENTED_EDGE('',*,*,#3239,.F.);
#4445 = ORIENTED_EDGE('',*,*,#4446,.T.);
#4446 = EDGE_CURVE('',#3164,#4267,#4447,.T.);
#4447 = SURFACE_CURVE('',#4448,(#4452,#4459),.PCURVE_S1.);
#4448 = LINE('',#4449,#4450);
#4449 = CARTESIAN_POINT('',(-1.743295392203,-1.48,1.618253368293));
#4450 = VECTOR('',#4451,1.);
#4451 = DIRECTION('',(0.619851151879,-0.549291729435,-0.560413370192));
#4452 = PCURVE('',#3255,#4453);
#4453 = DEFINITIONAL_REPRESENTATION('',(#4454),#4458);
#4454 = LINE('',#4455,#4456);
#4455 = CARTESIAN_POINT('',(-0.106188435188,-0.70244354833));
#4456 = VECTOR('',#4457,1.);
#4457 = DIRECTION('',(0.765569493213,0.643353208635));
#4458 = ( GEOMETRIC_REPRESENTATION_CONTEXT(2) 
PARAMETRIC_REPRESENTATION_CONTEXT() REPRESENTATION_CONTEXT('2D SPACE',''
  ) );
#4459 = PCURVE('',#1597,#4460);
#4460 = DEFINITIONAL_REPRESENTATION('',(#4461),#4465);
#4461 = LINE('',#4462,#4463);
#4462 = CARTESIAN_POINT('',(7.020909392059E-02,-0.648851689082));
#4463 = VECTOR('',#4464,1.);
#4464 = DIRECTION('',(-0.806005325171,0.591908283263));
#4465 = ( GEOMETRIC_REPRESENTATION_CONTEXT(2) 
PARAMETRIC_REPRESENTATION_CONTEXT() REPRESENTATION_CONTEXT('2D SPACE',''
  ) );
#4466 = ORIENTED_EDGE('',*,*,#4266,.F.);
#4467 = ADVANCED_FACE('',(#4468),#1597,.T.);
#4468 = FACE_BOUND('',#4469,.T.);
#4469 = EDGE_LOOP('',(#4470,#4471,#4472,#4473));
#4470 = ORIENTED_EDGE('',*,*,#3163,.F.);
#4471 = ORIENTED_EDGE('',*,*,#1581,.T.);
#4472 = ORIENTED_EDGE('',*,*,#4319,.F.);
#4473 = ORIENTED_EDGE('',*,*,#4446,.F.);
#4474 = ADVANCED_FACE('',(#4475),#1569,.T.);
#4475 = FACE_BOUND('',#4476,.T.);
#4476 = EDGE_LOOP('',(#4477,#4478,#4479));
#4477 = ORIENTED_EDGE('',*,*,#4340,.F.);
#4478 = ORIENTED_EDGE('',*,*,#1553,.T.);
#4479 = ORIENTED_EDGE('',*,*,#4480,.F.);
#4480 = EDGE_CURVE('',#1176,#1502,#4481,.T.);
#4481 = SURFACE_CURVE('',#4482,(#4486,#4492),.PCURVE_S1.);
#4482 = LINE('',#4483,#4484);
#4483 = CARTESIAN_POINT('',(3.E-02,-2.4,1.5E-02));
#4484 = VECTOR('',#4485,1.);
#4485 = DIRECTION('',(-0.978145028669,0.207923791062,1.082070844708E-16)
  );
#4486 = PCURVE('',#1569,#4487);
#4487 = DEFINITIONAL_REPRESENTATION('',(#4488),#4491);
#4488 = B_SPLINE_CURVE_WITH_KNOTS('',1,(#4489,#4490),.UNSPECIFIED.,.F.,
  .F.,(2,2),(0.,1.539025420638),.PIECEWISE_BEZIER_KNOTS.);
#4489 = CARTESIAN_POINT('',(-0.861090003461,0.153863093446));
#4490 = CARTESIAN_POINT('',(0.677935417177,0.153863093446));
#4491 = ( GEOMETRIC_REPRESENTATION_CONTEXT(2) 
PARAMETRIC_REPRESENTATION_CONTEXT() REPRESENTATION_CONTEXT('2D SPACE',''
  ) );
#4492 = PCURVE('',#1350,#4493);
#4493 = DEFINITIONAL_REPRESENTATION('',(#4494),#4498);
#4494 = LINE('',#4495,#4496);
#4495 = CARTESIAN_POINT('',(-0.853154338147,-0.14972915913));
#4496 = VECTOR('',#4497,1.);
#4497 = DIRECTION('',(1.,-1.049616813736E-16));
#4498 = ( GEOMETRIC_REPRESENTATION_CONTEXT(2) 
PARAMETRIC_REPRESENTATION_CONTEXT() REPRESENTATION_CONTEXT('2D SPACE',''
  ) );
#4499 = ADVANCED_FACE('',(#4500),#1488,.T.);
#4500 = FACE_BOUND('',#4501,.T.);
#4501 = EDGE_LOOP('',(#4502,#4503,#4524,#4525));
#4502 = ORIENTED_EDGE('',*,*,#1801,.T.);
#4503 = ORIENTED_EDGE('',*,*,#4504,.T.);
#4504 = EDGE_CURVE('',#1802,#1394,#4505,.T.);
#4505 = SURFACE_CURVE('',#4506,(#4510,#4517),.PCURVE_S1.);
#4506 = LINE('',#4507,#4508);
#4507 = CARTESIAN_POINT('',(-2.824640047971,-0.72,-1.054046865139));
#4508 = VECTOR('',#4509,1.);
#4509 = DIRECTION('',(0.601429834246,-0.766519822873,0.225232137186));
#4510 = PCURVE('',#1488,#4511);
#4511 = DEFINITIONAL_REPRESENTATION('',(#4512),#4516);
#4512 = LINE('',#4513,#4514);
#4513 = CARTESIAN_POINT('',(-0.279771953314,-0.464954218811));
#4514 = VECTOR('',#4515,1.);
#4515 = DIRECTION('',(0.973641405094,0.2280842263));
#4516 = ( GEOMETRIC_REPRESENTATION_CONTEXT(2) 
PARAMETRIC_REPRESENTATION_CONTEXT() REPRESENTATION_CONTEXT('2D SPACE',''
  ) );
#4517 = PCURVE('',#1409,#4518);
#4518 = DEFINITIONAL_REPRESENTATION('',(#4519),#4523);
#4519 = LINE('',#4520,#4521);
#4520 = CARTESIAN_POINT('',(-0.488187483252,0.28629908584));
#4521 = VECTOR('',#4522,1.);
#4522 = DIRECTION('',(0.967859704907,0.251490738632));
#4523 = ( GEOMETRIC_REPRESENTATION_CONTEXT(2) 
PARAMETRIC_REPRESENTATION_CONTEXT() REPRESENTATION_CONTEXT('2D SPACE',''
  ) );
#4524 = ORIENTED_EDGE('',*,*,#1472,.T.);
#4525 = ORIENTED_EDGE('',*,*,#1695,.F.);
#4526 = ADVANCED_FACE('',(#4527),#1409,.T.);
#4527 = FACE_BOUND('',#4528,.T.);
#4528 = EDGE_LOOP('',(#4529,#4530,#4531,#4532));
#4529 = ORIENTED_EDGE('',*,*,#4504,.F.);
#4530 = ORIENTED_EDGE('',*,*,#1939,.F.);
#4531 = ORIENTED_EDGE('',*,*,#2099,.T.);
#4532 = ORIENTED_EDGE('',*,*,#1391,.T.);
#4533 = ADVANCED_FACE('',(#4534),#1350,.T.);
#4534 = FACE_BOUND('',#4535,.T.);
#4535 = EDGE_LOOP('',(#4536,#4537,#4538));
#4536 = ORIENTED_EDGE('',*,*,#1501,.T.);
#4537 = ORIENTED_EDGE('',*,*,#1334,.F.);
#4538 = ORIENTED_EDGE('',*,*,#4480,.T.);
#4539 = ADVANCED_FACE('',(#4540),#1293,.T.);
#4540 = FACE_BOUND('',#4541,.T.);
#4541 = EDGE_LOOP('',(#4542,#4543,#4564,#4565));
#4542 = ORIENTED_EDGE('',*,*,#2078,.F.);
#4543 = ORIENTED_EDGE('',*,*,#4544,.F.);
#4544 = EDGE_CURVE('',#1226,#2051,#4545,.T.);
#4545 = SURFACE_CURVE('',#4546,(#4550,#4557),.PCURVE_S1.);
#4546 = LINE('',#4547,#4548);
#4547 = CARTESIAN_POINT('',(-0.554156807323,-2.08,-1.260047026415));
#4548 = VECTOR('',#4549,1.);
#4549 = DIRECTION('',(-0.342399238322,0.569400177209,-0.747359484981));
#4550 = PCURVE('',#1293,#4551);
#4551 = DEFINITIONAL_REPRESENTATION('',(#4552),#4556);
#4552 = LINE('',#4553,#4554);
#4553 = CARTESIAN_POINT('',(-0.412879491637,0.686835081254));
#4554 = VECTOR('',#4555,1.);
#4555 = DIRECTION('',(0.933556155112,-0.358431172267));
#4556 = ( GEOMETRIC_REPRESENTATION_CONTEXT(2) 
PARAMETRIC_REPRESENTATION_CONTEXT() REPRESENTATION_CONTEXT('2D SPACE',''
  ) );
#4557 = PCURVE('',#1111,#4558);
#4558 = DEFINITIONAL_REPRESENTATION('',(#4559),#4563);
#4559 = LINE('',#4560,#4561);
#4560 = CARTESIAN_POINT('',(-0.720674320839,-0.262876116951));
#4561 = VECTOR('',#4562,1.);
#4562 = DIRECTION('',(0.93871194348,-0.344702606849));
#4563 = ( GEOMETRIC_REPRESENTATION_CONTEXT(2) 
PARAMETRIC_REPRESENTATION_CONTEXT() REPRESENTATION_CONTEXT('2D SPACE',''
  ) );
#4564 = ORIENTED_EDGE('',*,*,#1277,.F.);
#4565 = ORIENTED_EDGE('',*,*,#1421,.T.);
#4566 = ADVANCED_FACE('',(#4567),#1111,.T.);
#4567 = FACE_BOUND('',#4568,.T.);
#4568 = EDGE_LOOP('',(#4569,#4570,#4571,#4572));
#4569 = ORIENTED_EDGE('',*,*,#1093,.T.);
#4570 = ORIENTED_EDGE('',*,*,#1252,.F.);
#4571 = ORIENTED_EDGE('',*,*,#4544,.T.);
#4572 = ORIENTED_EDGE('',*,*,#2167,.F.);
#4573 = ADVANCED_FACE('',(#4574),#1052,.T.);
#4574 = FACE_BOUND('',#4575,.T.);
#4575 = EDGE_LOOP('',(#4576,#4577,#4578));
#4576 = ORIENTED_EDGE('',*,*,#1175,.F.);
#4577 = ORIENTED_EDGE('',*,*,#1036,.T.);
#4578 = ORIENTED_EDGE('',*,*,#4016,.T.);
#4579 = ADVANCED_FACE('',(#4580),#1024,.T.);
#4580 = FACE_BOUND('',#4581,.T.);
#4581 = EDGE_LOOP('',(#4582,#4583,#4604,#4605));
#4582 = ORIENTED_EDGE('',*,*,#1008,.F.);
#4583 = ORIENTED_EDGE('',*,*,#4584,.F.);
#4584 = EDGE_CURVE('',#3867,#951,#4585,.T.);
#4585 = SURFACE_CURVE('',#4586,(#4590,#4597),.PCURVE_S1.);
#4586 = LINE('',#4587,#4588);
#4587 = CARTESIAN_POINT('',(2.282523449321,-1.48,-0.828557538493));
#4588 = VECTOR('',#4589,1.);
#4589 = DIRECTION('',(-0.605501823877,0.,-0.795843917663));
#4590 = PCURVE('',#1024,#4591);
#4591 = DEFINITIONAL_REPRESENTATION('',(#4592),#4596);
#4592 = LINE('',#4593,#4594);
#4593 = CARTESIAN_POINT('',(-0.627547390313,-0.267717519411));
#4594 = VECTOR('',#4595,1.);
#4595 = DIRECTION('',(0.532129630641,0.846662894069));
#4596 = ( GEOMETRIC_REPRESENTATION_CONTEXT(2) 
PARAMETRIC_REPRESENTATION_CONTEXT() REPRESENTATION_CONTEXT('2D SPACE',''
  ) );
#4597 = PCURVE('',#966,#4598);
#4598 = DEFINITIONAL_REPRESENTATION('',(#4599),#4603);
#4599 = LINE('',#4600,#4601);
#4600 = CARTESIAN_POINT('',(0.357599945872,-0.740398505359));
#4601 = VECTOR('',#4602,1.);
#4602 = DIRECTION('',(0.429346950132,0.903139632843));
#4603 = ( GEOMETRIC_REPRESENTATION_CONTEXT(2) 
PARAMETRIC_REPRESENTATION_CONTEXT() REPRESENTATION_CONTEXT('2D SPACE',''
  ) );
#4604 = ORIENTED_EDGE('',*,*,#3864,.F.);
#4605 = ORIENTED_EDGE('',*,*,#3994,.F.);
#4606 = ADVANCED_FACE('',(#4607),#966,.T.);
#4607 = FACE_BOUND('',#4608,.T.);
#4608 = EDGE_LOOP('',(#4609,#4630,#4631,#4632));
#4609 = ORIENTED_EDGE('',*,*,#4610,.F.);
#4610 = EDGE_CURVE('',#4040,#870,#4611,.T.);
#4611 = SURFACE_CURVE('',#4612,(#4616,#4623),.PCURVE_S1.);
#4612 = LINE('',#4613,#4614);
#4613 = CARTESIAN_POINT('',(2.877305548943,-0.72,-1.051300135933));
#4614 = VECTOR('',#4615,1.);
#4615 = DIRECTION('',(-0.605501823877,0.,-0.795843917663));
#4616 = PCURVE('',#966,#4617);
#4617 = DEFINITIONAL_REPRESENTATION('',(#4618),#4622);
#4618 = LINE('',#4619,#4620);
#4619 = CARTESIAN_POINT('',(-0.600046095189,-0.48762574024));
#4620 = VECTOR('',#4621,1.);
#4621 = DIRECTION('',(0.429346950132,0.903139632843));
#4622 = ( GEOMETRIC_REPRESENTATION_CONTEXT(2) 
PARAMETRIC_REPRESENTATION_CONTEXT() REPRESENTATION_CONTEXT('2D SPACE',''
  ) );
#4623 = PCURVE('',#726,#4624);
#4624 = DEFINITIONAL_REPRESENTATION('',(#4625),#4629);
#4625 = LINE('',#4626,#4627);
#4626 = CARTESIAN_POINT('',(0.406902198167,0.570449309801));
#4627 = VECTOR('',#4628,1.);
#4628 = DIRECTION('',(-1.,-1.110223024625E-16));
#4629 = ( GEOMETRIC_REPRESENTATION_CONTEXT(2) 
PARAMETRIC_REPRESENTATION_CONTEXT() REPRESENTATION_CONTEXT('2D SPACE',''
  ) );
#4630 = ORIENTED_EDGE('',*,*,#4039,.F.);
#4631 = ORIENTED_EDGE('',*,*,#4584,.T.);
#4632 = ORIENTED_EDGE('',*,*,#950,.T.);
#4633 = ADVANCED_FACE('',(#4634),#937,.T.);
#4634 = FACE_BOUND('',#4635,.T.);
#4635 = EDGE_LOOP('',(#4636,#4657,#4658,#4659));
#4636 = ORIENTED_EDGE('',*,*,#4637,.F.);
#4637 = EDGE_CURVE('',#793,#2124,#4638,.T.);
#4638 = SURFACE_CURVE('',#4639,(#4643,#4650),.PCURVE_S1.);
#4639 = LINE('',#4640,#4641);
#4640 = CARTESIAN_POINT('',(1.231808437611,-0.72,-2.608203659508));
#4641 = VECTOR('',#4642,1.);
#4642 = DIRECTION('',(-0.98267006022,0.,-0.185363299355));
#4643 = PCURVE('',#937,#4644);
#4644 = DEFINITIONAL_REPRESENTATION('',(#4645),#4649);
#4645 = LINE('',#4646,#4647);
#4646 = CARTESIAN_POINT('',(-0.259393119403,-0.5296339551));
#4647 = VECTOR('',#4648,1.);
#4648 = DIRECTION('',(-0.114305482926,0.993445648525));
#4649 = ( GEOMETRIC_REPRESENTATION_CONTEXT(2) 
PARAMETRIC_REPRESENTATION_CONTEXT() REPRESENTATION_CONTEXT('2D SPACE',''
  ) );
#4650 = PCURVE('',#808,#4651);
#4651 = DEFINITIONAL_REPRESENTATION('',(#4652),#4656);
#4652 = LINE('',#4653,#4654);
#4653 = CARTESIAN_POINT('',(0.604410135401,-0.430738844381));
#4654 = VECTOR('',#4655,1.);
#4655 = DIRECTION('',(-7.355728188115E-02,0.997290993784));
#4656 = ( GEOMETRIC_REPRESENTATION_CONTEXT(2) 
PARAMETRIC_REPRESENTATION_CONTEXT() REPRESENTATION_CONTEXT('2D SPACE',''
  ) );
#4657 = ORIENTED_EDGE('',*,*,#921,.T.);
#4658 = ORIENTED_EDGE('',*,*,#1123,.T.);
#4659 = ORIENTED_EDGE('',*,*,#2146,.F.);
#4660 = ADVANCED_FACE('',(#4661),#836,.T.);
#4661 = FACE_BOUND('',#4662,.T.);
#4662 = EDGE_LOOP('',(#4663,#4664,#4665,#4686));
#4663 = ORIENTED_EDGE('',*,*,#3027,.F.);
#4664 = ORIENTED_EDGE('',*,*,#2958,.F.);
#4665 = ORIENTED_EDGE('',*,*,#4666,.F.);
#4666 = EDGE_CURVE('',#821,#2934,#4667,.T.);
#4667 = SURFACE_CURVE('',#4668,(#4672,#4679),.PCURVE_S1.);
#4668 = LINE('',#4669,#4670);
#4669 = CARTESIAN_POINT('',(2.29,5.E-02,-2.284067376065));
#4670 = VECTOR('',#4671,1.);
#4671 = DIRECTION('',(0.,0.973095695692,-0.230401317327));
#4672 = PCURVE('',#836,#4673);
#4673 = DEFINITIONAL_REPRESENTATION('',(#4674),#4678);
#4674 = LINE('',#4675,#4676);
#4675 = CARTESIAN_POINT('',(-0.582869518213,-0.491899124661));
#4676 = VECTOR('',#4677,1.);
#4677 = DIRECTION('',(0.130465827617,0.991452806655));
#4678 = ( GEOMETRIC_REPRESENTATION_CONTEXT(2) 
PARAMETRIC_REPRESENTATION_CONTEXT() REPRESENTATION_CONTEXT('2D SPACE',''
  ) );
#4679 = PCURVE('',#72,#4680);
#4680 = DEFINITIONAL_REPRESENTATION('',(#4681),#4685);
#4681 = LINE('',#4682,#4683);
#4682 = CARTESIAN_POINT('',(7.715932623935,-5.E-02));
#4683 = VECTOR('',#4684,1.);
#4684 = DIRECTION('',(-0.230401317327,-0.973095695692));
#4685 = ( GEOMETRIC_REPRESENTATION_CONTEXT(2) 
PARAMETRIC_REPRESENTATION_CONTEXT() REPRESENTATION_CONTEXT('2D SPACE',''
  ) );
#4686 = ORIENTED_EDGE('',*,*,#820,.F.);
#4687 = ADVANCED_FACE('',(#4688),#808,.T.);
#4688 = FACE_BOUND('',#4689,.T.);
#4689 = EDGE_LOOP('',(#4690,#4691,#4692,#4693));
#4690 = ORIENTED_EDGE('',*,*,#3004,.T.);
#4691 = ORIENTED_EDGE('',*,*,#790,.T.);
#4692 = ORIENTED_EDGE('',*,*,#4637,.T.);
#4693 = ORIENTED_EDGE('',*,*,#2192,.F.);
#4694 = ADVANCED_FACE('',(#4695),#726,.T.);
#4695 = FACE_BOUND('',#4696,.T.);
#4696 = EDGE_LOOP('',(#4697,#4718,#4719,#4720));
#4697 = ORIENTED_EDGE('',*,*,#4698,.T.);
#4698 = EDGE_CURVE('',#683,#4040,#4699,.T.);
#4699 = SURFACE_CURVE('',#4700,(#4704,#4711),.PCURVE_S1.);
#4700 = LINE('',#4701,#4702);
#4701 = CARTESIAN_POINT('',(3.209891911245,5.E-02,-1.175851883975));
#4702 = VECTOR('',#4703,1.);
#4703 = DIRECTION('',(-0.392221945979,-0.908067595779,0.14688494337));
#4704 = PCURVE('',#726,#4705);
#4705 = DEFINITIONAL_REPRESENTATION('',(#4706),#4710);
#4706 = LINE('',#4707,#4708);
#4707 = CARTESIAN_POINT('',(0.509160096023,-0.271316779238));
#4708 = VECTOR('',#4709,1.);
#4709 = DIRECTION('',(-0.120593614878,0.992701959327));
#4710 = ( GEOMETRIC_REPRESENTATION_CONTEXT(2) 
PARAMETRIC_REPRESENTATION_CONTEXT() REPRESENTATION_CONTEXT('2D SPACE',''
  ) );
#4711 = PCURVE('',#698,#4712);
#4712 = DEFINITIONAL_REPRESENTATION('',(#4713),#4717);
#4713 = LINE('',#4714,#4715);
#4714 = CARTESIAN_POINT('',(0.216425104676,-0.511264820357));
#4715 = VECTOR('',#4716,1.);
#4716 = DIRECTION('',(-0.98840394056,0.151847457288));
#4717 = ( GEOMETRIC_REPRESENTATION_CONTEXT(2) 
PARAMETRIC_REPRESENTATION_CONTEXT() REPRESENTATION_CONTEXT('2D SPACE',''
  ) );
#4718 = ORIENTED_EDGE('',*,*,#4610,.T.);
#4719 = ORIENTED_EDGE('',*,*,#869,.F.);
#4720 = ORIENTED_EDGE('',*,*,#710,.F.);
#4721 = ADVANCED_FACE('',(#4722),#698,.T.);
#4722 = FACE_BOUND('',#4723,.T.);
#4723 = EDGE_LOOP('',(#4724,#4725,#4726,#4747));
#4724 = ORIENTED_EDGE('',*,*,#4698,.F.);
#4725 = ORIENTED_EDGE('',*,*,#682,.F.);
#4726 = ORIENTED_EDGE('',*,*,#4727,.T.);
#4727 = EDGE_CURVE('',#655,#4063,#4728,.T.);
#4728 = SURFACE_CURVE('',#4729,(#4733,#4740),.PCURVE_S1.);
#4729 = LINE('',#4730,#4731);
#4730 = CARTESIAN_POINT('',(3.556003996158,5.E-02,1.5E-02));
#4731 = VECTOR('',#4732,1.);
#4732 = DIRECTION('',(-0.431956378937,-0.90189449865,0.));
#4733 = PCURVE('',#698,#4734);
#4734 = DEFINITIONAL_REPRESENTATION('',(#4735),#4739);
#4735 = LINE('',#4736,#4737);
#4736 = CARTESIAN_POINT('',(0.365930427581,0.719820044026));
#4737 = VECTOR('',#4738,1.);
#4738 = DIRECTION('',(-1.,1.361552837975E-16));
#4739 = ( GEOMETRIC_REPRESENTATION_CONTEXT(2) 
PARAMETRIC_REPRESENTATION_CONTEXT() REPRESENTATION_CONTEXT('2D SPACE',''
  ) );
#4740 = PCURVE('',#670,#4741);
#4741 = DEFINITIONAL_REPRESENTATION('',(#4742),#4746);
#4742 = LINE('',#4743,#4744);
#4743 = CARTESIAN_POINT('',(0.322542756623,-0.471149480111));
#4744 = VECTOR('',#4745,1.);
#4745 = DIRECTION('',(-1.,1.387778780781E-17));
#4746 = ( GEOMETRIC_REPRESENTATION_CONTEXT(2) 
PARAMETRIC_REPRESENTATION_CONTEXT() REPRESENTATION_CONTEXT('2D SPACE',''
  ) );
#4747 = ORIENTED_EDGE('',*,*,#4062,.F.);
#4748 = ADVANCED_FACE('',(#4749),#670,.T.);
#4749 = FACE_BOUND('',#4750,.T.);
#4750 = EDGE_LOOP('',(#4751,#4752,#4753,#4774));
#4751 = ORIENTED_EDGE('',*,*,#4727,.F.);
#4752 = ORIENTED_EDGE('',*,*,#654,.F.);
#4753 = ORIENTED_EDGE('',*,*,#4754,.F.);
#4754 = EDGE_CURVE('',#4111,#627,#4755,.T.);
#4755 = SURFACE_CURVE('',#4756,(#4760,#4767),.PCURVE_S1.);
#4756 = LINE('',#4757,#4758);
#4757 = CARTESIAN_POINT('',(2.936131045447,-0.72,1.103329958107));
#4758 = VECTOR('',#4759,1.);
#4759 = DIRECTION('',(0.398867490904,0.90476087088,0.149373663086));
#4760 = PCURVE('',#670,#4761);
#4761 = DEFINITIONAL_REPRESENTATION('',(#4762),#4766);
#4762 = LINE('',#4763,#4764);
#4763 = CARTESIAN_POINT('',(-0.639674082527,0.64049044684));
#4764 = VECTOR('',#4765,1.);
#4765 = DIRECTION('',(0.988292209088,0.15257296437));
#4766 = ( GEOMETRIC_REPRESENTATION_CONTEXT(2) 
PARAMETRIC_REPRESENTATION_CONTEXT() REPRESENTATION_CONTEXT('2D SPACE',''
  ) );
#4767 = PCURVE('',#642,#4768);
#4768 = DEFINITIONAL_REPRESENTATION('',(#4769),#4773);
#4769 = LINE('',#4770,#4771);
#4770 = CARTESIAN_POINT('',(-0.396884879329,0.28428210014));
#4771 = VECTOR('',#4772,1.);
#4772 = DIRECTION('',(-0.127568819327,-0.991829721442));
#4773 = ( GEOMETRIC_REPRESENTATION_CONTEXT(2) 
PARAMETRIC_REPRESENTATION_CONTEXT() REPRESENTATION_CONTEXT('2D SPACE',''
  ) );
#4774 = ORIENTED_EDGE('',*,*,#4110,.F.);
#4775 = ADVANCED_FACE('',(#4776),#642,.T.);
#4776 = FACE_BOUND('',#4777,.T.);
#4777 = EDGE_LOOP('',(#4778,#4779,#4800,#4801));
#4778 = ORIENTED_EDGE('',*,*,#626,.F.);
#4779 = ORIENTED_EDGE('',*,*,#4780,.F.);
#4780 = EDGE_CURVE('',#4160,#599,#4781,.T.);
#4781 = SURFACE_CURVE('',#4782,(#4786,#4793),.PCURVE_S1.);
#4782 = LINE('',#4783,#4784);
#4783 = CARTESIAN_POINT('',(2.232025863321,-0.72,2.005872698345));
#4784 = VECTOR('',#4785,1.);
#4785 = DIRECTION('',(0.304583365536,0.911809532584,0.275376741444));
#4786 = PCURVE('',#642,#4787);
#4787 = DEFINITIONAL_REPRESENTATION('',(#4788),#4792);
#4788 = LINE('',#4789,#4790);
#4789 = CARTESIAN_POINT('',(0.747819233292,0.28428210014));
#4790 = VECTOR('',#4791,1.);
#4791 = DIRECTION('',(2.977236858076E-02,-0.999556704779));
#4792 = ( GEOMETRIC_REPRESENTATION_CONTEXT(2) 
PARAMETRIC_REPRESENTATION_CONTEXT() REPRESENTATION_CONTEXT('2D SPACE',''
  ) );
#4793 = PCURVE('',#614,#4794);
#4794 = DEFINITIONAL_REPRESENTATION('',(#4795),#4799);
#4795 = LINE('',#4796,#4797);
#4796 = CARTESIAN_POINT('',(0.697003026193,-0.569130468559));
#4797 = VECTOR('',#4798,1.);
#4798 = DIRECTION('',(0.118323006179,0.992975158908));
#4799 = ( GEOMETRIC_REPRESENTATION_CONTEXT(2) 
PARAMETRIC_REPRESENTATION_CONTEXT() REPRESENTATION_CONTEXT('2D SPACE',''
  ) );
#4800 = ORIENTED_EDGE('',*,*,#4159,.T.);
#4801 = ORIENTED_EDGE('',*,*,#4754,.T.);
#4802 = ADVANCED_FACE('',(#4803),#614,.T.);
#4803 = FACE_BOUND('',#4804,.T.);
#4804 = EDGE_LOOP('',(#4805,#4826,#4827,#4828));
#4805 = ORIENTED_EDGE('',*,*,#4806,.T.);
#4806 = EDGE_CURVE('',#571,#3380,#4807,.T.);
#4807 = SURFACE_CURVE('',#4808,(#4812,#4819),.PCURVE_S1.);
#4808 = LINE('',#4809,#4810);
#4809 = CARTESIAN_POINT('',(1.360916777974,5.E-02,2.920010193988));
#4810 = VECTOR('',#4811,1.);
#4811 = DIRECTION('',(-0.165834032361,-0.917321150797,-0.361968203039));
#4812 = PCURVE('',#614,#4813);
#4813 = DEFINITIONAL_REPRESENTATION('',(#4814),#4818);
#4814 = LINE('',#4815,#4816);
#4815 = CARTESIAN_POINT('',(-0.521284785738,0.269411842128));
#4816 = VECTOR('',#4817,1.);
#4817 = DIRECTION('',(4.521234083794E-02,-0.998977399262));
#4818 = ( GEOMETRIC_REPRESENTATION_CONTEXT(2) 
PARAMETRIC_REPRESENTATION_CONTEXT() REPRESENTATION_CONTEXT('2D SPACE',''
  ) );
#4819 = PCURVE('',#586,#4820);
#4820 = DEFINITIONAL_REPRESENTATION('',(#4821),#4825);
#4821 = LINE('',#4822,#4823);
#4822 = CARTESIAN_POINT('',(0.23158118543,-0.564273132644));
#4823 = VECTOR('',#4824,1.);
#4824 = DIRECTION('',(-0.985864190105,0.167546407505));
#4825 = ( GEOMETRIC_REPRESENTATION_CONTEXT(2) 
PARAMETRIC_REPRESENTATION_CONTEXT() REPRESENTATION_CONTEXT('2D SPACE',''
  ) );
#4826 = ORIENTED_EDGE('',*,*,#4390,.T.);
#4827 = ORIENTED_EDGE('',*,*,#4780,.T.);
#4828 = ORIENTED_EDGE('',*,*,#598,.F.);
#4829 = ADVANCED_FACE('',(#4830),#586,.T.);
#4830 = FACE_BOUND('',#4831,.T.);
#4831 = EDGE_LOOP('',(#4832,#4833,#4854,#4855));
#4832 = ORIENTED_EDGE('',*,*,#570,.F.);
#4833 = ORIENTED_EDGE('',*,*,#4834,.F.);
#4834 = EDGE_CURVE('',#3326,#543,#4835,.T.);
#4835 = SURFACE_CURVE('',#4836,(#4840,#4847),.PCURVE_S1.);
#4836 = LINE('',#4837,#4838);
#4837 = CARTESIAN_POINT('',(3.E-02,-0.72,2.802593785241));
#4838 = VECTOR('',#4839,1.);
#4839 = DIRECTION('',(2.904983398291E-17,0.921034903364,0.389480046709)
  );
#4840 = PCURVE('',#586,#4841);
#4841 = DEFINITIONAL_REPRESENTATION('',(#4842),#4846);
#4842 = LINE('',#4843,#4844);
#4843 = CARTESIAN_POINT('',(-0.523347038524,0.780386474697));
#4844 = VECTOR('',#4845,1.);
#4845 = DIRECTION('',(1.,-6.938893903907E-18));
#4846 = ( GEOMETRIC_REPRESENTATION_CONTEXT(2) 
PARAMETRIC_REPRESENTATION_CONTEXT() REPRESENTATION_CONTEXT('2D SPACE',''
  ) );
#4847 = PCURVE('',#558,#4848);
#4848 = DEFINITIONAL_REPRESENTATION('',(#4849),#4853);
#4849 = LINE('',#4850,#4851);
#4850 = CARTESIAN_POINT('',(-0.246228995951,-0.458135589731));
#4851 = VECTOR('',#4852,1.);
#4852 = DIRECTION('',(1.,-4.857225732735E-17));
#4853 = ( GEOMETRIC_REPRESENTATION_CONTEXT(2) 
PARAMETRIC_REPRESENTATION_CONTEXT() REPRESENTATION_CONTEXT('2D SPACE',''
  ) );
#4854 = ORIENTED_EDGE('',*,*,#3407,.F.);
#4855 = ORIENTED_EDGE('',*,*,#4806,.F.);
#4856 = ADVANCED_FACE('',(#4857),#558,.T.);
#4857 = FACE_BOUND('',#4858,.T.);
#4858 = EDGE_LOOP('',(#4859,#4860,#4861,#4862));
#4859 = ORIENTED_EDGE('',*,*,#3353,.F.);
#4860 = ORIENTED_EDGE('',*,*,#4834,.T.);
#4861 = ORIENTED_EDGE('',*,*,#542,.F.);
#4862 = ORIENTED_EDGE('',*,*,#4863,.F.);
#4863 = EDGE_CURVE('',#3216,#515,#4864,.T.);
#4864 = SURFACE_CURVE('',#4865,(#4869,#4876),.PCURVE_S1.);
#4865 = LINE('',#4866,#4867);
#4866 = CARTESIAN_POINT('',(-1.15438107901,-0.72,2.600164726323));
#4867 = VECTOR('',#4868,1.);
#4868 = DIRECTION('',(-0.164973931969,0.918214670642,0.360090850189));
#4869 = PCURVE('',#558,#4870);
#4870 = DEFINITIONAL_REPRESENTATION('',(#4871),#4875);
#4871 = LINE('',#4872,#4873);
#4872 = CARTESIAN_POINT('',(-0.325071075274,0.740830627783));
#4873 = VECTOR('',#4874,1.);
#4874 = DIRECTION('',(0.985955961593,0.167005514278));
#4875 = ( GEOMETRIC_REPRESENTATION_CONTEXT(2) 
PARAMETRIC_REPRESENTATION_CONTEXT() REPRESENTATION_CONTEXT('2D SPACE',''
  ) );
#4876 = PCURVE('',#530,#4877);
#4877 = DEFINITIONAL_REPRESENTATION('',(#4878),#4882);
#4878 = LINE('',#4879,#4880);
#4879 = CARTESIAN_POINT('',(0.505015576407,-0.569062770948));
#4880 = VECTOR('',#4881,1.);
#4881 = DIRECTION('',(2.235841117134E-02,0.99975001948));
#4882 = ( GEOMETRIC_REPRESENTATION_CONTEXT(2) 
PARAMETRIC_REPRESENTATION_CONTEXT() REPRESENTATION_CONTEXT('2D SPACE',''
  ) );
#4883 = ADVANCED_FACE('',(#4884),#530,.T.);
#4884 = FACE_BOUND('',#4885,.T.);
#4885 = EDGE_LOOP('',(#4886,#4887,#4908,#4909));
#4886 = ORIENTED_EDGE('',*,*,#514,.F.);
#4887 = ORIENTED_EDGE('',*,*,#4888,.F.);
#4888 = EDGE_CURVE('',#3140,#487,#4889,.T.);
#4889 = SURFACE_CURVE('',#4890,(#4894,#4901),.PCURVE_S1.);
#4890 = LINE('',#4891,#4892);
#4891 = CARTESIAN_POINT('',(-2.211536624916,-0.72,2.041594756773));
#4892 = VECTOR('',#4893,1.);
#4893 = DIRECTION('',(-0.309106405192,0.909039024905,0.279466064968));
#4894 = PCURVE('',#530,#4895);
#4895 = DEFINITIONAL_REPRESENTATION('',(#4896),#4900);
#4896 = LINE('',#4897,#4898);
#4897 = CARTESIAN_POINT('',(-0.69063414618,-0.569062770948));
#4898 = VECTOR('',#4899,1.);
#4899 = DIRECTION('',(-0.14274431374,0.989759597526));
#4900 = ( GEOMETRIC_REPRESENTATION_CONTEXT(2) 
PARAMETRIC_REPRESENTATION_CONTEXT() REPRESENTATION_CONTEXT('2D SPACE',''
  ) );
#4901 = PCURVE('',#502,#4902);
#4902 = DEFINITIONAL_REPRESENTATION('',(#4903),#4907);
#4903 = LINE('',#4904,#4905);
#4904 = CARTESIAN_POINT('',(-0.725285233651,0.574272477608));
#4905 = VECTOR('',#4906,1.);
#4906 = DIRECTION('',(-4.666367841501E-02,-0.998910657225));
#4907 = ( GEOMETRIC_REPRESENTATION_CONTEXT(2) 
PARAMETRIC_REPRESENTATION_CONTEXT() REPRESENTATION_CONTEXT('2D SPACE',''
  ) );
#4908 = ORIENTED_EDGE('',*,*,#3215,.T.);
#4909 = ORIENTED_EDGE('',*,*,#4863,.T.);
#4910 = ADVANCED_FACE('',(#4911),#502,.T.);
#4911 = FACE_BOUND('',#4912,.T.);
#4912 = EDGE_LOOP('',(#4913,#4914,#4915,#4916,#4917,#4918));
#4913 = ORIENTED_EDGE('',*,*,#2788,.T.);
#4914 = ORIENTED_EDGE('',*,*,#1720,.T.);
#4915 = ORIENTED_EDGE('',*,*,#3139,.T.);
#4916 = ORIENTED_EDGE('',*,*,#4888,.T.);
#4917 = ORIENTED_EDGE('',*,*,#486,.F.);
#4918 = ORIENTED_EDGE('',*,*,#4919,.T.);
#4919 = EDGE_CURVE('',#464,#2789,#4920,.T.);
#4920 = SURFACE_CURVE('',#4921,(#4925,#4932),.PCURVE_S1.);
#4921 = LINE('',#4922,#4923);
#4922 = CARTESIAN_POINT('',(-3.521305374485,1.523657811431,1.97));
#4923 = VECTOR('',#4924,1.);
#4924 = DIRECTION('',(-0.489164938347,0.872191299597,0.));
#4925 = PCURVE('',#502,#4926);
#4926 = DEFINITIONAL_REPRESENTATION('',(#4927),#4931);
#4927 = LINE('',#4928,#4929);
#4928 = CARTESIAN_POINT('',(9.693708387406E-02,-1.89120330242));
#4929 = VECTOR('',#4930,1.);
#4930 = DIRECTION('',(0.285361348581,-0.958420002262));
#4931 = ( GEOMETRIC_REPRESENTATION_CONTEXT(2) 
PARAMETRIC_REPRESENTATION_CONTEXT() REPRESENTATION_CONTEXT('2D SPACE',''
  ) );
#4932 = PCURVE('',#324,#4933);
#4933 = DEFINITIONAL_REPRESENTATION('',(#4934),#4937);
#4934 = B_SPLINE_CURVE_WITH_KNOTS('',1,(#4935,#4936),.UNSPECIFIED.,.F.,
  .F.,(2,2),(-1.746930761789,-1.689603888633),.PIECEWISE_BEZIER_KNOTS.);
#4935 = CARTESIAN_POINT('',(7.333231903902,2.22044604925E-16));
#4936 = CARTESIAN_POINT('',(7.305189607529,5.E-02));
#4937 = ( GEOMETRIC_REPRESENTATION_CONTEXT(2) 
PARAMETRIC_REPRESENTATION_CONTEXT() REPRESENTATION_CONTEXT('2D SPACE',''
  ) );
#4938 = ADVANCED_FACE('',(#4939),#324,.T.);
#4939 = FACE_BOUND('',#4940,.T.);
#4940 = EDGE_LOOP('',(#4941,#4942,#4943,#4944,#4945,#4966,#4967));
#4941 = ORIENTED_EDGE('',*,*,#4919,.F.);
#4942 = ORIENTED_EDGE('',*,*,#463,.T.);
#4943 = ORIENTED_EDGE('',*,*,#417,.F.);
#4944 = ORIENTED_EDGE('',*,*,#308,.F.);
#4945 = ORIENTED_EDGE('',*,*,#4946,.T.);
#4946 = EDGE_CURVE('',#281,#2742,#4947,.T.);
#4947 = SURFACE_CURVE('',#4948,(#4952,#4959),.PCURVE_S1.);
#4948 = LINE('',#4949,#4950);
#4949 = CARTESIAN_POINT('',(-2.662384653508,2.23,1.97));
#4950 = VECTOR('',#4951,1.);
#4951 = DIRECTION('',(-0.265104210242,-0.964219766294,0.));
#4952 = PCURVE('',#324,#4953);
#4953 = DEFINITIONAL_REPRESENTATION('',(#4954),#4958);
#4954 = LINE('',#4955,#4956);
#4955 = CARTESIAN_POINT('',(7.337615346492,2.23));
#4956 = VECTOR('',#4957,1.);
#4957 = DIRECTION('',(-0.265104210242,-0.964219766294));
#4958 = ( GEOMETRIC_REPRESENTATION_CONTEXT(2) 
PARAMETRIC_REPRESENTATION_CONTEXT() REPRESENTATION_CONTEXT('2D SPACE',''
  ) );
#4959 = PCURVE('',#296,#4960);
#4960 = DEFINITIONAL_REPRESENTATION('',(#4961),#4965);
#4961 = LINE('',#4962,#4963);
#4962 = CARTESIAN_POINT('',(-0.157995409393,-0.525816210126));
#4963 = VECTOR('',#4964,1.);
#4964 = DIRECTION('',(0.154652324848,0.987968956202));
#4965 = ( GEOMETRIC_REPRESENTATION_CONTEXT(2) 
PARAMETRIC_REPRESENTATION_CONTEXT() REPRESENTATION_CONTEXT('2D SPACE',''
  ) );
#4966 = ORIENTED_EDGE('',*,*,#2741,.T.);
#4967 = ORIENTED_EDGE('',*,*,#2811,.T.);
#4968 = ADVANCED_FACE('',(#4969),#296,.T.);
#4969 = FACE_BOUND('',#4970,.T.);
#4970 = EDGE_LOOP('',(#4971,#4972,#4973,#4974));
#4971 = ORIENTED_EDGE('',*,*,#2764,.F.);
#4972 = ORIENTED_EDGE('',*,*,#4946,.F.);
#4973 = ORIENTED_EDGE('',*,*,#280,.T.);
#4974 = ORIENTED_EDGE('',*,*,#4975,.T.);
#4975 = EDGE_CURVE('',#253,#2660,#4976,.T.);
#4976 = SURFACE_CURVE('',#4977,(#4981,#4988),.PCURVE_S1.);
#4977 = LINE('',#4978,#4979);
#4978 = CARTESIAN_POINT('',(-3.198227240473,2.23,1.223953196687));
#4979 = VECTOR('',#4980,1.);
#4980 = DIRECTION('',(-0.211088096491,-0.974265212409,7.905132136805E-02
    ));
#4981 = PCURVE('',#296,#4982);
#4982 = DEFINITIONAL_REPRESENTATION('',(#4983),#4987);
#4983 = LINE('',#4984,#4985);
#4984 = CARTESIAN_POINT('',(0.760543163961,-0.525816210126));
#4985 = VECTOR('',#4986,1.);
#4986 = DIRECTION('',(5.893492953629E-02,0.998261826417));
#4987 = ( GEOMETRIC_REPRESENTATION_CONTEXT(2) 
PARAMETRIC_REPRESENTATION_CONTEXT() REPRESENTATION_CONTEXT('2D SPACE',''
  ) );
#4988 = PCURVE('',#268,#4989);
#4989 = DEFINITIONAL_REPRESENTATION('',(#4990),#4994);
#4990 = LINE('',#4991,#4992);
#4991 = CARTESIAN_POINT('',(-0.264227519453,0.455428334689));
#4992 = VECTOR('',#4993,1.);
#4993 = DIRECTION('',(0.996802655272,7.990285629186E-02));
#4994 = ( GEOMETRIC_REPRESENTATION_CONTEXT(2) 
PARAMETRIC_REPRESENTATION_CONTEXT() REPRESENTATION_CONTEXT('2D SPACE',''
  ) );
#4995 = ADVANCED_FACE('',(#4996),#268,.T.);
#4996 = FACE_BOUND('',#4997,.T.);
#4997 = EDGE_LOOP('',(#4998,#4999,#5000,#5021));
#4998 = ORIENTED_EDGE('',*,*,#4975,.F.);
#4999 = ORIENTED_EDGE('',*,*,#252,.F.);
#5000 = ORIENTED_EDGE('',*,*,#5001,.T.);
#5001 = EDGE_CURVE('',#225,#2584,#5002,.T.);
#5002 = SURFACE_CURVE('',#5003,(#5007,#5014),.PCURVE_S1.);
#5003 = LINE('',#5004,#5005);
#5004 = CARTESIAN_POINT('',(-3.380754756182,2.23,1.5E-02));
#5005 = VECTOR('',#5006,1.);
#5006 = DIRECTION('',(-0.223142431075,-0.974785851074,2.480109719865E-17
    ));
#5007 = PCURVE('',#268,#5008);
#5008 = DEFINITIONAL_REPRESENTATION('',(#5009),#5013);
#5009 = LINE('',#5010,#5011);
#5010 = CARTESIAN_POINT('',(-0.223497885859,-0.766547615449));
#5011 = VECTOR('',#5012,1.);
#5012 = DIRECTION('',(1.,-1.22861703642E-16));
#5013 = ( GEOMETRIC_REPRESENTATION_CONTEXT(2) 
PARAMETRIC_REPRESENTATION_CONTEXT() REPRESENTATION_CONTEXT('2D SPACE',''
  ) );
#5014 = PCURVE('',#240,#5015);
#5015 = DEFINITIONAL_REPRESENTATION('',(#5016),#5020);
#5016 = LINE('',#5017,#5018);
#5017 = CARTESIAN_POINT('',(-0.214427516285,0.759496700694));
#5018 = VECTOR('',#5019,1.);
#5019 = DIRECTION('',(1.,1.838763927016E-16));
#5020 = ( GEOMETRIC_REPRESENTATION_CONTEXT(2) 
PARAMETRIC_REPRESENTATION_CONTEXT() REPRESENTATION_CONTEXT('2D SPACE',''
  ) );
#5021 = ORIENTED_EDGE('',*,*,#2687,.F.);
#5022 = ADVANCED_FACE('',(#5023),#240,.T.);
#5023 = FACE_BOUND('',#5024,.T.);
#5024 = EDGE_LOOP('',(#5025,#5026,#5047,#5048));
#5025 = ORIENTED_EDGE('',*,*,#224,.F.);
#5026 = ORIENTED_EDGE('',*,*,#5027,.F.);
#5027 = EDGE_CURVE('',#2485,#197,#5028,.T.);
#5028 = SURFACE_CURVE('',#5029,(#5033,#5040),.PCURVE_S1.);
#5029 = LINE('',#5030,#5031);
#5030 = CARTESIAN_POINT('',(-3.292263363796,1.48,-1.229169203314));
#5031 = VECTOR('',#5032,1.);
#5032 = DIRECTION('',(0.207036387459,0.975256077345,7.753397880766E-02)
  );
#5033 = PCURVE('',#240,#5034);
#5034 = DEFINITIONAL_REPRESENTATION('',(#5035),#5039);
#5035 = LINE('',#5036,#5037);
#5036 = CARTESIAN_POINT('',(0.496915687594,-0.510258621917));
#5037 = VECTOR('',#5038,1.);
#5038 = DIRECTION('',(-0.996864428188,7.912845134884E-02));
#5039 = ( GEOMETRIC_REPRESENTATION_CONTEXT(2) 
PARAMETRIC_REPRESENTATION_CONTEXT() REPRESENTATION_CONTEXT('2D SPACE',''
  ) );
#5040 = PCURVE('',#212,#5041);
#5041 = DEFINITIONAL_REPRESENTATION('',(#5042),#5046);
#5042 = LINE('',#5043,#5044);
#5043 = CARTESIAN_POINT('',(-0.812344618495,0.52102731961));
#5044 = VECTOR('',#5045,1.);
#5045 = DIRECTION('',(5.506766344816E-02,-0.998482625008));
#5046 = ( GEOMETRIC_REPRESENTATION_CONTEXT(2) 
PARAMETRIC_REPRESENTATION_CONTEXT() REPRESENTATION_CONTEXT('2D SPACE',''
  ) );
#5047 = ORIENTED_EDGE('',*,*,#2611,.F.);
#5048 = ORIENTED_EDGE('',*,*,#5001,.F.);
#5049 = ADVANCED_FACE('',(#5050),#212,.T.);
#5050 = FACE_BOUND('',#5051,.T.);
#5051 = EDGE_LOOP('',(#5052,#5073,#5074,#5075));
#5052 = ORIENTED_EDGE('',*,*,#5053,.F.);
#5053 = EDGE_CURVE('',#2409,#169,#5054,.T.);
#5054 = SURFACE_CURVE('',#5055,(#5059,#5066),.PCURVE_S1.);
#5055 = LINE('',#5056,#5057);
#5056 = CARTESIAN_POINT('',(-2.538622460135,1.48,-2.307316196834));
#5057 = VECTOR('',#5058,1.);
#5058 = DIRECTION('',(0.160256165932,0.976383684551,0.144889136322));
#5059 = PCURVE('',#212,#5060);
#5060 = DEFINITIONAL_REPRESENTATION('',(#5061),#5065);
#5061 = LINE('',#5062,#5063);
#5062 = CARTESIAN_POINT('',(0.50309278074,0.52102731961));
#5063 = VECTOR('',#5064,1.);
#5064 = DIRECTION('',(-2.693870877462E-02,-0.999637087132));
#5065 = ( GEOMETRIC_REPRESENTATION_CONTEXT(2) 
PARAMETRIC_REPRESENTATION_CONTEXT() REPRESENTATION_CONTEXT('2D SPACE',''
  ) );
#5066 = PCURVE('',#184,#5067);
#5067 = DEFINITIONAL_REPRESENTATION('',(#5068),#5072);
#5068 = LINE('',#5069,#5070);
#5069 = CARTESIAN_POINT('',(0.848187451924,-0.522440437889));
#5070 = VECTOR('',#5071,1.);
#5071 = DIRECTION('',(-6.224528923279E-02,0.998060881895));
#5072 = ( GEOMETRIC_REPRESENTATION_CONTEXT(2) 
PARAMETRIC_REPRESENTATION_CONTEXT() REPRESENTATION_CONTEXT('2D SPACE',''
  ) );
#5073 = ORIENTED_EDGE('',*,*,#2484,.F.);
#5074 = ORIENTED_EDGE('',*,*,#5027,.T.);
#5075 = ORIENTED_EDGE('',*,*,#196,.T.);
#5076 = ADVANCED_FACE('',(#5077),#184,.T.);
#5077 = FACE_BOUND('',#5078,.T.);
#5078 = EDGE_LOOP('',(#5079,#5080,#5101,#5102));
#5079 = ORIENTED_EDGE('',*,*,#168,.T.);
#5080 = ORIENTED_EDGE('',*,*,#5081,.F.);
#5081 = EDGE_CURVE('',#2328,#141,#5082,.T.);
#5082 = SURFACE_CURVE('',#5083,(#5087,#5094),.PCURVE_S1.);
#5083 = LINE('',#5084,#5085);
#5084 = CARTESIAN_POINT('',(-1.360142693466,1.48,-3.019283407085));
#5085 = VECTOR('',#5086,1.);
#5086 = DIRECTION('',(8.687500896915E-02,0.978006006976,0.189623266334)
  );
#5087 = PCURVE('',#184,#5088);
#5088 = DEFINITIONAL_REPRESENTATION('',(#5089),#5093);
#5089 = LINE('',#5090,#5091);
#5090 = CARTESIAN_POINT('',(-0.528661076027,-0.522440437889));
#5091 = VECTOR('',#5092,1.);
#5092 = DIRECTION('',(2.369549516079E-02,0.999719222336));
#5093 = ( GEOMETRIC_REPRESENTATION_CONTEXT(2) 
PARAMETRIC_REPRESENTATION_CONTEXT() REPRESENTATION_CONTEXT('2D SPACE',''
  ) );
#5094 = PCURVE('',#156,#5095);
#5095 = DEFINITIONAL_REPRESENTATION('',(#5096),#5100);
#5096 = LINE('',#5097,#5098);
#5097 = CARTESIAN_POINT('',(0.499164401613,0.581288895122));
#5098 = VECTOR('',#5099,1.);
#5099 = DIRECTION('',(-0.996069535779,-8.85747136263E-02));
#5100 = ( GEOMETRIC_REPRESENTATION_CONTEXT(2) 
PARAMETRIC_REPRESENTATION_CONTEXT() REPRESENTATION_CONTEXT('2D SPACE',''
  ) );
#5101 = ORIENTED_EDGE('',*,*,#2438,.F.);
#5102 = ORIENTED_EDGE('',*,*,#5053,.T.);
#5103 = ADVANCED_FACE('',(#5104),#156,.T.);
#5104 = FACE_BOUND('',#5105,.T.);
#5105 = EDGE_LOOP('',(#5106,#5107,#5108,#5129));
#5106 = ORIENTED_EDGE('',*,*,#5081,.T.);
#5107 = ORIENTED_EDGE('',*,*,#140,.T.);
#5108 = ORIENTED_EDGE('',*,*,#5109,.F.);
#5109 = EDGE_CURVE('',#2330,#113,#5110,.T.);
#5110 = SURFACE_CURVE('',#5111,(#5115,#5122),.PCURVE_S1.);
#5111 = LINE('',#5112,#5113);
#5112 = CARTESIAN_POINT('',(3.E-02,1.48,-3.3017509511));
#5113 = VECTOR('',#5114,1.);
#5114 = DIRECTION('',(4.072869901513E-17,0.978270686442,0.207331772888)
  );
#5115 = PCURVE('',#156,#5116);
#5116 = DEFINITIONAL_REPRESENTATION('',(#5117),#5121);
#5117 = LINE('',#5118,#5119);
#5118 = CARTESIAN_POINT('',(0.557728898297,-0.83605186184));
#5119 = VECTOR('',#5120,1.);
#5120 = DIRECTION('',(-1.,6.938893903907E-18));
#5121 = ( GEOMETRIC_REPRESENTATION_CONTEXT(2) 
PARAMETRIC_REPRESENTATION_CONTEXT() REPRESENTATION_CONTEXT('2D SPACE',''
  ) );
#5122 = PCURVE('',#128,#5123);
#5123 = DEFINITIONAL_REPRESENTATION('',(#5124),#5128);
#5124 = LINE('',#5125,#5126);
#5125 = CARTESIAN_POINT('',(0.544216143664,0.536933098719));
#5126 = VECTOR('',#5127,1.);
#5127 = DIRECTION('',(-1.,-2.081668171172E-17));
#5128 = ( GEOMETRIC_REPRESENTATION_CONTEXT(2) 
PARAMETRIC_REPRESENTATION_CONTEXT() REPRESENTATION_CONTEXT('2D SPACE',''
  ) );
#5129 = ORIENTED_EDGE('',*,*,#2327,.F.);
#5130 = ADVANCED_FACE('',(#5131),#128,.T.);
#5131 = FACE_BOUND('',#5132,.T.);
#5132 = EDGE_LOOP('',(#5133,#5134,#5135,#5156));
#5133 = ORIENTED_EDGE('',*,*,#5109,.T.);
#5134 = ORIENTED_EDGE('',*,*,#112,.T.);
#5135 = ORIENTED_EDGE('',*,*,#5136,.F.);
#5136 = EDGE_CURVE('',#2858,#85,#5137,.T.);
#5137 = SURFACE_CURVE('',#5138,(#5142,#5149),.PCURVE_S1.);
#5138 = LINE('',#5139,#5140);
#5139 = CARTESIAN_POINT('',(1.428678668932,1.48,-3.037914997094));
#5140 = VECTOR('',#5141,1.);
#5141 = DIRECTION('',(-8.738504088047E-02,0.977744053724,0.190736519939)
  );
#5142 = PCURVE('',#128,#5143);
#5143 = DEFINITIONAL_REPRESENTATION('',(#5144),#5148);
#5144 = LINE('',#5145,#5146);
#5145 = CARTESIAN_POINT('',(0.489514567568,-0.885360530291));
#5146 = VECTOR('',#5147,1.);
#5147 = DIRECTION('',(-0.996044087434,8.886042925787E-02));
#5148 = ( GEOMETRIC_REPRESENTATION_CONTEXT(2) 
PARAMETRIC_REPRESENTATION_CONTEXT() REPRESENTATION_CONTEXT('2D SPACE',''
  ) );
#5149 = PCURVE('',#100,#5150);
#5150 = DEFINITIONAL_REPRESENTATION('',(#5151),#5155);
#5151 = LINE('',#5152,#5153);
#5152 = CARTESIAN_POINT('',(0.529492852306,-0.521634211699));
#5153 = VECTOR('',#5154,1.);
#5154 = DIRECTION('',(-3.59800496574E-02,0.999352508391));
#5155 = ( GEOMETRIC_REPRESENTATION_CONTEXT(2) 
PARAMETRIC_REPRESENTATION_CONTEXT() REPRESENTATION_CONTEXT('2D SPACE',''
  ) );
#5156 = ORIENTED_EDGE('',*,*,#2909,.F.);
#5157 = ADVANCED_FACE('',(#5158),#100,.T.);
#5158 = FACE_BOUND('',#5159,.T.);
#5159 = EDGE_LOOP('',(#5160,#5181,#5182,#5183));
#5160 = ORIENTED_EDGE('',*,*,#5161,.F.);
#5161 = EDGE_CURVE('',#2936,#57,#5162,.T.);
#5162 = SURFACE_CURVE('',#5163,(#5167,#5174),.PCURVE_S1.);
#5163 = LINE('',#5164,#5165);
#5164 = CARTESIAN_POINT('',(2.29,1.48,-2.446178396907));
#5165 = VECTOR('',#5166,1.);
#5166 = DIRECTION('',(0.,0.968647813996,0.24843794485));
#5167 = PCURVE('',#100,#5168);
#5168 = DEFINITIONAL_REPRESENTATION('',(#5169),#5173);
#5169 = LINE('',#5170,#5171);
#5170 = CARTESIAN_POINT('',(-0.515507932074,-0.521634211699));
#5171 = VECTOR('',#5172,1.);
#5172 = DIRECTION('',(-0.140679152629,0.990055238871));
#5173 = ( GEOMETRIC_REPRESENTATION_CONTEXT(2) 
PARAMETRIC_REPRESENTATION_CONTEXT() REPRESENTATION_CONTEXT('2D SPACE',''
  ) );
#5174 = PCURVE('',#72,#5175);
#5175 = DEFINITIONAL_REPRESENTATION('',(#5176),#5180);
#5176 = LINE('',#5177,#5178);
#5177 = CARTESIAN_POINT('',(7.553821603093,-1.48));
#5178 = VECTOR('',#5179,1.);
#5179 = DIRECTION('',(0.24843794485,-0.968647813996));
#5180 = ( GEOMETRIC_REPRESENTATION_CONTEXT(2) 
PARAMETRIC_REPRESENTATION_CONTEXT() REPRESENTATION_CONTEXT('2D SPACE',''
  ) );
#5181 = ORIENTED_EDGE('',*,*,#2980,.T.);
#5182 = ORIENTED_EDGE('',*,*,#5136,.T.);
#5183 = ORIENTED_EDGE('',*,*,#84,.T.);
#5184 = ADVANCED_FACE('',(#5185),#72,.T.);
#5185 = FACE_BOUND('',#5186,.T.);
#5186 = EDGE_LOOP('',(#5187,#5206,#5207,#5208,#5209,#5210,#5211));
#5187 = ORIENTED_EDGE('',*,*,#5188,.F.);
#5188 = EDGE_CURVE('',#440,#24,#5189,.T.);
#5189 = SURFACE_CURVE('',#5190,(#5194,#5200),.PCURVE_S1.);
#5190 = LINE('',#5191,#5192);
#5191 = CARTESIAN_POINT('',(2.29,0.,-1.855));
#5192 = VECTOR('',#5193,1.);
#5193 = DIRECTION('',(0.,1.,0.));
#5194 = PCURVE('',#72,#5195);
#5195 = DEFINITIONAL_REPRESENTATION('',(#5196),#5199);
#5196 = B_SPLINE_CURVE_WITH_KNOTS('',1,(#5197,#5198),.UNSPECIFIED.,.F.,
  .F.,(2,2),(0.,2.23),.PIECEWISE_BEZIER_KNOTS.);
#5197 = CARTESIAN_POINT('',(8.145,0.));
#5198 = CARTESIAN_POINT('',(8.145,-2.23));
#5199 = ( GEOMETRIC_REPRESENTATION_CONTEXT(2) 
PARAMETRIC_REPRESENTATION_CONTEXT() REPRESENTATION_CONTEXT('2D SPACE',''
  ) );
#5200 = PCURVE('',#44,#5201);
#5201 = DEFINITIONAL_REPRESENTATION('',(#5202),#5205);
#5202 = B_SPLINE_CURVE_WITH_KNOTS('',1,(#5203,#5204),.UNSPECIFIED.,.F.,
  .F.,(2,2),(0.,2.23),.PIECEWISE_BEZIER_KNOTS.);
#5203 = CARTESIAN_POINT('',(4.495,0.));
#5204 = CARTESIAN_POINT('',(4.495,2.23));
#5205 = ( GEOMETRIC_REPRESENTATION_CONTEXT(2) 
PARAMETRIC_REPRESENTATION_CONTEXT() REPRESENTATION_CONTEXT('2D SPACE',''
  ) );
#5206 = ORIENTED_EDGE('',*,*,#766,.F.);
#5207 = ORIENTED_EDGE('',*,*,#848,.F.);
#5208 = ORIENTED_EDGE('',*,*,#4666,.T.);
#5209 = ORIENTED_EDGE('',*,*,#2933,.T.);
#5210 = ORIENTED_EDGE('',*,*,#5161,.T.);
#5211 = ORIENTED_EDGE('',*,*,#56,.F.);
#5212 = ADVANCED_FACE('',(#5213),#44,.T.);
#5213 = FACE_BOUND('',#5214,.T.);
#5214 = EDGE_LOOP('',(#5215,#5216,#5217,#5218));
#5215 = ORIENTED_EDGE('',*,*,#395,.F.);
#5216 = ORIENTED_EDGE('',*,*,#439,.T.);
#5217 = ORIENTED_EDGE('',*,*,#5188,.T.);
#5218 = ORIENTED_EDGE('',*,*,#21,.F.);
#5219 = ( GEOMETRIC_REPRESENTATION_CONTEXT(3) 
GLOBAL_UNCERTAINTY_ASSIGNED_CONTEXT((#5223)) 
GLOBAL_UNIT_ASSIGNED_CONTEXT((#5220,#5221,#5222)) REPRESENTATION_CONTEXT
('Context #1','3D Context with UNIT and UNCERTAINTY') );
#5220 = ( LENGTH_UNIT() NAMED_UNIT(*) SI_UNIT(.MILLI.,.METRE.) );
#5221 = ( NAMED_UNIT(*) PLANE_ANGLE_UNIT() SI_UNIT($,.RADIAN.) );
#5222 = ( NAMED_UNIT(*) SI_UNIT($,.STERADIAN.) SOLID_ANGLE_UNIT() );
#5223 = UNCERTAINTY_MEASURE_WITH_UNIT(LENGTH_MEASURE(1.E-07),#5220,
  'distance_accuracy_value','confusion accuracy');
#5224 = PRODUCT_RELATED_PRODUCT_CATEGORY('part',$,(#7));
ENDSEC;
END-ISO-10303-21;
